-- phpMyAdmin SQL Dump
-- version 4.6.4
-- https://www.phpmyadmin.net/
--
-- Host: 127.0.0.1
-- Generation Time: 2017-07-31 15:37:11
-- 服务器版本： 5.7.14
-- PHP Version: 5.6.25

SET SQL_MODE = "NO_AUTO_VALUE_ON_ZERO";
SET time_zone = "+00:00";


/*!40101 SET @OLD_CHARACTER_SET_CLIENT=@@CHARACTER_SET_CLIENT */;
/*!40101 SET @OLD_CHARACTER_SET_RESULTS=@@CHARACTER_SET_RESULTS */;
/*!40101 SET @OLD_COLLATION_CONNECTION=@@COLLATION_CONNECTION */;
/*!40101 SET NAMES utf8mb4 */;

--
-- Database: `cktj`
--

-- --------------------------------------------------------

--
-- 表的结构 `jdi_action`
--

CREATE TABLE `jdi_action` (
  `id` int(11) UNSIGNED NOT NULL COMMENT '主键',
  `name` char(30) NOT NULL DEFAULT '' COMMENT '行为唯一标识',
  `title` char(80) NOT NULL DEFAULT '' COMMENT '行为说明',
  `remark` char(140) NOT NULL DEFAULT '' COMMENT '行为描述',
  `rule` text NOT NULL COMMENT '行为规则',
  `log` text NOT NULL COMMENT '日志规则',
  `type` tinyint(2) UNSIGNED NOT NULL DEFAULT '1' COMMENT '类型',
  `status` tinyint(2) NOT NULL DEFAULT '0' COMMENT '状态',
  `update_time` int(11) UNSIGNED NOT NULL DEFAULT '0' COMMENT '修改时间'
) ENGINE=MyISAM DEFAULT CHARSET=utf8 COMMENT='系统行为表' ROW_FORMAT=DYNAMIC;

--
-- 转存表中的数据 `jdi_action`
--

INSERT INTO `jdi_action` (`id`, `name`, `title`, `remark`, `rule`, `log`, `type`, `status`, `update_time`) VALUES
(1, 'user_login', '用户登录', '积分+10，每天一次', 'table:member|field:score|condition:uid={$self} AND status>-1|rule:score+10|cycle:24|max:1;', '[user|get_nickname]在[time|time_format]登录了后台', 1, 1, 1387181220),
(2, 'add_article', '发布文章', '积分+5，每天上限5次', 'table:member|field:score|condition:uid={$self}|rule:score+5|cycle:24|max:5', '', 2, 1, 1380173180),
(3, 'review', '评论', '评论积分+1，无限制', 'table:member|field:score|condition:uid={$self}|rule:score+1', '', 2, 0, 1383285646),
(4, 'add_document', '发表文档', '积分+10，每天上限5次', 'table:member|field:score|condition:uid={$self}|rule:score+10|cycle:24|max:5', '[user|get_nickname]在[time|time_format]发表了一篇文章。\r\n表[model]，记录编号[record]。', 2, 1, 1386139726),
(5, 'add_document_topic', '发表讨论', '积分+5，每天上限10次', 'table:member|field:score|condition:uid={$self}|rule:score+5|cycle:24|max:10', '', 2, -1, 1418542406),
(6, 'update_config', '更新配置', '新增或修改或删除配置', '', '', 1, -1, 1418542415),
(7, 'update_model', '更新模型', '新增或修改模型', '', '', 1, 1, 1383295057),
(8, 'update_attribute', '更新属性', '新增或更新或删除属性', '', '', 1, 1, 1383295963),
(9, 'update_channel', '更新导航', '新增或修改或删除导航', '', '', 1, -1, 1418890941),
(10, 'update_menu', '更新菜单', '新增或修改或删除菜单', '', '', 1, 1, 1383296392),
(11, 'update_category', '更新分类', '新增或修改或删除分类', '', '', 1, -1, 1418540966),
(12, 'update_sports', '更新项目库', '更新项目库', '', '', 1, 1, 1419212751);

-- --------------------------------------------------------

--
-- 表的结构 `jdi_action_log`
--

CREATE TABLE `jdi_action_log` (
  `id` int(10) UNSIGNED NOT NULL COMMENT '主键',
  `action_id` int(10) UNSIGNED NOT NULL DEFAULT '0' COMMENT '行为id',
  `user_id` int(10) UNSIGNED NOT NULL DEFAULT '0' COMMENT '执行用户id',
  `action_ip` bigint(20) NOT NULL COMMENT '执行行为者ip',
  `model` varchar(50) NOT NULL DEFAULT '' COMMENT '触发行为的表',
  `record_id` int(10) UNSIGNED NOT NULL DEFAULT '0' COMMENT '触发行为的数据id',
  `remark` varchar(255) NOT NULL DEFAULT '' COMMENT '日志备注',
  `status` tinyint(2) NOT NULL DEFAULT '1' COMMENT '状态',
  `create_time` int(10) UNSIGNED NOT NULL DEFAULT '0' COMMENT '执行行为的时间'
) ENGINE=MyISAM DEFAULT CHARSET=utf8 COMMENT='行为日志表' ROW_FORMAT=FIXED;

--
-- 转存表中的数据 `jdi_action_log`
--

INSERT INTO `jdi_action_log` (`id`, `action_id`, `user_id`, `action_ip`, `model`, `record_id`, `remark`, `status`, `create_time`) VALUES
(1990, 1, 1, 1008409418, 'member', 1, '开发者在2016-03-30 15:45登录了后台', 1, 1459323940),
(1991, 1, 1, 1008409418, 'member', 1, '开发者在2016-03-30 16:28登录了后台', 1, 1459326501),
(1992, 1, 2, 1008409418, 'member', 2, 'tsw150001在2016-03-30 16:29登录了后台', 1, 1459326540),
(1993, 1, 2, 1872806714, 'member', 2, 'tsw150001在2016-03-30 16:39登录了后台', 1, 1459327149),
(1994, 1, 2313, 1872806714, 'member', 2313, '人社局在2016-03-30 16:40登录了后台', 1, 1459327211),
(1995, 1, 2, 1872806714, 'member', 2, 'tsw150001在2016-03-30 16:48登录了后台', 1, 1459327685),
(1996, 1, 1, 1008409418, 'member', 1, '开发者在2016-03-30 17:01登录了后台', 1, 1459328481),
(1997, 1, 2, 1872806714, 'member', 2, 'tsw150001在2016-03-30 17:24登录了后台', 1, 1459329853),
(1998, 1, 2, 1008409418, 'member', 2, 'tsw150001在2016-03-30 17:54登录了后台', 1, 1459331650),
(1999, 1, 829, 1008409418, 'member', 829, '南开大学在2016-03-30 17:55登录了后台', 1, 1459331711),
(2000, 1, 1, 1963913564, 'member', 1, '开发者在2016-03-30 22:06登录了后台', 1, 1459346790),
(2001, 1, 2, 1963913564, 'member', 2, 'tsw150001在2016-03-30 22:09登录了后台', 1, 1459346942),
(2002, 1, 1, 1963913564, 'member', 1, '开发者在2016-03-30 22:10登录了后台', 1, 1459347008),
(2003, 10, 1, 1963913564, 'Menu', 321, '操作url：/index.php/Admin/Menu/edit.html', 1, 1459347107),
(2004, 1, 1, 1008409418, 'member', 1, '开发者在2016-03-31 09:12登录了后台', 1, 1459386736),
(2005, 1, 1, 1008409418, 'member', 1, '开发者在2016-03-31 09:31登录了后台', 1, 1459387898),
(2006, 1, 1, 1008409418, 'member', 1, '开发者在2016-03-31 09:34登录了后台', 1, 1459388091),
(2007, 1, 2, 1008409418, 'member', 2, 'tsw150001在2016-03-31 09:54登录了后台', 1, 1459389262),
(2008, 1, 2, 1872806714, 'member', 2, 'tsw150001在2016-03-31 10:01登录了后台', 1, 1459389670),
(2009, 1, 2, 1872806714, 'member', 2, 'tsw150001在2016-03-31 13:14登录了后台', 1, 1459401245),
(2010, 1, 2, 1872806714, 'member', 2, 'tsw150001在2016-03-31 13:14登录了后台', 1, 1459401267),
(2011, 1, 1, 1008409418, 'member', 1, '开发者在2016-03-31 13:21登录了后台', 1, 1459401662),
(2012, 1, 2, 1008409418, 'member', 2, 'tsw150001在2016-03-31 13:24登录了后台', 1, 1459401852),
(2013, 1, 768, 1872806714, 'member', 768, 'hp010154340在2016-03-31 13:43登录了后台', 1, 1459403029),
(2014, 1, 768, 1872806714, 'member', 768, 'hp010154340在2016-03-31 13:44登录了后台', 1, 1459403059),
(2015, 1, 2340, 1872806714, 'member', 2340, 'nh150168245在2016-03-31 13:44登录了后台', 1, 1459403081),
(2016, 1, 793, 1872806714, 'member', 793, 'jx180159690在2016-03-31 13:45登录了后台', 1, 1459403124),
(2017, 1, 2338, 1872806714, 'member', 2338, 'bd140167347在2016-03-31 13:46登录了后台', 1, 1459403163),
(2018, 1, 776, 1872806714, 'member', 776, 'wq170151116在2016-03-31 13:46登录了后台', 1, 1459403187),
(2019, 1, 2337, 1872806714, 'member', 2337, 'bc090164138在2016-03-31 13:47登录了后台', 1, 1459403231),
(2020, 1, 827, 1872806714, 'member', 827, 'xq080151133在2016-03-31 13:47登录了后台', 1, 1459403250),
(2021, 1, 827, 1872806714, 'member', 827, 'xq080151133在2016-03-31 13:47登录了后台', 1, 1459403277),
(2022, 1, 2335, 1872806714, 'member', 2335, 'dl070163420在2016-03-31 13:48登录了后台', 1, 1459403299),
(2023, 1, 2333, 1872806714, 'member', 2333, 'hq060162542在2016-03-31 13:48登录了后台', 1, 1459403320),
(2024, 1, 2330, 1872806714, 'member', 2330, 'hd030163339在2016-03-31 13:49登录了后台', 1, 1459403347),
(2025, 1, 2332, 1872806714, 'member', 2332, 'hb040163323在2016-03-31 13:49登录了后台', 1, 1459403383),
(2026, 1, 2331, 1872806714, 'member', 2331, 'nk050164837在2016-03-31 13:50登录了后台', 1, 1459403401),
(2027, 1, 2308, 1872806714, 'member', 2308, 'hx020167867在2016-03-31 13:50登录了后台', 1, 1459403441),
(2028, 1, 768, 1872806714, 'member', 768, 'hp010154340在2016-03-31 13:51登录了后台', 1, 1459403478),
(2029, 1, 2, 1872806714, 'member', 2, 'tsw150001在2016-03-31 13:51登录了后台', 1, 1459403497),
(2030, 1, 2340, 1872806714, 'member', 2340, 'nh150168245在2016-03-31 13:52登录了后台', 1, 1459403548),
(2031, 1, 2, 1872806714, 'member', 2, 'tsw150001在2016-04-05 09:12登录了后台', 1, 1459818728),
(2032, 1, 2341, 1872806714, 'member', 2341, '高新区团委在2016-04-05 09:14登录了后台', 1, 1459818872),
(2033, 1, 2341, 1872806714, 'member', 2341, '滨海高新区团委在2016-04-05 09:16登录了后台', 1, 1459818965),
(2034, 1, 827, 3684050762, 'member', 827, 'xq080151133在2016-04-05 14:03登录了后台', 1, 1459836231),
(2035, 1, 2337, 3661959958, 'member', 2337, 'bc090164138在2016-04-05 15:07登录了后台', 1, 1459840049),
(2036, 1, 2, 1872806714, 'member', 2, 'tsw150001在2016-04-06 11:00登录了后台', 1, 1459911648),
(2037, 1, 2346, 1872806714, 'member', 2346, '青工部在2016-04-06 11:08登录了后台', 1, 1459912129),
(2038, 1, 2346, 1872806714, 'member', 2346, '青工部在2016-04-06 13:56登录了后台', 1, 1459922190),
(2039, 1, 2346, 1872806714, 'member', 2346, '青工部在2016-04-06 15:29登录了后台', 1, 1459927773),
(2040, 1, 1, 1963904495, 'member', 1, '开发者在2016-04-06 17:00登录了后台', 1, 1459933245),
(2041, 1, 1, 1963904495, 'member', 1, '开发者在2016-04-06 17:11登录了后台', 1, 1459933863),
(2042, 1, 2344, 1008220636, 'member', 2344, '中天人力在2016-04-07 10:47登录了后台', 1, 1459997259),
(2043, 1, 2, 1872806714, 'member', 2, 'tsw150001在2016-04-07 15:05登录了后台', 1, 1460012712),
(2044, 1, 2422, 1872806714, 'member', 2422, '开发区人社局在2016-04-07 15:12登录了后台', 1, 1460013160),
(2045, 1, 2, 1872806714, 'member', 2, 'tsw150001在2016-04-07 15:23登录了后台', 1, 1460013790),
(2046, 1, 2338, 3661961622, 'member', 2338, 'bd140167347在2016-04-07 16:51登录了后台', 1, 1460019112),
(2047, 1, 2338, 3661961622, 'member', 2338, 'bd140167347在2016-04-07 17:19登录了后台', 1, 1460020792),
(2048, 1, 2346, 1872806714, 'member', 2346, '青工部在2016-04-08 08:37登录了后台', 1, 1460075855),
(2049, 1, 2344, 3549739201, 'member', 2344, '中天人力在2016-04-08 09:08登录了后台', 1, 1460077696),
(2050, 1, 2344, 3549739201, 'member', 2344, '中天人力在2016-04-08 09:16登录了后台', 1, 1460078207),
(2051, 1, 2, 1872806714, 'member', 2, 'tsw150001在2016-04-08 10:05登录了后台', 1, 1460081116),
(2052, 1, 2343, 1971567171, 'member', 2343, '滨海保税区团委在2016-04-08 14:59登录了后台', 1, 1460098784),
(2053, 1, 2, 1872806714, 'member', 2, 'tsw150001在2016-04-08 15:56登录了后台', 1, 1460102212),
(2054, 1, 1, 1963904495, 'member', 1, '开发者在2016-04-08 15:59登录了后台', 1, 1460102392),
(2055, 1, 829, 1963904495, 'member', 829, '南开大学在2016-04-08 16:04登录了后台', 1, 1460102685),
(2056, 1, 831, 1872806714, 'member', 831, '河北工大在2016-04-08 16:38登录了后台', 1, 1460104695),
(2057, 1, 831, 1872806714, 'member', 831, '河北工大在2016-04-08 16:38登录了后台', 1, 1460104726),
(2058, 1, 1036, 1872806714, 'member', 1036, '中法计在2016-04-08 16:39登录了后台', 1, 1460104776),
(2059, 1, 831, 1872806714, 'member', 831, '河北工大在2016-04-08 16:40登录了后台', 1, 1460104844),
(2060, 1, 2340, 1872873024, 'member', 2340, 'nh150168245在2016-04-11 08:47登录了后台', 1, 1460335634),
(2061, 1, 2334, 3662018659, 'member', 2334, 'bh110167312在2016-04-11 10:21登录了后台', 1, 1460341317),
(2062, 1, 2, 1872806714, 'member', 2, 'tsw150001在2016-04-11 13:25登录了后台', 1, 1460352319),
(2063, 1, 2428, 1872806714, 'member', 2428, '学校部在2016-04-11 13:27登录了后台', 1, 1460352430),
(2064, 1, 2428, 1872806714, 'member', 2428, '学校部在2016-04-11 13:27登录了后台', 1, 1460352466),
(2065, 1, 776, 1872806714, 'member', 776, 'wq170151116在2016-04-11 13:29登录了后台', 1, 1460352569),
(2066, 1, 2, 1872806714, 'member', 2, 'tsw150001在2016-04-11 13:29登录了后台', 1, 1460352594),
(2067, 1, 2425, 1872806714, 'member', 2425, '市工商联在2016-04-11 13:30登录了后台', 1, 1460352632),
(2068, 1, 2, 1872806714, 'member', 2, 'tsw150001在2016-04-11 13:31登录了后台', 1, 1460352690),
(2069, 1, 2428, 1872806714, 'member', 2428, '学校部在2016-04-11 13:31登录了后台', 1, 1460352714),
(2070, 1, 1, 1963904275, 'member', 1, '开发者在2016-04-11 13:49登录了后台', 1, 1460353796),
(2071, 1, 1, 1963904275, 'member', 1, '开发者在2016-04-11 14:01登录了后台', 1, 1460354500),
(2072, 1, 1, 1963904275, 'member', 1, '开发者在2016-04-11 14:02登录了后台', 1, 1460354569),
(2073, 1, 2431, 1963904275, 'member', 2431, '天津时代科技有限公司在2016-04-11 14:07登录了后台', 1, 1460354834),
(2074, 1, 1, 1963904275, 'member', 1, '开发者在2016-04-11 14:18登录了后台', 1, 1460355502),
(2075, 1, 1, 1963904275, 'member', 1, '开发者在2016-04-11 14:25登录了后台', 1, 1460355947),
(2076, 1, 1, 1963904275, 'member', 1, '开发者在2016-04-11 14:35登录了后台', 1, 1460356542),
(2077, 1, 2433, 1963904275, 'member', 2433, '市直属1在2016-04-11 14:38登录了后台', 1, 1460356694),
(2078, 1, 2434, 1963904275, 'member', 2434, '人社局在2016-04-11 14:38登录了后台', 1, 1460356705),
(2079, 1, 2435, 1963904275, 'member', 2435, '市直属2在2016-04-11 14:41登录了后台', 1, 1460356894),
(2080, 1, 2433, 1963904275, 'member', 2433, '市直属1在2016-04-11 14:42登录了后台', 1, 1460356942),
(2081, 1, 1, 1963904275, 'member', 1, '开发者在2016-04-11 14:44登录了后台', 1, 1460357096),
(2082, 1, 2434, 1963904275, 'member', 2434, '人社局在2016-04-11 14:45登录了后台', 1, 1460357126),
(2083, 1, 2433, 1963904275, 'member', 2433, '市直属1在2016-04-11 14:48登录了后台', 1, 1460357303),
(2084, 1, 1, 1963904275, 'member', 1, '开发者在2016-04-11 14:50登录了后台', 1, 1460357406),
(2085, 1, 2433, 1963904275, 'member', 2433, '市直属1在2016-04-11 15:47登录了后台', 1, 1460360835),
(2086, 1, 2433, 1963904275, 'member', 2433, '市直属1在2016-04-11 15:57登录了后台', 1, 1460361452),
(2087, 1, 1, 1963904275, 'member', 1, '开发者在2016-04-11 16:01登录了后台', 1, 1460361719),
(2088, 1, 2437, 1963904275, 'member', 2437, '人力资源与社会保障中心在2016-04-11 16:16登录了后台', 1, 1460362587),
(2089, 1, 1, 1963904275, 'member', 1, '开发者在2016-04-11 16:50登录了后台', 1, 1460364621),
(2090, 1, 2437, 1963904275, 'member', 2437, '人力资源与社会保障中心在2016-04-11 16:52登录了后台', 1, 1460364736),
(2091, 1, 2437, 1963904275, 'member', 2437, '人力资源与社会保障中心在2016-04-11 17:13登录了后台', 1, 1460365996),
(2092, 1, 983, 1963904275, 'member', 983, '化学学院在2016-04-11 17:18登录了后台', 1, 1460366290),
(2093, 1, 1, 1963904275, 'member', 1, '开发者在2016-04-11 17:31登录了后台', 1, 1460367070),
(2094, 1, 2437, 1963904275, 'member', 2437, '人力资源与社会保障中心在2016-04-11 17:31登录了后台', 1, 1460367111),
(2095, 1, 1, 1963904275, 'member', 1, '开发者在2016-04-11 17:32登录了后台', 1, 1460367153),
(2096, 1, 2, 1963904275, 'member', 2, 'tsw150001在2016-04-11 17:46登录了后台', 1, 1460367999),
(2097, 1, 2, 1963904275, 'member', 2, 'tsw150001在2016-04-11 17:49登录了后台', 1, 1460368149),
(2098, 1, 2, 1963904275, 'member', 2, 'tsw150001在2016-04-11 17:50登录了后台', 1, 1460368206),
(2099, 1, 2, 1963904275, 'member', 2, 'tsw150001在2016-04-11 17:54登录了后台', 1, 1460368490),
(2100, 1, 1, 1963904275, 'member', 1, '开发者在2016-04-11 17:59登录了后台', 1, 1460368764),
(2101, 1, 2441, 1963904275, 'member', 2441, '人社局在2016-04-11 18:00登录了后台', 1, 1460368813),
(2102, 1, 1, 1008461708, 'member', 1, '开发者在2016-04-12 09:36登录了后台', 1, 1460425000),
(2103, 1, 2441, 1008461708, 'member', 2441, '人社局在2016-04-12 09:37登录了后台', 1, 1460425024),
(2104, 1, 983, 1008461708, 'member', 983, '化学学院在2016-04-12 09:44登录了后台', 1, 1460425489),
(2105, 1, 2425, 1008480882, 'member', 2425, '市工商联在2016-04-12 10:17登录了后台', 1, 1460427458),
(2106, 1, 1, 1008461708, 'member', 1, '开发者在2016-04-12 10:24登录了后台', 1, 1460427884),
(2107, 1, 2441, 1008461708, 'member', 2441, '人社局在2016-04-12 10:25登录了后台', 1, 1460427928),
(2108, 1, 1, 1008461708, 'member', 1, '开发者在2016-04-12 10:31登录了后台', 1, 1460428283),
(2109, 1, 2337, 3661959958, 'member', 2337, 'bc090164138在2016-04-12 10:40登录了后台', 1, 1460428820),
(2110, 1, 2334, 3661959958, 'member', 2334, 'bh110167312在2016-04-12 10:41登录了后台', 1, 1460428894),
(2111, 1, 2334, 3662018660, 'member', 2334, 'bh110167312在2016-04-12 10:50登录了后台', 1, 1460429433),
(2112, 1, 2, 1872806714, 'member', 2, 'tsw150001在2016-04-12 15:01登录了后台', 1, 1460444465),
(2113, 1, 2428, 1872806714, 'member', 2428, '学校部在2016-04-12 15:01登录了后台', 1, 1460444516),
(2114, 1, 2, 3085447085, 'member', 2, 'tsw150001在2016-04-13 17:17登录了后台', 1, 1460539050),
(2115, 1, 2308, 1971563634, 'member', 2308, 'hx020167867在2016-04-13 17:29登录了后台', 1, 1460539772),
(2116, 1, 2308, 1971563634, 'member', 2308, 'hx020167867在2016-04-14 09:08登录了后台', 1, 1460596104),
(2117, 1, 2308, 1971563634, 'member', 2308, 'hx020167867在2016-04-14 10:43登录了后台', 1, 1460601799),
(2118, 1, 2308, 1971563634, 'member', 2308, 'hx020167867在2016-04-14 12:57登录了后台', 1, 1460609832),
(2119, 1, 2334, 3662018659, 'member', 2334, 'bh110167312在2016-04-14 14:10登录了后台', 1, 1460614222),
(2120, 1, 1, 1963904057, 'member', 1, '开发者在2016-04-14 15:39登录了后台', 1, 1460619586),
(2121, 1, 2452, 1963904057, 'member', 2452, '人社局在2016-04-14 16:09登录了后台', 1, 1460621373),
(2122, 1, 1, 1963904057, 'member', 1, '开发者在2016-04-14 16:12登录了后台', 1, 1460621546),
(2123, 1, 2452, 1963904057, 'member', 2452, '人社局在2016-04-14 16:13登录了后台', 1, 1460621590),
(2124, 1, 2334, 3662018659, 'member', 2334, 'bh110167312在2016-04-15 10:10登录了后台', 1, 1460686229),
(2125, 1, 2308, 1971563634, 'member', 2308, 'hx020167867在2016-04-15 13:53登录了后台', 1, 1460699614),
(2126, 1, 1, 1963904057, 'member', 1, '开发者在2016-04-15 16:46登录了后台', 1, 1460709999),
(2127, 1, 1, 1963904057, 'member', 1, '开发者在2016-04-16 13:46登录了后台', 1, 1460785594),
(2128, 1, 1, 1963904057, 'member', 1, '开发者在2016-04-16 14:00登录了后台', 1, 1460786414),
(2129, 1, 1, 1963904057, 'member', 1, '开发者在2016-04-16 14:06登录了后台', 1, 1460786807),
(2130, 1, 2, 1963904057, 'member', 2, 'tsw150001在2016-04-16 14:11登录了后台', 1, 1460787076),
(2131, 1, 2334, 3662018659, 'member', 2334, 'bh110167312在2016-04-18 10:02登录了后台', 1, 1460944973),
(2132, 1, 2334, 3662018659, 'member', 2334, 'bhqrsx在2016-04-18 10:22登录了后台', 1, 1460946148),
(2133, 1, 1, 1963904057, 'member', 1, '开发者在2016-04-18 11:38登录了后台', 1, 1460950739),
(2134, 1, 1, 3720620396, 'member', 1, '开发者在2016-04-18 23:27登录了后台', 1, 1460993247),
(2135, 1, 2334, 3720620396, 'member', 2334, 'bhqrsx在2016-04-18 23:39登录了后台', 1, 1460993979),
(2136, 1, 1, 3720804115, 'member', 1, '开发者在2016-04-21 09:03登录了后台', 1, 1461200616),
(2137, 1, 2338, 1008600834, 'member', 2338, 'bd140167347在2016-04-21 09:16登录了后台', 1, 1461201365),
(2138, 1, 2334, 3662018659, 'member', 2334, 'bhqrsx在2016-04-22 09:10登录了后台', 1, 1461287439),
(2139, 1, 2425, 1008480882, 'member', 2425, '市工商联在2016-04-25 10:01登录了后台', 1, 1461549684),
(2140, 1, 1, 3720804115, 'member', 1, '开发者在2016-04-25 12:05登录了后台', 1, 1461557131),
(2141, 1, 1, 3720804115, 'member', 1, '开发者在2016-04-25 20:35登录了后台', 1, 1461587730),
(2142, 1, 1, 1008289627, 'member', 1, '开发者在2016-04-25 22:12登录了后台', 1, 1461593526),
(2143, 1, 1, 1008289627, 'member', 1, '开发者在2016-04-25 22:13登录了后台', 1, 1461593584),
(2144, 1, 3354, 1008289627, 'member', 3354, 'times在2016-04-25 22:13登录了后台', 1, 1461593616),
(2145, 1, 2, 1872806714, 'member', 2, 'tsw150001在2016-04-26 08:58登录了后台', 1, 1461632283),
(2146, 1, 2425, 1008480882, 'member', 2425, '市工商联在2016-04-26 08:59登录了后台', 1, 1461632368),
(2147, 1, 1, 3720804115, 'member', 1, '开发者在2016-04-26 09:53登录了后台', 1, 1461635587),
(2148, 1, 1, 1872806714, 'member', 1, '开发者在2016-04-26 09:55登录了后台', 1, 1461635721),
(2149, 1, 1, 1872806714, 'member', 1, '开发者在2016-04-26 09:59登录了后台', 1, 1461635989),
(2150, 1, 1, 3720804115, 'member', 1, '开发者在2016-04-26 10:13登录了后台', 1, 1461636824),
(2151, 1, 3356, 3720804115, 'member', 3356, 'tiptimes在2016-04-26 10:15登录了后台', 1, 1461636918),
(2152, 1, 1, 3720804115, 'member', 1, '开发者在2016-04-26 10:15登录了后台', 1, 1461636955),
(2153, 1, 3356, 3720804115, 'member', 3356, 'tiptimes在2016-04-26 10:17登录了后台', 1, 1461637042),
(2154, 1, 1, 3720804115, 'member', 1, '开发者在2016-04-26 10:18登录了后台', 1, 1461637120),
(2155, 1, 2, 1872806714, 'member', 2, 'tsw150001在2016-04-26 13:37登录了后台', 1, 1461649055),
(2156, 1, 1, 3720804115, 'member', 1, '开发者在2016-04-26 13:58登录了后台', 1, 1461650290),
(2157, 1, 3354, 3720804115, 'member', 3354, 'times在2016-04-26 13:58登录了后台', 1, 1461650322),
(2158, 1, 1, 3720804115, 'member', 1, '开发者在2016-04-26 14:05登录了后台', 1, 1461650715),
(2159, 1, 1, 3720804115, 'member', 1, '开发者在2016-04-26 17:23登录了后台', 1, 1461662603),
(2160, 1, 2334, 3662018659, 'member', 2334, 'bhqrsx在2016-04-27 10:35登录了后台', 1, 1461724513),
(2161, 1, 1, 3720804115, 'member', 1, '开发者在2016-04-27 11:05登录了后台', 1, 1461726337),
(2162, 1, 2425, 1008480882, 'member', 2425, '市工商联在2016-04-27 11:25登录了后台', 1, 1461727541),
(2163, 1, 2308, 1971563634, 'member', 2308, 'hx020167867在2016-04-27 14:33登录了后台', 1, 1461738819),
(2164, 1, 2308, 1971563634, 'member', 2308, 'hx020167867在2016-04-27 14:37登录了后台', 1, 1461739048),
(2165, 1, 829, 1872806714, 'member', 829, '南开大学在2016-04-27 15:04登录了后台', 1, 1461740648),
(2166, 1, 982, 1872806714, 'member', 982, '信息技术科学学院在2016-04-27 15:04登录了后台', 1, 1461740694),
(2167, 1, 2, 1872806714, 'member', 2, 'tsw150001在2016-04-27 15:25登录了后台', 1, 1461741918),
(2168, 1, 3377, 1872806714, 'member', 3377, '市国资委在2016-04-27 15:27登录了后台', 1, 1461742077),
(2169, 1, 3377, 1872806714, 'member', 3377, '市国资委在2016-04-27 16:19登录了后台', 1, 1461745149),
(2170, 1, 2346, 1872806714, 'member', 2346, '青工部在2016-04-27 17:35登录了后台', 1, 1461749730),
(2171, 1, 776, 3661962018, 'member', 776, 'wq170151116在2016-04-28 15:04登录了后台', 1, 1461827092),
(2172, 1, 1, 1873151565, 'member', 1, '开发者在2016-04-28 15:19登录了后台', 1, 1461827991),
(2173, 1, 1, 1873151565, 'member', 1, '开发者在2016-04-28 15:22登录了后台', 1, 1461828165),
(2174, 1, 1, 1873151565, 'member', 1, '开发者在2016-04-28 15:37登录了后台', 1, 1461829043),
(2175, 1, 1, 1873151565, 'member', 1, '开发者在2016-04-28 15:59登录了后台', 1, 1461830358),
(2176, 1, 2331, 1008559147, 'member', 2331, 'nk050164837在2016-04-28 16:34登录了后台', 1, 1461832443),
(2177, 1, 2331, 1008559147, 'member', 2331, 'nk050164837在2016-04-28 16:37登录了后台', 1, 1461832639),
(2178, 1, 1, 1873151565, 'member', 1, '开发者在2016-04-28 17:09登录了后台', 1, 1461834540),
(2179, 1, 2331, 1008559147, 'member', 2331, 'nk050164837在2016-04-28 17:29登录了后台', 1, 1461835797),
(2180, 1, 2331, 1008559147, 'member', 2331, 'nk050164837在2016-04-28 17:37登录了后台', 1, 1461836250),
(2181, 1, 2331, 1008559147, 'member', 2331, 'nk050164837在2016-04-28 17:45登录了后台', 1, 1461836749),
(2182, 1, 2331, 2073444514, 'member', 2331, 'nk050164837在2016-04-29 14:07登录了后台', 1, 1461910074),
(2183, 1, 1, 1873151565, 'member', 1, '开发者在2016-04-29 15:18登录了后台', 1, 1461914313),
(2184, 1, 1, 1873151565, 'member', 1, '开发者在2016-04-29 15:47登录了后台', 1, 1461916057),
(2185, 1, 1, 1873151565, 'member', 1, '开发者在2016-04-29 16:24登录了后台', 1, 1461918299),
(2186, 1, 1, 1873151565, 'member', 1, '开发者在2016-04-29 17:20登录了后台', 1, 1461921622),
(2187, 1, 3388, 1873151565, 'member', 3388, 'hp010165499在2016-04-29 17:21登录了后台', 1, 1461921682),
(2188, 1, 983, 1873151565, 'member', 983, '化学学院在2016-04-29 17:23登录了后台', 1, 1461921809),
(2189, 1, 1, 1873151565, 'member', 1, '开发者在2016-04-29 17:26登录了后台', 1, 1461921962),
(2190, 1, 1, 1873151565, 'member', 1, '开发者在2016-04-29 17:38登录了后台', 1, 1461922685),
(2191, 1, 3388, 1873151565, 'member', 3388, 'hp010165499在2016-04-29 17:38登录了后台', 1, 1461922734),
(2192, 1, 2330, 1872766754, 'member', 2330, 'hd030163339在2016-05-02 16:57登录了后台', 1, 1462179426),
(2193, 1, 2330, 1872766754, 'member', 2330, 'hd030163339在2016-05-02 17:05登录了后台', 1, 1462179918),
(2194, 1, 2330, 1872766754, 'member', 2330, 'hd030163339在2016-05-02 17:46登录了后台', 1, 1462182389),
(2195, 1, 2, 1872806714, 'member', 2, 'tsw150001在2016-05-03 09:24登录了后台', 1, 1462238666),
(2196, 1, 2332, 3661956720, 'member', 2332, 'hb040163323在2016-05-03 10:10登录了后台', 1, 1462241453),
(2197, 1, 2330, 1872766754, 'member', 2330, 'hd030163339在2016-05-03 10:20登录了后台', 1, 1462242035),
(2198, 1, 2331, 1930998185, 'member', 2331, 'nk050164837在2016-05-05 09:30登录了后台', 1, 1462411805),
(2199, 1, 2336, 3661978945, 'member', 2336, 'jn100161395在2016-05-05 15:20登录了后台', 1, 1462432800),
(2200, 1, 2, 1872806714, 'member', 2, 'tsw150001在2016-05-06 08:27登录了后台', 1, 1462494474),
(2201, 1, 1, 1872806714, 'member', 1, '开发者在2016-05-06 08:29登录了后台', 1, 1462494565),
(2202, 1, 2331, 1008559147, 'member', 2331, 'nk050164837在2016-05-06 09:09登录了后台', 1, 1462496992),
(2203, 1, 1, 2099659960, 'member', 1, '开发者在2016-05-06 09:15登录了后台', 1, 1462497325),
(2204, 1, 3388, 2099659960, 'member', 3388, 'hp010165499在2016-05-06 09:17登录了后台', 1, 1462497454),
(2205, 1, 1, 2099659960, 'member', 1, '开发者在2016-05-06 09:17登录了后台', 1, 1462497479),
(2206, 1, 3354, 2099659960, 'member', 3354, 'times在2016-05-06 09:18登录了后台', 1, 1462497508),
(2207, 1, 1, 2099659960, 'member', 1, '开发者在2016-05-06 09:19登录了后台', 1, 1462497554),
(2208, 1, 1, 2099659960, 'member', 1, '开发者在2016-05-06 09:20登录了后台', 1, 1462497609),
(2209, 1, 1, 2099659960, 'member', 1, '开发者在2016-05-06 10:17登录了后台', 1, 1462501030),
(2210, 1, 2343, 1971567179, 'member', 2343, '滨海保税区团委在2016-05-06 10:49登录了后台', 1, 1462502964),
(2211, 1, 2334, 3662018659, 'member', 2334, 'bhqrsx在2016-05-06 15:00登录了后台', 1, 1462518029),
(2212, 1, 2343, 1971567179, 'member', 2343, '滨海保税区团委在2016-05-06 15:11登录了后台', 1, 1462518719),
(2213, 1, 2336, 3661978945, 'member', 2336, 'jn100161395在2016-05-09 10:50登录了后台', 1, 1462762208),
(2214, 1, 2, 1872806714, 'member', 2, 'tsw150001在2016-05-09 14:28登录了后台', 1, 1462775323),
(2215, 1, 2343, 1971567176, 'member', 2343, '滨海保税区团委在2016-05-09 15:35登录了后台', 1, 1462779349),
(2216, 1, 2343, 1971567176, 'member', 2343, '滨海保税区团委在2016-05-09 16:18登录了后台', 1, 1462781891),
(2217, 1, 3377, 1963588277, 'member', 3377, '市国资委在2016-05-09 16:30登录了后台', 1, 1462782629),
(2218, 1, 2339, 3684054532, 'member', 2339, 'jh160167960在2016-05-09 16:34登录了后台', 1, 1462782883),
(2219, 1, 2339, 3684054532, 'member', 2339, 'jh160167960在2016-05-09 16:35登录了后台', 1, 1462782951),
(2220, 1, 2308, 3684054532, 'member', 2308, 'hx020167867在2016-05-09 16:41登录了后台', 1, 1462783277),
(2221, 1, 2343, 1971567176, 'member', 2343, '滨海保税区团委在2016-05-09 16:47登录了后台', 1, 1462783677),
(2222, 1, 2339, 3684054532, 'member', 2339, 'jh160167960在2016-05-09 16:48登录了后台', 1, 1462783695),
(2223, 1, 2330, 1872766754, 'member', 2330, 'hd030163339在2016-05-09 16:48登录了后台', 1, 1462783739),
(2224, 1, 2308, 3684054532, 'member', 2308, 'hx020167867在2016-05-09 17:43登录了后台', 1, 1462787039),
(2225, 1, 3377, 1963588277, 'member', 3377, '市国资委在2016-05-10 09:48登录了后台', 1, 1462844898),
(2226, 1, 2, 1872806714, 'member', 2, 'tsw150001在2016-05-10 11:24登录了后台', 1, 1462850688),
(2227, 1, 2425, 1008480882, 'member', 2425, '市工商联在2016-05-10 11:27登录了后台', 1, 1462850843),
(2228, 1, 2343, 1971567176, 'member', 2343, '滨海保税区团委在2016-05-10 13:33登录了后台', 1, 1462858415),
(2229, 1, 1, 1963956317, 'member', 1, '开发者在2016-05-10 15:52登录了后台', 1, 1462866738),
(2230, 8, 1, 1963956317, 'attribute', 402676, '操作url：/index.php/Admin/Attribute/update.html', 1, 1462866834),
(2231, 1, 2343, 1971567176, 'member', 2343, '滨海保税区团委在2016-05-10 16:05登录了后台', 1, 1462867545),
(2232, 1, 2343, 1971567176, 'member', 2343, '滨海保税区团委在2016-05-10 16:14登录了后台', 1, 1462868054),
(2233, 1, 2333, 1873260243, 'member', 2333, 'hq060162542在2016-05-10 16:48登录了后台', 1, 1462870124),
(2234, 1, 2334, 3662018659, 'member', 2334, 'bhqrsx在2016-05-11 09:06登录了后台', 1, 1462928794),
(2235, 1, 2335, 3748193252, 'member', 2335, 'dl070163420在2016-05-11 11:42登录了后台', 1, 1462938153),
(2236, 1, 2343, 1971567176, 'member', 2343, '滨海保税区团委在2016-05-11 12:17登录了后台', 1, 1462940252),
(2237, 1, 2343, 1971567176, 'member', 2343, '滨海保税区团委在2016-05-11 13:16登录了后台', 1, 1462943784),
(2238, 1, 2343, 1971567176, 'member', 2343, '滨海保税区团委在2016-05-11 13:34登录了后台', 1, 1462944892),
(2239, 1, 2335, 1971861024, 'member', 2335, 'dl070163420在2016-05-11 14:33登录了后台', 1, 1462948388),
(2240, 1, 1, 1963956317, 'member', 1, '开发者在2016-05-11 15:11登录了后台', 1, 1462950710),
(2241, 1, 1, 1963956317, 'member', 1, '开发者在2016-05-11 16:49登录了后台', 1, 1462956575),
(2242, 1, 1, 1963956317, 'member', 1, '开发者在2016-05-11 17:59登录了后台', 1, 1462960755),
(2243, 1, 2334, 3662018659, 'member', 2334, 'bhqrsx在2016-05-12 08:31登录了后台', 1, 1463013062),
(2244, 1, 1, 1872806714, 'member', 1, '开发者在2016-05-12 09:32登录了后台', 1, 1463016767),
(2245, 1, 2343, 1971567176, 'member', 2343, '滨海保税区团委在2016-05-12 10:00登录了后台', 1, 1463018446),
(2246, 1, 1, 1963956317, 'member', 1, '开发者在2016-05-12 10:49登录了后台', 1, 1463021363),
(2247, 1, 2339, 3684054532, 'member', 2339, 'jh160167960在2016-05-12 14:31登录了后台', 1, 1463034689),
(2248, 1, 1, 1963956317, 'member', 1, '开发者在2016-05-12 17:36登录了后台', 1, 1463045767),
(2249, 1, 2, 1872806714, 'member', 2, 'tsw150001在2016-05-12 17:39登录了后台', 1, 1463045963),
(2250, 1, 2338, 1872806714, 'member', 2338, 'bd140167347在2016-05-12 17:40登录了后台', 1, 1463046011),
(2251, 1, 2, 1872806714, 'member', 2, 'tsw150001在2016-05-12 17:41登录了后台', 1, 1463046093),
(2252, 1, 1, 1872806714, 'member', 1, '开发者在2016-05-12 17:42登录了后台', 1, 1463046139),
(2253, 1, 1, 1963956317, 'member', 1, '开发者在2016-05-12 18:02登录了后台', 1, 1463047321),
(2254, 1, 1, 1963956317, 'member', 1, '开发者在2016-05-12 18:06登录了后台', 1, 1463047584),
(2255, 1, 2334, 3662018659, 'member', 2334, 'bhqrsx在2016-05-13 08:19登录了后台', 1, 1463098793),
(2256, 1, 2339, 3684054532, 'member', 2339, 'jh160167960在2016-05-13 10:24登录了后台', 1, 1463106284),
(2257, 1, 2330, 1873141603, 'member', 2330, 'hd030163339在2016-05-13 15:23登录了后台', 1, 1463124220),
(2258, 1, 2330, 1873141603, 'member', 2330, 'hd030163339在2016-05-13 15:47登录了后台', 1, 1463125667),
(2259, 1, 2331, 1008559147, 'member', 2331, 'nk050164837在2016-05-13 16:53登录了后台', 1, 1463129589),
(2260, 1, 2331, 2073444514, 'member', 2331, 'nk050164837在2016-05-13 16:58登录了后台', 1, 1463129915),
(2261, 1, 2331, 2073444514, 'member', 2331, 'nk050164837在2016-05-13 17:14登录了后台', 1, 1463130879),
(2262, 1, 2331, 2073444514, 'member', 2331, 'nk050164837在2016-05-13 17:17登录了后台', 1, 1463131046),
(2263, 1, 1, 1008460336, 'member', 1, '开发者在2016-05-14 14:06登录了后台', 1, 1463206007),
(2264, 1, 1, 3661864878, 'member', 1, '开发者在2016-05-14 17:42登录了后台', 1, 1463218941),
(2265, 10, 1, 3661864878, 'Menu', 327, '操作url：/index.php/Admin/Menu/edit.html', 1, 1463219278),
(2266, 1, 1, 3661864878, 'member', 1, '开发者在2016-05-14 19:22登录了后台', 1, 1463224943),
(2267, 1, 1, 3661864878, 'member', 1, '开发者在2016-05-16 00:35登录了后台', 1, 1463330139),
(2268, 10, 1, 3661864878, 'Menu', 328, '操作url：/index.php/Admin/Menu/edit.html', 1, 1463330278),
(2269, 1, 2, 3661864878, 'member', 2, 'tsw150001在2016-05-16 00:49登录了后台', 1, 1463330972),
(2270, 1, 2, 3661864878, 'member', 2, 'tsw150001在2016-05-16 00:52登录了后台', 1, 1463331156),
(2271, 1, 3388, 3661864878, 'member', 3388, 'hp010165499在2016-05-16 00:52登录了后台', 1, 1463331177),
(2272, 1, 1, 1008460336, 'member', 1, '开发者在2016-05-16 09:30登录了后台', 1, 1463362216),
(2273, 1, 2330, 1872766754, 'member', 2330, 'hd030163339在2016-05-16 09:52登录了后台', 1, 1463363523),
(2274, 1, 1, 1008460336, 'member', 1, '开发者在2016-05-16 10:12登录了后台', 1, 1463364773),
(2275, 1, 1, 1008460336, 'member', 1, '开发者在2016-05-16 10:18登录了后台', 1, 1463365113),
(2276, 1, 2, 1008460336, 'member', 2, 'tsw150001在2016-05-16 10:22登录了后台', 1, 1463365360),
(2277, 1, 2339, 3684054532, 'member', 2339, 'jh160167960在2016-05-16 10:30登录了后台', 1, 1463365831),
(2278, 1, 2339, 3684054532, 'member', 2339, 'jh160167960在2016-05-16 10:37登录了后台', 1, 1463366257),
(2279, 1, 2331, 1008559147, 'member', 2331, 'nk050164837在2016-05-16 10:57登录了后台', 1, 1463367450),
(2280, 1, 2332, 3661956720, 'member', 2332, 'hb040163323在2016-05-16 11:06登录了后台', 1, 1463367980),
(2281, 1, 2, 1008460336, 'member', 2, 'tsw150001在2016-05-16 11:11登录了后台', 1, 1463368291),
(2282, 1, 2, 1008460336, 'member', 2, 'tsw150001在2016-05-16 11:14登录了后台', 1, 1463368475),
(2283, 1, 2331, 1008559147, 'member', 2331, 'nk050164837在2016-05-16 11:21登录了后台', 1, 1463368882),
(2284, 1, 1, 1008460336, 'member', 1, '开发者在2016-05-16 11:24登录了后台', 1, 1463369091),
(2285, 1, 2, 1008460336, 'member', 2, 'tsw150001在2016-05-16 11:29登录了后台', 1, 1463369343),
(2286, 1, 2, 1008460336, 'member', 2, 'tsw150001在2016-05-16 11:36登录了后台', 1, 1463369819),
(2287, 1, 1, 1963914385, 'member', 1, '开发者在2016-05-16 13:56登录了后台', 1, 1463378181),
(2288, 1, 1, 1963914385, 'member', 1, '开发者在2016-05-16 14:08登录了后台', 1, 1463378880),
(2289, 1, 2330, 1872766754, 'member', 2330, 'hd030163339在2016-05-16 14:21登录了后台', 1, 1463379694),
(2290, 1, 2, 1872806714, 'member', 2, 'tsw150001在2016-05-16 14:31登录了后台', 1, 1463380298),
(2291, 1, 2, 1872806714, 'member', 2, 'tsw150001在2016-05-16 14:45登录了后台', 1, 1463381159),
(2292, 1, 2428, 1872806714, 'member', 2428, '学校部在2016-05-16 14:46登录了后台', 1, 1463381208),
(2293, 1, 2, 1872806714, 'member', 2, 'tsw150001在2016-05-16 14:47登录了后台', 1, 1463381245),
(2294, 1, 2346, 1872806714, 'member', 2346, '青工部在2016-05-16 14:49登录了后台', 1, 1463381363),
(2295, 1, 2, 1872806714, 'member', 2, 'tsw150001在2016-05-16 14:51登录了后台', 1, 1463381478),
(2296, 1, 2335, 3748193252, 'member', 2335, 'dl070163420在2016-05-16 15:16登录了后台', 1, 1463383018),
(2297, 1, 1, 1963914385, 'member', 1, '开发者在2016-05-16 15:22登录了后台', 1, 1463383340),
(2298, 1, 2331, 1008559147, 'member', 2331, 'nk050164837在2016-05-16 16:03登录了后台', 1, 1463385791),
(2299, 1, 2335, 3748193252, 'member', 2335, 'dl070163420在2016-05-16 16:08登录了后台', 1, 1463386126),
(2300, 1, 2, 1872806714, 'member', 2, 'tsw150001在2016-05-16 17:07登录了后台', 1, 1463389659),
(2301, 1, 2330, 3661869369, 'member', 2330, 'hd030163339在2016-05-16 17:23登录了后台', 1, 1463390607),
(2302, 1, 2335, 1971861001, 'member', 2335, 'dl070163420在2016-05-17 08:24登录了后台', 1, 1463444683),
(2303, 1, 2335, 1971861001, 'member', 2335, 'dl070163420在2016-05-17 08:32登录了后台', 1, 1463445150),
(2304, 1, 2330, 1872766754, 'member', 2330, 'hd030163339在2016-05-17 08:46登录了后台', 1, 1463445990),
(2305, 1, 2330, 3661869369, 'member', 2330, 'hd030163339在2016-05-17 09:12登录了后台', 1, 1463447575),
(2306, 1, 2343, 1971567176, 'member', 2343, '滨海保税区团委在2016-05-17 09:26登录了后台', 1, 1463448395),
(2307, 1, 2330, 3661869369, 'member', 2330, 'hd030163339在2016-05-17 09:34登录了后台', 1, 1463448894),
(2308, 1, 1, 1963914385, 'member', 1, '开发者在2016-05-17 09:35登录了后台', 1, 1463448943),
(2309, 1, 2343, 1971567176, 'member', 2343, '滨海保税区团委在2016-05-17 11:17登录了后台', 1, 1463455026),
(2310, 1, 1, 2099536769, 'member', 1, '开发者在2016-05-17 13:34登录了后台', 1, 1463463298),
(2311, 1, 2330, 3661869369, 'member', 2330, 'hd030163339在2016-05-17 13:56登录了后台', 1, 1463464574),
(2312, 1, 2330, 1872766754, 'member', 2330, 'hd030163339在2016-05-17 14:30登录了后台', 1, 1463466601),
(2313, 1, 2343, 1971567176, 'member', 2343, '滨海保税区团委在2016-05-17 15:05登录了后台', 1, 1463468723),
(2314, 1, 2343, 1971567176, 'member', 2343, '滨海保税区团委在2016-05-17 15:14登录了后台', 1, 1463469281),
(2315, 1, 2330, 3661869369, 'member', 2330, 'hd030163339在2016-05-17 15:37登录了后台', 1, 1463470673),
(2316, 1, 2, 1872806714, 'member', 2, 'tsw150001在2016-05-17 16:01登录了后台', 1, 1463472089),
(2317, 1, 2331, 1008559147, 'member', 2331, 'nk050164837在2016-05-17 16:11登录了后台', 1, 1463472693),
(2318, 1, 2330, 1864244619, 'member', 2330, 'hd030163339在2016-05-17 16:16登录了后台', 1, 1463473004),
(2319, 1, 2336, 3661978945, 'member', 2336, 'jn100161395在2016-05-17 16:16登录了后台', 1, 1463473014),
(2320, 1, 2330, 1864244619, 'member', 2330, 'hd030163339在2016-05-17 16:19登录了后台', 1, 1463473165),
(2321, 1, 2, 1872806714, 'member', 2, 'tsw150001在2016-05-17 17:00登录了后台', 1, 1463475652),
(2322, 1, 2331, 2073444514, 'member', 2331, 'nk050164837在2016-05-17 17:03登录了后台', 1, 1463475821),
(2323, 1, 2, 2099536769, 'member', 2, 'tsw150001在2016-05-17 17:09登录了后台', 1, 1463476173),
(2324, 1, 2, 1872806714, 'member', 2, 'tsw150001在2016-05-17 17:28登录了后台', 1, 1463477298),
(2325, 1, 1, 2099536769, 'member', 1, '开发者在2016-05-17 17:33登录了后台', 1, 1463477599),
(2326, 1, 2, 1872806714, 'member', 2, 'tsw150001在2016-05-17 17:37登录了后台', 1, 1463477864),
(2327, 1, 2, 1872806714, 'member', 2, 'tsw150001在2016-05-17 17:42登录了后台', 1, 1463478177),
(2328, 1, 1, 2099536769, 'member', 1, '开发者在2016-05-17 17:44登录了后台', 1, 1463478252),
(2329, 1, 829, 2099536769, 'member', 829, '南开大学在2016-05-17 17:57登录了后台', 1, 1463479032),
(2330, 1, 2343, 1971567176, 'member', 2343, '滨海保税区团委在2016-05-18 08:44登录了后台', 1, 1463532282),
(2331, 1, 2, 1872806714, 'member', 2, 'tsw150001在2016-05-18 09:02登录了后台', 1, 1463533354),
(2332, 1, 2330, 3661869369, 'member', 2330, 'hd030163339在2016-05-18 09:12登录了后台', 1, 1463533920),
(2333, 1, 2330, 3661869369, 'member', 2330, 'hd030163339在2016-05-18 11:13登录了后台', 1, 1463541191),
(2334, 1, 2337, 3723438606, 'member', 2337, 'bc090164138在2016-05-18 11:19登录了后台', 1, 1463541598),
(2335, 1, 2330, 1872766754, 'member', 2330, 'hd030163339在2016-05-18 13:57登录了后台', 1, 1463551066),
(2336, 1, 2330, 3661869369, 'member', 2330, 'hd030163339在2016-05-18 14:12登录了后台', 1, 1463551962),
(2337, 1, 2, 1872806714, 'member', 2, 'tsw150001在2016-05-18 14:30登录了后台', 1, 1463553059),
(2338, 1, 2330, 3727355399, 'member', 2330, 'hd030163339在2016-05-18 14:45登录了后台', 1, 1463553933),
(2339, 1, 2335, 3748193081, 'member', 2335, 'dl070163420在2016-05-18 15:32登录了后台', 1, 1463556735),
(2340, 1, 2330, 3661980494, 'member', 2330, 'hd030163339在2016-05-18 16:02登录了后台', 1, 1463558530),
(2341, 1, 2335, 3748193081, 'member', 2335, 'dl070163420在2016-05-18 17:06登录了后台', 1, 1463562364),
(2342, 1, 2335, 3748193081, 'member', 2335, 'dl070163420在2016-05-18 17:23登录了后台', 1, 1463563406),
(2343, 1, 2330, 1872766754, 'member', 2330, 'hd030163339在2016-05-18 17:56登录了后台', 1, 1463565397),
(2344, 1, 2335, 3748193081, 'member', 2335, 'dl070163420在2016-05-19 08:42登录了后台', 1, 1463618529),
(2345, 1, 2, 1872806714, 'member', 2, 'tsw150001在2016-05-19 08:52登录了后台', 1, 1463619128),
(2346, 1, 2337, 3661959958, 'member', 2337, 'bc090164138在2016-05-19 09:25登录了后台', 1, 1463621129),
(2347, 1, 2330, 1872766754, 'member', 2330, 'hd030163339在2016-05-19 10:13登录了后台', 1, 1463624012),
(2348, 1, 2330, 1872766754, 'member', 2330, 'hd030163339在2016-05-19 10:43登录了后台', 1, 1463625809),
(2349, 1, 2, 1872806714, 'member', 2, 'tsw150001在2016-05-19 10:44登录了后台', 1, 1463625895),
(2350, 1, 2, 1872806714, 'member', 2, 'tsw150001在2016-05-19 10:50登录了后台', 1, 1463626243),
(2351, 1, 1, 2099536769, 'member', 1, '开发者在2016-05-19 10:52登录了后台', 1, 1463626371),
(2352, 1, 1, 2099536769, 'member', 1, '开发者在2016-05-19 10:54登录了后台', 1, 1463626455),
(2353, 1, 1, 2099536769, 'member', 1, '开发者在2016-05-19 10:57登录了后台', 1, 1463626630),
(2354, 1, 2, 1872806714, 'member', 2, 'tsw150001在2016-05-19 10:57登录了后台', 1, 1463626676),
(2355, 1, 2332, 3661956720, 'member', 2332, 'hb040163323在2016-05-19 11:33登录了后台', 1, 1463628813),
(2356, 1, 2335, 3748193252, 'member', 2335, 'dl070163420在2016-05-19 11:47登录了后台', 1, 1463629634),
(2357, 1, 2, 1872806714, 'member', 2, 'tsw150001在2016-05-19 14:14登录了后台', 1, 1463638447),
(2358, 1, 2336, 3661978945, 'member', 2336, 'jn100161395在2016-05-19 14:39登录了后台', 1, 1463639954),
(2359, 1, 2336, 3661978945, 'member', 2336, 'jn100161395在2016-05-19 14:40登录了后台', 1, 1463640056),
(2360, 1, 1, 2099536769, 'member', 1, '开发者在2016-05-19 14:46登录了后台', 1, 1463640404),
(2361, 1, 3388, 2099536769, 'member', 3388, 'hp010165499在2016-05-19 14:47登录了后台', 1, 1463640470),
(2362, 1, 2308, 1971563634, 'member', 2308, 'hx020167867在2016-05-19 15:24登录了后台', 1, 1463642695),
(2363, 1, 2, 1872806714, 'member', 2, 'tsw150001在2016-05-19 15:39登录了后台', 1, 1463643581),
(2364, 1, 2308, 1971563634, 'member', 2308, 'hx020167867在2016-05-19 15:40登录了后台', 1, 1463643621),
(2365, 1, 2330, 3661871511, 'member', 2330, 'hd030163339在2016-05-19 15:42登录了后台', 1, 1463643762),
(2366, 1, 2330, 3661980494, 'member', 2330, 'hd030163339在2016-05-19 16:19登录了后台', 1, 1463645940),
(2367, 1, 2335, 1971861011, 'member', 2335, 'dl070163420在2016-05-20 08:40登录了后台', 1, 1463704811),
(2368, 1, 2334, 3662018659, 'member', 2334, 'bhqrsx在2016-05-20 08:41登录了后台', 1, 1463704903),
(2369, 1, 1, 2099536769, 'member', 1, '开发者在2016-05-20 09:06登录了后台', 1, 1463706393),
(2370, 1, 2330, 1872766754, 'member', 2330, 'hd030163339在2016-05-20 11:55登录了后台', 1, 1463716526),
(2371, 1, 1, 2099536769, 'member', 1, '开发者在2016-05-20 13:22登录了后台', 1, 1463721720),
(2372, 1, 1, 2099536769, 'member', 1, '开发者在2016-05-20 13:25登录了后台', 1, 1463721940),
(2373, 10, 1, 2099536769, 'Menu', 329, '操作url：/index.php/Admin/Menu/edit.html', 1, 1463722066),
(2374, 1, 1, 2099536769, 'member', 1, '开发者在2016-05-20 14:05登录了后台', 1, 1463724332),
(2375, 1, 2339, 3684054532, 'member', 2339, 'jh160167960在2016-05-20 14:48登录了后台', 1, 1463726901),
(2376, 1, 1, 3720804402, 'member', 1, '开发者在2016-05-21 09:51登录了后台', 1, 1463795478),
(2377, 1, 3388, 3720804402, 'member', 3388, 'hp010165499在2016-05-21 09:51登录了后台', 1, 1463795518),
(2378, 1, 1, 3720804402, 'member', 1, '开发者在2016-05-21 10:23登录了后台', 1, 1463797432),
(2379, 1, 1, 3720804402, 'member', 1, '开发者在2016-05-21 11:46登录了后台', 1, 1463802397),
(2380, 1, 3388, 3720804402, 'member', 3388, 'hp010165499在2016-05-21 11:47登录了后台', 1, 1463802425),
(2381, 1, 2, 3720804402, 'member', 2, 'tsw150001在2016-05-21 12:01登录了后台', 1, 1463803274),
(2382, 1, 3354, 3720804402, 'member', 3354, 'times在2016-05-21 12:01登录了后台', 1, 1463803300),
(2383, 1, 2, 3720804402, 'member', 2, 'tsw150001在2016-05-21 12:02登录了后台', 1, 1463803321),
(2384, 1, 3354, 3720804402, 'member', 3354, 'times在2016-05-21 12:02登录了后台', 1, 1463803354),
(2385, 1, 1, 3720804402, 'member', 1, '开发者在2016-05-21 12:19登录了后台', 1, 1463804355),
(2386, 1, 1, 3720804402, 'member', 1, '开发者在2016-05-21 14:13登录了后台', 1, 1463811201),
(2387, 1, 1, 3720804402, 'member', 1, '开发者在2016-05-21 14:17登录了后台', 1, 1463811453),
(2388, 1, 982, 3720804402, 'member', 982, '信息技术科学学院在2016-05-21 14:35登录了后台', 1, 1463812552),
(2389, 1, 1, 3720804402, 'member', 1, '开发者在2016-05-21 14:51登录了后台', 1, 1463813491),
(2390, 1, 1, 3720804402, 'member', 1, '开发者在2016-05-21 15:49登录了后台', 1, 1463816980),
(2391, 1, 3388, 3720804402, 'member', 3388, 'hp010165499在2016-05-21 15:50登录了后台', 1, 1463817030),
(2392, 1, 1, 3720804402, 'member', 1, '开发者在2016-05-21 15:51登录了后台', 1, 1463817089),
(2393, 1, 3388, 3720804402, 'member', 3388, 'hp010165499在2016-05-21 15:52登录了后台', 1, 1463817122),
(2394, 1, 2331, 1963506602, 'member', 2331, 'nk050164837在2016-05-22 21:11登录了后台', 1, 1463922700),
(2395, 1, 1, 1008370039, 'member', 1, '开发者在2016-05-22 23:09登录了后台', 1, 1463929792),
(2396, 1, 2, 1008370039, 'member', 2, 'tsw150001在2016-05-23 01:01登录了后台', 1, 1463936463),
(2397, 1, 2343, 1971567176, 'member', 2343, '滨海保税区团委在2016-05-23 07:41登录了后台', 1, 1463960488),
(2398, 1, 2330, 3727355406, 'member', 2330, 'hd030163339在2016-05-23 08:31登录了后台', 1, 1463963484),
(2399, 1, 2343, 1971567176, 'member', 2343, '滨海保税区团委在2016-05-23 08:44登录了后台', 1, 1463964246),
(2400, 1, 2330, 1872766754, 'member', 2330, 'hd030163339在2016-05-23 08:46登录了后台', 1, 1463964410),
(2401, 1, 2335, 1971860999, 'member', 2335, 'dl070163420在2016-05-23 09:10登录了后台', 1, 1463965817),
(2402, 1, 1, 1963958889, 'member', 1, '开发者在2016-05-23 09:16登录了后台', 1, 1463966218),
(2403, 1, 2, 1872806714, 'member', 2, 'tsw150001在2016-05-23 09:51登录了后台', 1, 1463968274),
(2404, 1, 1, 1963958889, 'member', 1, '开发者在2016-05-23 10:01登录了后台', 1, 1463968885),
(2405, 1, 3388, 1963958889, 'member', 3388, 'hp010165499在2016-05-23 10:02登录了后台', 1, 1463968968),
(2406, 1, 3377, 1963697311, 'member', 3377, '市国资委在2016-05-23 10:24登录了后台', 1, 1463970262),
(2407, 1, 3377, 1963697311, 'member', 3377, '市国资委在2016-05-23 10:25登录了后台', 1, 1463970350),
(2408, 1, 829, 1963958889, 'member', 829, '南开大学在2016-05-23 10:30登录了后台', 1, 1463970602),
(2409, 1, 2331, 1008559147, 'member', 2331, 'nk050164837在2016-05-23 10:30登录了后台', 1, 1463970630),
(2410, 1, 2330, 1872766754, 'member', 2330, 'hd030163339在2016-05-23 10:36登录了后台', 1, 1463970971),
(2411, 1, 1, 1963958889, 'member', 1, '开发者在2016-05-23 10:52登录了后台', 1, 1463971951),
(2412, 1, 2332, 3661956720, 'member', 2332, 'hb040163323在2016-05-23 11:00登录了后台', 1, 1463972451),
(2413, 1, 2332, 3661956720, 'member', 2332, 'hb040163323在2016-05-23 11:13登录了后台', 1, 1463973201),
(2414, 1, 3377, 3723449154, 'member', 3377, '市国资委在2016-05-23 11:15登录了后台', 1, 1463973350),
(2415, 1, 2339, 3684054532, 'member', 2339, 'jh160167960在2016-05-23 11:16登录了后台', 1, 1463973366),
(2416, 1, 3377, 3723449154, 'member', 3377, '市国资委在2016-05-23 11:19登录了后台', 1, 1463973567),
(2417, 1, 1, 1963958889, 'member', 1, '开发者在2016-05-23 11:40登录了后台', 1, 1463974839),
(2418, 1, 2330, 3727355406, 'member', 2330, 'hd030163339在2016-05-23 11:49登录了后台', 1, 1463975374),
(2419, 1, 1, 1963958889, 'member', 1, '开发者在2016-05-23 12:25登录了后台', 1, 1463977540),
(2420, 1, 1, 1963958889, 'member', 1, '开发者在2016-05-23 12:30登录了后台', 1, 1463977836),
(2421, 1, 2334, 3662018659, 'member', 2334, 'bhqrsx在2016-05-23 14:37登录了后台', 1, 1463985449),
(2422, 1, 2332, 3661956720, 'member', 2332, 'hb040163323在2016-05-23 14:58登录了后台', 1, 1463986691),
(2423, 1, 2339, 3684054532, 'member', 2339, 'jh160167960在2016-05-23 15:06登录了后台', 1, 1463987208),
(2424, 1, 1, 1963958889, 'member', 1, '开发者在2016-05-23 15:14登录了后台', 1, 1463987641),
(2425, 1, 2332, 3661956720, 'member', 2332, 'hb040163323在2016-05-23 15:16登录了后台', 1, 1463987782),
(2426, 1, 2339, 3684054532, 'member', 2339, 'jh160167960在2016-05-23 15:34登录了后台', 1, 1463988888),
(2427, 1, 827, 3684054532, 'member', 827, 'xq080151133在2016-05-23 15:35登录了后台', 1, 1463988946),
(2428, 1, 2338, 3684054532, 'member', 2338, 'bd140167347在2016-05-23 15:36登录了后台', 1, 1463988980),
(2429, 1, 2332, 3661956720, 'member', 2332, 'hb040163323在2016-05-23 15:39登录了后台', 1, 1463989189),
(2430, 1, 2336, 3661978945, 'member', 2336, 'jn100161395在2016-05-23 15:44登录了后台', 1, 1463989497),
(2431, 1, 2332, 3661956720, 'member', 2332, 'hb040163323在2016-05-23 15:54登录了后台', 1, 1463990086),
(2432, 1, 1, 1963958889, 'member', 1, '开发者在2016-05-23 16:08登录了后台', 1, 1463990883),
(2433, 1, 1, 2099626617, 'member', 1, '开发者在2016-05-23 17:35登录了后台', 1, 1463996113),
(2434, 1, 2, 1872806714, 'member', 2, 'tsw150001在2016-05-24 08:32登录了后台', 1, 1464049951),
(2435, 1, 2336, 3661978945, 'member', 2336, 'jn100161395在2016-05-24 08:34登录了后台', 1, 1464050085),
(2436, 1, 2336, 3661978945, 'member', 2336, 'jn100161395在2016-05-24 08:44登录了后台', 1, 1464050668),
(2437, 1, 1, 2099626617, 'member', 1, '开发者在2016-05-24 09:05登录了后台', 1, 1464051912),
(2438, 1, 1, 2099626617, 'member', 1, '开发者在2016-05-24 09:19登录了后台', 1, 1464052779),
(2439, 1, 2330, 1872766754, 'member', 2330, 'hd030163339在2016-05-24 09:21登录了后台', 1, 1464052890),
(2440, 1, 2343, 1971567176, 'member', 2343, '滨海保税区团委在2016-05-24 09:23登录了后台', 1, 1464053037),
(2441, 1, 2330, 1872766754, 'member', 2330, 'hd030163339在2016-05-24 09:25登录了后台', 1, 1464053128),
(2442, 1, 2343, 1971567176, 'member', 2343, '滨海保税区团委在2016-05-24 09:59登录了后台', 1, 1464055144),
(2443, 1, 1, 2099626617, 'member', 1, '开发者在2016-05-24 10:02登录了后台', 1, 1464055366),
(2444, 1, 3377, 1008560030, 'member', 3377, '市国资委在2016-05-24 10:07登录了后台', 1, 1464055662),
(2445, 1, 3377, 1872773548, 'member', 3377, '市国资委在2016-05-24 10:16登录了后台', 1, 1464056161),
(2446, 1, 2, 1872806714, 'member', 2, 'tsw150001在2016-05-24 10:46登录了后台', 1, 1464057985),
(2447, 1, 2, 1872806714, 'member', 2, 'tsw150001在2016-05-24 11:00登录了后台', 1, 1464058821),
(2448, 1, 2332, 3661956720, 'member', 2332, 'hb040163323在2016-05-24 11:11登录了后台', 1, 1464059505),
(2449, 1, 1, 2099626617, 'member', 1, '开发者在2016-05-24 11:43登录了后台', 1, 1464061410),
(2450, 1, 3377, 3723449154, 'member', 3377, '市国资委在2016-05-24 11:53登录了后台', 1, 1464062004),
(2451, 1, 1, 2099626617, 'member', 1, '开发者在2016-05-24 13:37登录了后台', 1, 1464068269),
(2452, 1, 2, 1872806714, 'member', 2, 'tsw150001在2016-05-24 13:48登录了后台', 1, 1464068910),
(2453, 1, 2330, 3727355406, 'member', 2330, 'hd030163339在2016-05-24 13:50登录了后台', 1, 1464069048),
(2454, 1, 2332, 3661956720, 'member', 2332, 'hb040163323在2016-05-24 13:52登录了后台', 1, 1464069166),
(2455, 1, 2343, 1971567176, 'member', 2343, '滨海保税区团委在2016-05-24 13:54登录了后台', 1, 1464069287),
(2456, 1, 2330, 1872766754, 'member', 2330, 'hd030163339在2016-05-24 13:56登录了后台', 1, 1464069389),
(2457, 1, 2332, 3661956720, 'member', 2332, 'hb040163323在2016-05-24 13:57登录了后台', 1, 1464069434),
(2458, 1, 2, 2099626617, 'member', 2, 'tsw150001在2016-05-24 14:11登录了后台', 1, 1464070295),
(2459, 1, 2332, 3661956720, 'member', 2332, 'hb040163323在2016-05-24 14:24登录了后台', 1, 1464071042),
(2460, 1, 2334, 3662018659, 'member', 2334, 'bhqrsx在2016-05-24 14:59登录了后台', 1, 1464073150),
(2461, 1, 1, 2099626617, 'member', 1, '开发者在2016-05-24 15:01登录了后台', 1, 1464073300),
(2462, 1, 2, 2099626617, 'member', 2, 'tsw150001在2016-05-24 15:33登录了后台', 1, 1464075222),
(2463, 1, 2332, 3661956720, 'member', 2332, 'hb040163323在2016-05-24 15:46登录了后台', 1, 1464075996),
(2464, 1, 2337, 3661960086, 'member', 2337, 'bc090164138在2016-05-24 15:50登录了后台', 1, 1464076222),
(2465, 1, 2337, 3661960086, 'member', 2337, 'bc090164138在2016-05-24 15:52登录了后台', 1, 1464076324),
(2466, 1, 2337, 3661960086, 'member', 2337, 'bc090164138在2016-05-24 15:54登录了后台', 1, 1464076449),
(2467, 1, 2339, 3684054532, 'member', 2339, 'jh160167960在2016-05-24 17:40登录了后台', 1, 1464082859),
(2468, 1, 1, 2099626617, 'member', 1, '开发者在2016-05-25 09:00登录了后台', 1, 1464138000),
(2469, 1, 2336, 3661978945, 'member', 2336, 'jn100161395在2016-05-25 09:03登录了后台', 1, 1464138238),
(2470, 1, 2330, 1872766754, 'member', 2330, 'hd030163339在2016-05-25 09:23登录了后台', 1, 1464139399),
(2471, 1, 2339, 3684054532, 'member', 2339, 'jh160167960在2016-05-25 09:41登录了后台', 1, 1464140478),
(2472, 1, 2333, 1873254220, 'member', 2333, 'hq060162542在2016-05-25 10:22登录了后台', 1, 1464142951),
(2473, 1, 2333, 1873254220, 'member', 2333, 'hq060162542在2016-05-25 10:40登录了后台', 1, 1464144005),
(2474, 1, 2333, 1873254220, 'member', 2333, 'hq060162542在2016-05-25 10:55登录了后台', 1, 1464144936),
(2475, 1, 2333, 1873254220, 'member', 2333, 'hq060162542在2016-05-25 10:56登录了后台', 1, 1464145007),
(2476, 1, 2333, 1873254220, 'member', 2333, 'hq060162542在2016-05-25 11:05登录了后台', 1, 1464145500),
(2477, 1, 2333, 1873254220, 'member', 2333, 'hq060162542在2016-05-25 11:12登录了后台', 1, 1464145942),
(2478, 1, 2336, 3661978945, 'member', 2336, 'jn100161395在2016-05-25 11:17登录了后台', 1, 1464146269),
(2479, 1, 2343, 1971567176, 'member', 2343, '滨海保税区团委在2016-05-25 13:47登录了后台', 1, 1464155223),
(2480, 1, 2333, 1873254220, 'member', 2333, 'hq060162542在2016-05-25 14:16登录了后台', 1, 1464157009),
(2481, 1, 2330, 1872766754, 'member', 2330, 'hd030163339在2016-05-25 14:31登录了后台', 1, 1464157861),
(2482, 1, 2339, 3684054532, 'member', 2339, 'jh160167960在2016-05-25 14:37登录了后台', 1, 1464158221),
(2483, 1, 1, 2099626617, 'member', 1, '开发者在2016-05-25 15:49登录了后台', 1, 1464162540),
(2484, 1, 2335, 1971860999, 'member', 2335, 'dl070163420在2016-05-25 16:01登录了后台', 1, 1464163300),
(2485, 1, 2333, 1873254220, 'member', 2333, 'hq060162542在2016-05-25 16:04登录了后台', 1, 1464163455),
(2486, 1, 2333, 1873254220, 'member', 2333, 'hq060162542在2016-05-25 16:27登录了后台', 1, 1464164873),
(2487, 1, 2330, 1872766754, 'member', 2330, 'hd030163339在2016-05-25 16:42登录了后台', 1, 1464165737),
(2488, 1, 3377, 3723449154, 'member', 3377, '市国资委在2016-05-25 17:06登录了后台', 1, 1464167168),
(2489, 1, 2333, 1873254220, 'member', 2333, 'hq060162542在2016-05-25 17:11登录了后台', 1, 1464167473),
(2490, 1, 2343, 1872822652, 'member', 2343, '滨海保税区团委在2016-05-25 19:30登录了后台', 1, 1464175807),
(2491, 1, 2330, 2073459414, 'member', 2330, 'hd030163339在2016-05-26 07:37登录了后台', 1, 1464219460),
(2492, 1, 2332, 3661956720, 'member', 2332, 'hb040163323在2016-05-26 08:30登录了后台', 1, 1464222634),
(2493, 1, 2331, 1008559147, 'member', 2331, 'nk050164837在2016-05-26 08:41登录了后台', 1, 1464223316),
(2494, 1, 2332, 3661956720, 'member', 2332, 'hb040163323在2016-05-26 08:57登录了后台', 1, 1464224226),
(2495, 1, 2343, 1971567176, 'member', 2343, '滨海保税区团委在2016-05-26 09:14登录了后台', 1, 1464225277),
(2496, 1, 2333, 1873262710, 'member', 2333, 'hq060162542在2016-05-26 09:21登录了后台', 1, 1464225693),
(2497, 1, 2333, 1873262710, 'member', 2333, 'hq060162542在2016-05-26 09:23登录了后台', 1, 1464225792),
(2498, 1, 2333, 1873262710, 'member', 2333, 'hq060162542在2016-05-26 09:28登录了后台', 1, 1464226138),
(2499, 1, 2343, 1971567176, 'member', 2343, '滨海保税区团委在2016-05-26 09:29登录了后台', 1, 1464226153),
(2500, 1, 2333, 1873262710, 'member', 2333, 'hq060162542在2016-05-26 10:04登录了后台', 1, 1464228287),
(2501, 1, 2334, 3662018659, 'member', 2334, 'bhqrsx在2016-05-26 10:37登录了后台', 1, 1464230279),
(2502, 1, 2334, 2099626617, 'member', 2334, 'bhqrsx在2016-05-26 10:39登录了后台', 1, 1464230358),
(2503, 1, 2332, 3661956720, 'member', 2332, 'hb040163323在2016-05-26 11:01登录了后台', 1, 1464231697),
(2504, 1, 1, 2099626617, 'member', 1, '开发者在2016-05-26 11:09登录了后台', 1, 1464232194),
(2505, 1, 2332, 3661956720, 'member', 2332, 'hb040163323在2016-05-26 11:12登录了后台', 1, 1464232325),
(2506, 1, 2, 2099626617, 'member', 2, 'tsw150001在2016-05-26 11:14登录了后台', 1, 1464232450),
(2507, 1, 2, 2099626617, 'member', 2, 'tsw150001在2016-05-26 11:14登录了后台', 1, 1464232491),
(2508, 1, 2334, 2099626617, 'member', 2334, 'bhqrsx在2016-05-26 11:28登录了后台', 1, 1464233323),
(2509, 1, 2, 2099626617, 'member', 2, 'tsw150001在2016-05-26 11:37登录了后台', 1, 1464233823),
(2510, 1, 2343, 1971567176, 'member', 2343, '滨海保税区团委在2016-05-26 12:40登录了后台', 1, 1464237647),
(2511, 1, 1, 1873151785, 'member', 1, '开发者在2016-05-26 13:55登录了后台', 1, 1464242119),
(2512, 1, 2333, 1873262710, 'member', 2333, 'hq060162542在2016-05-26 14:00登录了后台', 1, 1464242454),
(2513, 1, 2, 1873151785, 'member', 2, 'tsw150001在2016-05-26 14:05登录了后台', 1, 1464242722),
(2514, 1, 2332, 3661956720, 'member', 2332, 'hb040163323在2016-05-26 14:07登录了后台', 1, 1464242833),
(2515, 1, 3388, 1873151785, 'member', 3388, 'hp010165499在2016-05-26 14:21登录了后台', 1, 1464243666),
(2516, 1, 2, 1873151785, 'member', 2, 'tsw150001在2016-05-26 14:25登录了后台', 1, 1464243924),
(2517, 1, 3388, 1873151785, 'member', 3388, 'hp010165499在2016-05-26 14:26登录了后台', 1, 1464243968),
(2518, 1, 2422, 1873151785, 'member', 2422, '开发区人社局在2016-05-26 14:27登录了后台', 1, 1464244078),
(2519, 1, 2342, 1873151785, 'member', 2342, '滨海开发区团委在2016-05-26 14:37登录了后台', 1, 1464244675),
(2520, 1, 2341, 1873151785, 'member', 2341, '滨海高新区团委在2016-05-26 14:38登录了后台', 1, 1464244706),
(2521, 1, 2333, 1873262710, 'member', 2333, 'hq060162542在2016-05-26 14:58登录了后台', 1, 1464245923),
(2522, 1, 1, 1873151785, 'member', 1, '开发者在2016-05-26 15:30登录了后台', 1, 1464247848),
(2523, 1, 2, 1873151785, 'member', 2, 'tsw150001在2016-05-26 15:36登录了后台', 1, 1464248211),
(2524, 1, 827, 3684050762, 'member', 827, 'xq080151133在2016-05-26 15:38登录了后台', 1, 1464248316),
(2525, 1, 2337, 3661960086, 'member', 2337, 'bc090164138在2016-05-26 16:00登录了后台', 1, 1464249610),
(2526, 1, 2333, 1873262710, 'member', 2333, 'hq060162542在2016-05-26 16:01登录了后台', 1, 1464249688),
(2527, 1, 2, 1873151785, 'member', 2, 'tsw150001在2016-05-26 17:03登录了后台', 1, 1464253391),
(2528, 1, 2334, 1873151785, 'member', 2334, 'bhqrsx在2016-05-26 17:03登录了后台', 1, 1464253439),
(2529, 1, 2, 1873151785, 'member', 2, 'tsw150001在2016-05-26 17:05登录了后台', 1, 1464253545),
(2530, 1, 2333, 1873253970, 'member', 2333, 'hq060162542在2016-05-27 08:58登录了后台', 1, 1464310706),
(2531, 1, 2330, 1872766754, 'member', 2330, 'hd030163339在2016-05-27 09:16登录了后台', 1, 1464311810),
(2532, 1, 2330, 3727355393, 'member', 2330, 'hd030163339在2016-05-27 09:28登录了后台', 1, 1464312503),
(2533, 1, 2330, 3727355393, 'member', 2330, 'hd030163339在2016-05-27 09:32登录了后台', 1, 1464312750),
(2534, 1, 2343, 1971567178, 'member', 2343, '滨海保税区团委在2016-05-27 10:39登录了后台', 1, 1464316761),
(2535, 1, 1, 1873151785, 'member', 1, '开发者在2016-05-27 11:21登录了后台', 1, 1464319292),
(2536, 1, 2333, 1873253970, 'member', 2333, 'hq060162542在2016-05-27 11:26登录了后台', 1, 1464319604),
(2537, 1, 2343, 1971567178, 'member', 2343, '滨海保税区团委在2016-05-27 12:33登录了后台', 1, 1464323639),
(2538, 1, 2330, 1872766754, 'member', 2330, 'hd030163339在2016-05-27 13:08登录了后台', 1, 1464325719),
(2539, 1, 2333, 1873253970, 'member', 2333, 'hq060162542在2016-05-27 13:57登录了后台', 1, 1464328630),
(2540, 1, 2332, 3661956720, 'member', 2332, 'hb040163323在2016-05-27 14:01登录了后台', 1, 1464328880),
(2541, 1, 2330, 1872766754, 'member', 2330, 'hd030163339在2016-05-27 14:39登录了后台', 1, 1464331181),
(2542, 1, 2330, 1872766754, 'member', 2330, 'hd030163339在2016-05-27 15:26登录了后台', 1, 1464333984),
(2543, 1, 1, 1873151785, 'member', 1, '开发者在2016-05-27 15:31登录了后台', 1, 1464334304),
(2544, 1, 2333, 1873253970, 'member', 2333, 'hq060162542在2016-05-27 16:41登录了后台', 1, 1464338460),
(2545, 1, 2330, 1872766754, 'member', 2330, 'hd030163339在2016-05-27 17:01登录了后台', 1, 1464339710),
(2546, 1, 2333, 1873253970, 'member', 2333, 'hq060162542在2016-05-27 17:07登录了后台', 1, 1464340053),
(2547, 1, 2330, 1872766754, 'member', 2330, 'hd030163339在2016-05-27 18:06登录了后台', 1, 1464343590),
(2548, 1, 2343, 1963819332, 'member', 2343, '滨海保税区团委在2016-05-27 20:31登录了后台', 1, 1464352295);
INSERT INTO `jdi_action_log` (`id`, `action_id`, `user_id`, `action_ip`, `model`, `record_id`, `remark`, `status`, `create_time`) VALUES
(2549, 1, 1, 1873151479, 'member', 1, '开发者在2016-05-28 09:38登录了后台', 1, 1464399518),
(2550, 1, 1, 1873151479, 'member', 1, '开发者在2016-05-28 09:40登录了后台', 1, 1464399602),
(2551, 1, 1, 1873151479, 'member', 1, '开发者在2016-05-28 09:42登录了后台', 1, 1464399749),
(2552, 1, 1, 1873151479, 'member', 1, '开发者在2016-05-28 09:44登录了后台', 1, 1464399877),
(2553, 1, 2, 1873151479, 'member', 2, 'tsw150001在2016-05-28 09:45登录了后台', 1, 1464399904),
(2554, 1, 2, 1873151479, 'member', 2, 'tsw150001在2016-05-28 09:45登录了后台', 1, 1464399935),
(2555, 1, 1, 1873151479, 'member', 1, '开发者在2016-05-28 09:46登录了后台', 1, 1464399962),
(2556, 1, 1, 1873151479, 'member', 1, '开发者在2016-05-28 09:47登录了后台', 1, 1464400033),
(2557, 1, 1, 1873151479, 'member', 1, '开发者在2016-05-28 09:47登录了后台', 1, 1464400072),
(2558, 1, 1, 1873151479, 'member', 1, '开发者在2016-05-28 10:08登录了后台', 1, 1464401303),
(2559, 1, 2, 1873151479, 'member', 2, 'tsw150001在2016-05-28 10:09登录了后台', 1, 1464401348),
(2560, 1, 1, 1873151479, 'member', 1, '开发者在2016-05-28 10:15登录了后台', 1, 1464401757),
(2561, 1, 2343, 1008509798, 'member', 2343, '滨海保税区团委在2016-05-28 15:49登录了后台', 1, 1464421754),
(2562, 1, 2330, 3727355404, 'member', 2330, 'hd030163339在2016-05-29 15:50登录了后台', 1, 1464508253),
(2563, 1, 2343, 2099735189, 'member', 2343, '滨海保税区团委在2016-05-30 08:09登录了后台', 1, 1464566952),
(2564, 1, 2332, 3661956720, 'member', 2332, 'hb040163323在2016-05-30 09:13登录了后台', 1, 1464570802),
(2565, 1, 2332, 3661956720, 'member', 2332, 'hb040163323在2016-05-30 09:14登录了后台', 1, 1464570863),
(2566, 1, 2330, 1872766754, 'member', 2330, 'hd030163339在2016-05-30 09:27登录了后台', 1, 1464571668),
(2567, 1, 2333, 1873261295, 'member', 2333, 'hq060162542在2016-05-30 09:37登录了后台', 1, 1464572242),
(2568, 1, 2339, 3684054532, 'member', 2339, 'jh160167960在2016-05-30 09:41登录了后台', 1, 1464572484),
(2569, 1, 1, 1873151479, 'member', 1, '开发者在2016-05-30 09:55登录了后台', 1, 1464573305),
(2570, 1, 2333, 1873261295, 'member', 2333, 'hq060162542在2016-05-30 11:10登录了后台', 1, 1464577850),
(2571, 1, 2330, 1872766754, 'member', 2330, 'hd030163339在2016-05-30 11:21登录了后台', 1, 1464578464),
(2572, 1, 1, 1873151479, 'member', 1, '开发者在2016-05-30 13:50登录了后台', 1, 1464587427),
(2573, 1, 2332, 3661956720, 'member', 2332, 'hb040163323在2016-05-30 14:44登录了后台', 1, 1464590671),
(2574, 1, 3377, 1008560030, 'member', 3377, '市国资委在2016-05-30 14:56登录了后台', 1, 1464591401),
(2575, 1, 3377, 3033878518, 'member', 3377, '市国资委在2016-05-30 15:01登录了后台', 1, 1464591679),
(2576, 1, 1, 1873151479, 'member', 1, '开发者在2016-05-30 16:28登录了后台', 1, 1464596915),
(2577, 1, 2343, 1971567178, 'member', 2343, '滨海保税区团委在2016-05-31 08:30登录了后台', 1, 1464654647),
(2578, 1, 1, 1873151479, 'member', 1, '开发者在2016-05-31 09:19登录了后台', 1, 1464657573),
(2579, 1, 2343, 1971567178, 'member', 2343, '滨海保税区团委在2016-05-31 13:02登录了后台', 1, 1464670937),
(2580, 1, 2343, 1971567178, 'member', 2343, '滨海保税区团委在2016-05-31 13:22登录了后台', 1, 1464672179),
(2581, 1, 1, 1873151479, 'member', 1, '开发者在2016-05-31 14:12登录了后台', 1, 1464675153),
(2582, 1, 2337, 3723438606, 'member', 2337, 'bc090164138在2016-05-31 14:17登录了后台', 1, 1464675470),
(2583, 1, 2343, 1971567178, 'member', 2343, '滨海保税区团委在2016-05-31 15:23登录了后台', 1, 1464679425),
(2584, 1, 832, 1930998196, 'member', 832, '天津师大在2016-05-31 15:36登录了后台', 1, 1464680213),
(2585, 1, 1075, 1930998196, 'member', 1075, '文学院在2016-05-31 15:42登录了后台', 1, 1464680553),
(2586, 1, 2336, 3661978945, 'member', 2336, 'jn100161395在2016-05-31 15:52登录了后台', 1, 1464681169),
(2587, 1, 1, 1873151479, 'member', 1, '开发者在2016-05-31 17:05登录了后台', 1, 1464685548),
(2588, 1, 1, 3661863466, 'member', 1, '开发者在2016-05-31 20:36登录了后台', 1, 1464698185),
(2589, 1, 2331, 1963677994, 'member', 2331, 'nk050164837在2016-05-31 23:22登录了后台', 1, 1464708176),
(2590, 1, 2331, 1963677994, 'member', 2331, 'nk050164837在2016-05-31 23:43登录了后台', 1, 1464709385),
(2591, 1, 2332, 3661956720, 'member', 2332, 'hb040163323在2016-06-01 08:32登录了后台', 1, 1464741174),
(2592, 1, 2, 1873151479, 'member', 2, 'tsw150001在2016-06-01 09:07登录了后台', 1, 1464743249),
(2593, 1, 2334, 1873151479, 'member', 2334, 'bhqrsx在2016-06-01 09:13登录了后台', 1, 1464743607),
(2594, 1, 3377, 3033878518, 'member', 3377, '市国资委在2016-06-01 09:13登录了后台', 1, 1464743628),
(2595, 1, 2, 1872806714, 'member', 2, 'tsw150001在2016-06-01 09:29登录了后台', 1, 1464744563),
(2596, 1, 1, 1873151479, 'member', 1, '开发者在2016-06-01 09:36登录了后台', 1, 1464744964),
(2597, 1, 3388, 1873151479, 'member', 3388, 'hp010165499在2016-06-01 09:36登录了后台', 1, 1464745012),
(2598, 1, 3377, 3033878518, 'member', 3377, '市国资委在2016-06-01 09:41登录了后台', 1, 1464745285),
(2599, 1, 1, 1873151479, 'member', 1, '开发者在2016-06-01 09:43登录了后台', 1, 1464745381),
(2600, 1, 3388, 1873151479, 'member', 3388, 'hp010165499在2016-06-01 09:44登录了后台', 1, 1464745498),
(2601, 1, 1, 1873151479, 'member', 1, '开发者在2016-06-01 09:52登录了后台', 1, 1464745935),
(2602, 1, 3388, 1873151479, 'member', 3388, 'hp010165499在2016-06-01 09:56登录了后台', 1, 1464746176),
(2603, 1, 2332, 3661956720, 'member', 2332, 'hb040163323在2016-06-01 10:05登录了后台', 1, 1464746719),
(2604, 1, 2334, 1873151479, 'member', 2334, 'bhqrsx在2016-06-01 10:12登录了后台', 1, 1464747166),
(2605, 1, 2, 1873151479, 'member', 2, 'tsw150001在2016-06-01 10:14登录了后台', 1, 1464747258),
(2606, 1, 1, 1873151479, 'member', 1, '开发者在2016-06-01 10:14登录了后台', 1, 1464747265),
(2607, 1, 3388, 1873151479, 'member', 3388, 'hp010165499在2016-06-01 10:14登录了后台', 1, 1464747299),
(2608, 1, 1, 1873151479, 'member', 1, '开发者在2016-06-01 10:20登录了后台', 1, 1464747617),
(2609, 1, 1, 1873151479, 'member', 1, '开发者在2016-06-01 10:26登录了后台', 1, 1464747967),
(2610, 1, 768, 1008548152, 'member', 768, 'hp010154340在2016-06-01 10:31登录了后台', 1, 1464748276),
(2611, 1, 768, 1008548155, 'member', 768, 'hp010154340在2016-06-01 10:43登录了后台', 1, 1464749032),
(2612, 1, 2, 1873151479, 'member', 2, 'tsw150001在2016-06-01 10:50登录了后台', 1, 1464749451),
(2613, 1, 768, 1008548155, 'member', 768, 'hp010154340在2016-06-01 10:51登录了后台', 1, 1464749471),
(2614, 1, 2342, 1873151479, 'member', 2342, '滨海开发区团委在2016-06-01 10:55登录了后台', 1, 1464749729),
(2615, 1, 2341, 1873151479, 'member', 2341, '滨海高新区团委在2016-06-01 10:56登录了后台', 1, 1464749777),
(2616, 1, 2334, 1873151479, 'member', 2334, 'bhqrsx在2016-06-01 11:04登录了后台', 1, 1464750297),
(2617, 1, 1, 1873151479, 'member', 1, '开发者在2016-06-01 11:05登录了后台', 1, 1464750320),
(2618, 1, 3388, 1873151479, 'member', 3388, 'hp010165499在2016-06-01 11:12登录了后台', 1, 1464750768),
(2619, 1, 1, 1873151479, 'member', 1, '开发者在2016-06-01 11:14登录了后台', 1, 1464750869),
(2620, 1, 2337, 3661959958, 'member', 2337, 'bc090164138在2016-06-01 11:18登录了后台', 1, 1464751090),
(2621, 1, 768, 1008548155, 'member', 768, 'hp010154340在2016-06-01 11:20登录了后台', 1, 1464751201),
(2622, 1, 2, 1873151479, 'member', 2, 'tsw150001在2016-06-01 11:23登录了后台', 1, 1464751432),
(2623, 1, 2, 1873151479, 'member', 2, 'tsw150001在2016-06-01 11:24登录了后台', 1, 1464751488),
(2624, 1, 2334, 1873151479, 'member', 2334, 'bhqrsx在2016-06-01 11:34登录了后台', 1, 1464752048),
(2625, 1, 2, 1873151479, 'member', 2, 'tsw150001在2016-06-01 11:34登录了后台', 1, 1464752082),
(2626, 1, 1, 1873151479, 'member', 1, '开发者在2016-06-01 11:47登录了后台', 1, 1464752833),
(2627, 1, 1, 1873151479, 'member', 1, '开发者在2016-06-01 11:53登录了后台', 1, 1464753223),
(2628, 1, 2, 1873151479, 'member', 2, 'tsw150001在2016-06-01 11:54登录了后台', 1, 1464753244),
(2629, 1, 2, 1873151479, 'member', 2, 'tsw150001在2016-06-01 11:54登录了后台', 1, 1464753269),
(2630, 1, 2, 1873151479, 'member', 2, 'tsw150001在2016-06-01 11:56登录了后台', 1, 1464753412),
(2631, 1, 2, 1873151479, 'member', 2, 'tsw150001在2016-06-01 11:57登录了后台', 1, 1464753460),
(2632, 1, 2, 1873151479, 'member', 2, 'tsw150001在2016-06-01 11:59登录了后台', 1, 1464753581),
(2633, 1, 2, 1873151479, 'member', 2, 'tsw150001在2016-06-01 12:21登录了后台', 1, 1464754888),
(2634, 1, 2342, 1873151479, 'member', 2342, '滨海开发区团委在2016-06-01 12:40登录了后台', 1, 1464756004),
(2635, 1, 2341, 1873151479, 'member', 2341, '滨海高新区团委在2016-06-01 12:40登录了后台', 1, 1464756042),
(2636, 1, 2334, 1873151479, 'member', 2334, 'bhqrsx在2016-06-01 12:48登录了后台', 1, 1464756491),
(2637, 1, 2333, 1873253297, 'member', 2333, 'hq060162542在2016-06-01 14:00登录了后台', 1, 1464760800),
(2638, 1, 768, 1008548155, 'member', 768, 'hp010154340在2016-06-01 14:00登录了后台', 1, 1464760849),
(2639, 1, 2337, 3723438606, 'member', 2337, 'bc090164138在2016-06-01 14:02登录了后台', 1, 1464760939),
(2640, 1, 768, 1008548155, 'member', 768, 'hp010154340在2016-06-01 14:06登录了后台', 1, 1464761163),
(2641, 1, 2335, 1971861130, 'member', 2335, 'dl070163420在2016-06-01 14:08登录了后台', 1, 1464761289),
(2642, 1, 2340, 1872990514, 'member', 2340, 'nh150168245在2016-06-01 14:13登录了后台', 1, 1464761596),
(2643, 1, 2335, 1971861130, 'member', 2335, 'dl070163420在2016-06-01 14:21登录了后台', 1, 1464762061),
(2644, 1, 2332, 3661956720, 'member', 2332, 'hb040163323在2016-06-01 14:26登录了后台', 1, 1464762360),
(2645, 1, 2340, 1872990514, 'member', 2340, 'nh150168245在2016-06-01 14:29登录了后台', 1, 1464762575),
(2646, 1, 1, 1873151479, 'member', 1, '开发者在2016-06-01 14:41登录了后台', 1, 1464763267),
(2647, 1, 2340, 1872990514, 'member', 2340, 'nh150168245在2016-06-01 14:48登录了后台', 1, 1464763693),
(2648, 1, 1, 1873151479, 'member', 1, '开发者在2016-06-01 15:21登录了后台', 1, 1464765682),
(2649, 1, 768, 1008548155, 'member', 768, 'hp010154340在2016-06-01 15:31登录了后台', 1, 1464766309),
(2650, 1, 2339, 3684054532, 'member', 2339, 'jh160167960在2016-06-01 15:42登录了后台', 1, 1464766931),
(2651, 1, 1, 1873151479, 'member', 1, '开发者在2016-06-01 15:55登录了后台', 1, 1464767748),
(2652, 1, 1, 1873151479, 'member', 1, '开发者在2016-06-01 15:56登录了后台', 1, 1464767768),
(2653, 1, 2339, 3684054532, 'member', 2339, 'jh160167960在2016-06-01 15:58登录了后台', 1, 1464767892),
(2654, 1, 768, 1008548155, 'member', 768, 'hp010154340在2016-06-01 16:02登录了后台', 1, 1464768135),
(2655, 1, 768, 1008548155, 'member', 768, 'hp010154340在2016-06-01 16:10登录了后台', 1, 1464768634),
(2656, 1, 768, 1008548155, 'member', 768, 'hp010154340在2016-06-01 16:17登录了后台', 1, 1464769071),
(2657, 1, 3377, 1008479814, 'member', 3377, '市国资委在2016-06-01 16:57登录了后台', 1, 1464771457),
(2658, 1, 1, 2099535974, 'member', 1, '开发者在2016-06-01 17:03登录了后台', 1, 1464771823),
(2659, 1, 1, 3661863466, 'member', 1, '开发者在2016-06-01 22:50登录了后台', 1, 1464792624),
(2660, 1, 5544, 3661863466, 'member', 5544, '海和园院区在2016-06-02 00:19登录了后台', 1, 1464797952),
(2661, 1, 1, 3661863466, 'member', 1, '开发者在2016-06-02 00:20登录了后台', 1, 1464798028),
(2662, 1, 2332, 3661956720, 'member', 2332, 'hb040163323在2016-06-02 08:31登录了后台', 1, 1464827510),
(2663, 1, 2336, 3661978945, 'member', 2336, 'jn100161395在2016-06-02 08:53登录了后台', 1, 1464828832),
(2664, 1, 2340, 1872990514, 'member', 2340, 'nh150168245在2016-06-02 08:58登录了后台', 1, 1464829126),
(2665, 1, 2343, 1971567178, 'member', 2343, '滨海保税区团委在2016-06-02 09:03登录了后台', 1, 1464829407),
(2666, 1, 2337, 3661960086, 'member', 2337, 'bc090164138在2016-06-02 09:05登录了后台', 1, 1464829518),
(2667, 1, 1, 2099535974, 'member', 1, '开发者在2016-06-02 09:07登录了后台', 1, 1464829654),
(2668, 1, 768, 1008548155, 'member', 768, 'hp010154340在2016-06-02 09:07登录了后台', 1, 1464829661),
(2669, 1, 1, 2099535974, 'member', 1, '开发者在2016-06-02 09:17登录了后台', 1, 1464830250),
(2670, 1, 884, 2099535974, 'member', 884, '天津理工大学中环信息学院在2016-06-02 09:28登录了后台', 1, 1464830892),
(2671, 1, 1014, 2099535974, 'member', 1014, '建筑学院在2016-06-02 09:31登录了后台', 1, 1464831084),
(2672, 1, 1, 2099535974, 'member', 1, '开发者在2016-06-02 09:45登录了后台', 1, 1464831959),
(2673, 1, 1, 2099535974, 'member', 1, '开发者在2016-06-02 09:48登录了后台', 1, 1464832106),
(2674, 1, 2336, 3661978945, 'member', 2336, 'jn100161395在2016-06-02 10:20登录了后台', 1, 1464834023),
(2675, 1, 3388, 2099535974, 'member', 3388, 'hp010165499在2016-06-02 10:35登录了后台', 1, 1464834910),
(2676, 1, 3388, 2099535974, 'member', 3388, 'hp010165499在2016-06-02 10:36登录了后台', 1, 1464835019),
(2677, 1, 3388, 2099535974, 'member', 3388, 'hp010165499在2016-06-02 10:37登录了后台', 1, 1464835045),
(2678, 1, 1, 2099535974, 'member', 1, '开发者在2016-06-02 10:38登录了后台', 1, 1464835106),
(2679, 1, 1, 2099535974, 'member', 1, '开发者在2016-06-02 10:40登录了后台', 1, 1464835207),
(2680, 1, 1, 2099535974, 'member', 1, '开发者在2016-06-02 10:40登录了后台', 1, 1464835249),
(2681, 1, 2, 2099535974, 'member', 2, 'tsw150001在2016-06-02 10:41登录了后台', 1, 1464835316),
(2682, 1, 1, 2099535974, 'member', 1, '开发者在2016-06-02 10:43登录了后台', 1, 1464835421),
(2683, 1, 2, 2099535974, 'member', 2, 'tsw150001在2016-06-02 10:43登录了后台', 1, 1464835432),
(2684, 1, 1, 2099535974, 'member', 1, '开发者在2016-06-02 10:44登录了后台', 1, 1464835457),
(2685, 1, 2, 2099535974, 'member', 2, 'tsw150001在2016-06-02 10:55登录了后台', 1, 1464836110),
(2686, 1, 2, 2099535974, 'member', 2, 'tsw150001在2016-06-02 10:59登录了后台', 1, 1464836384),
(2687, 1, 2330, 1872766754, 'member', 2330, 'hd030163339在2016-06-02 11:30登录了后台', 1, 1464838227),
(2688, 1, 2330, 1872765794, 'member', 2330, 'hd030163339在2016-06-02 11:36登录了后台', 1, 1464838617),
(2689, 1, 2, 2099535974, 'member', 2, 'tsw150001在2016-06-02 13:49登录了后台', 1, 1464846546),
(2690, 1, 1, 2099535974, 'member', 1, '开发者在2016-06-02 13:49登录了后台', 1, 1464846597),
(2691, 1, 1, 2099535974, 'member', 1, '开发者在2016-06-02 13:50登录了后台', 1, 1464846628),
(2692, 1, 1, 2099535974, 'member', 1, '开发者在2016-06-02 13:50登录了后台', 1, 1464846650),
(2693, 1, 1, 2099535974, 'member', 1, '开发者在2016-06-02 13:52登录了后台', 1, 1464846730),
(2694, 1, 1, 2099535974, 'member', 1, '开发者在2016-06-02 13:52登录了后台', 1, 1464846766),
(2695, 1, 1, 2099535974, 'member', 1, '开发者在2016-06-02 13:53登录了后台', 1, 1464846816),
(2696, 1, 1, 2099535974, 'member', 1, '开发者在2016-06-02 13:55登录了后台', 1, 1464846914),
(2697, 1, 2, 2099535974, 'member', 2, 'tsw150001在2016-06-02 13:59登录了后台', 1, 1464847149),
(2698, 1, 2340, 1872990514, 'member', 2340, 'nh150168245在2016-06-02 14:09登录了后台', 1, 1464847764),
(2699, 1, 2, 2099535974, 'member', 2, 'tsw150001在2016-06-02 14:12登录了后台', 1, 1464847948),
(2700, 1, 1, 2099535974, 'member', 1, '开发者在2016-06-02 14:13登录了后台', 1, 1464848034),
(2701, 1, 1, 2099535974, 'member', 1, '开发者在2016-06-02 14:14登录了后台', 1, 1464848063),
(2702, 1, 1, 2099535974, 'member', 1, '开发者在2016-06-02 14:14登录了后台', 1, 1464848093),
(2703, 1, 2, 1872806714, 'member', 2, 'tsw150001在2016-06-02 14:18登录了后台', 1, 1464848308),
(2704, 1, 2, 2099535974, 'member', 2, 'tsw150001在2016-06-02 14:19登录了后台', 1, 1464848359),
(2705, 1, 2336, 3661978945, 'member', 2336, 'jn100161395在2016-06-02 14:28登录了后台', 1, 1464848935),
(2706, 1, 2343, 1971567178, 'member', 2343, '滨海保税区团委在2016-06-02 15:18登录了后台', 1, 1464851907),
(2707, 1, 2331, 1008559147, 'member', 2331, 'nk050164837在2016-06-02 16:24登录了后台', 1, 1464855863),
(2708, 1, 1, 2099535974, 'member', 1, '开发者在2016-06-02 16:48登录了后台', 1, 1464857315),
(2709, 1, 2339, 3684054532, 'member', 2339, 'jh160167960在2016-06-02 16:59登录了后台', 1, 1464857998),
(2710, 1, 2331, 1008559147, 'member', 2331, 'nk050164837在2016-06-02 17:00登录了后台', 1, 1464858003),
(2711, 1, 2331, 1963677994, 'member', 2331, 'nk050164837在2016-06-02 23:13登录了后台', 1, 1464880405),
(2712, 1, 2343, 1971567178, 'member', 2343, '滨海保税区团委在2016-06-03 08:02登录了后台', 1, 1464912150),
(2713, 1, 2308, 1971563634, 'member', 2308, 'hx020167867在2016-06-03 08:19登录了后台', 1, 1464913153),
(2714, 1, 2, 1872806714, 'member', 2, 'tsw150001在2016-06-03 09:10登录了后台', 1, 1464916212),
(2715, 1, 2, 1008274186, 'member', 2, 'tsw150001在2016-06-03 09:15登录了后台', 1, 1464916500),
(2716, 1, 884, 1008274186, 'member', 884, '天津理工大学中环信息学院在2016-06-03 09:27登录了后台', 1, 1464917242),
(2717, 1, 883, 1872806714, 'member', 883, '天津师范大学津沽学院在2016-06-03 09:32登录了后台', 1, 1464917527),
(2718, 1, 1, 1008274186, 'member', 1, '开发者在2016-06-03 09:49登录了后台', 1, 1464918575),
(2719, 1, 2331, 1008559147, 'member', 2331, 'nk050164837在2016-06-03 10:33登录了后台', 1, 1464921185),
(2720, 1, 884, 1008274186, 'member', 884, '天津理工大学中环信息学院在2016-06-03 10:34登录了后台', 1, 1464921243),
(2721, 1, 2, 1872806714, 'member', 2, 'tsw150001在2016-06-03 10:40登录了后台', 1, 1464921656),
(2722, 1, 2, 1872806714, 'member', 2, 'tsw150001在2016-06-03 10:50登录了后台', 1, 1464922228),
(2723, 1, 2331, 1008559147, 'member', 2331, 'nk050164837在2016-06-03 10:55登录了后台', 1, 1464922508),
(2724, 1, 2, 1008274186, 'member', 2, 'tsw150001在2016-06-03 11:04登录了后台', 1, 1464923091),
(2725, 1, 2, 1008274186, 'member', 2, 'tsw150001在2016-06-03 11:07登录了后台', 1, 1464923255),
(2726, 1, 2, 1008274186, 'member', 2, 'tsw150001在2016-06-03 11:08登录了后台', 1, 1464923310),
(2727, 1, 2, 1008274186, 'member', 2, 'tsw150001在2016-06-03 11:10登录了后台', 1, 1464923415),
(2728, 1, 2, 1008274186, 'member', 2, 'tsw150001在2016-06-03 12:24登录了后台', 1, 1464927885),
(2729, 1, 2, 1872806714, 'member', 2, 'tsw150001在2016-06-03 13:17登录了后台', 1, 1464931058),
(2730, 1, 2, 1872806714, 'member', 2, 'tsw150001在2016-06-03 13:45登录了后台', 1, 1464932747),
(2731, 1, 2337, 3661960086, 'member', 2337, 'bc090164138在2016-06-03 13:56登录了后台', 1, 1464933375),
(2732, 1, 2337, 3661960086, 'member', 2337, 'bc090164138在2016-06-03 13:57登录了后台', 1, 1464933439),
(2733, 1, 2, 1872806714, 'member', 2, 'tsw150001在2016-06-03 14:23登录了后台', 1, 1464935023),
(2734, 1, 1, 1008274186, 'member', 1, '开发者在2016-06-03 15:28登录了后台', 1, 1464938926),
(2735, 1, 1, 1008274186, 'member', 1, '开发者在2016-06-03 16:44登录了后台', 1, 1464943462),
(2736, 1, 1, 1008274186, 'member', 1, '开发者在2016-06-03 17:15登录了后台', 1, 1464945324),
(2737, 1, 832, 1930998196, 'member', 832, '天津师大在2016-06-03 17:52登录了后台', 1, 1464947559),
(2738, 1, 2, 3661863466, 'member', 2, 'tsw150001在2016-06-03 23:27登录了后台', 1, 1464967646),
(2739, 1, 1, 1008274186, 'member', 1, '开发者在2016-06-04 15:09登录了后台', 1, 1465024185),
(2740, 1, 1068, 994266134, 'member', 1068, '城市与环境科学学院在2016-06-06 08:03登录了后台', 1, 1465171390),
(2741, 1, 1084, 994266385, 'member', 1084, '计算机与信息工程学院在2016-06-06 08:07登录了后台', 1, 1465171647),
(2742, 1, 1084, 994266385, 'member', 1084, '计算机与信息工程学院在2016-06-06 08:08登录了后台', 1, 1465171708),
(2743, 1, 2343, 1971567178, 'member', 2343, '滨海保税区团委在2016-06-06 08:10登录了后台', 1, 1465171841),
(2744, 1, 1068, 994266134, 'member', 1068, '城市与环境科学学院在2016-06-06 08:26登录了后台', 1, 1465172763),
(2745, 1, 2340, 1008418465, 'member', 2340, 'nh150168245在2016-06-06 08:38登录了后台', 1, 1465173497),
(2746, 1, 1068, 994266134, 'member', 1068, '城市与环境科学学院在2016-06-06 08:40登录了后台', 1, 1465173638),
(2747, 1, 1005, 1930998196, 'member', 1005, '软件学院在2016-06-06 08:45登录了后台', 1, 1465173952),
(2748, 1, 832, 1930998196, 'member', 832, '天津师大在2016-06-06 08:47登录了后台', 1, 1465174036),
(2749, 1, 5484, 994263817, 'member', 5484, '物理与材料科学学院在2016-06-06 08:50登录了后台', 1, 1465174212),
(2750, 1, 2, 1872806714, 'member', 2, 'tsw150001在2016-06-06 09:32登录了后台', 1, 1465176774),
(2751, 1, 2332, 3661956720, 'member', 2332, 'hb040163323在2016-06-06 09:39登录了后台', 1, 1465177156),
(2752, 1, 2, 1872806714, 'member', 2, 'tsw150001在2016-06-06 10:24登录了后台', 1, 1465179843),
(2753, 1, 884, 1872806714, 'member', 884, '天津理工大学中环信息学院在2016-06-06 10:28登录了后台', 1, 1465180117),
(2754, 1, 1, 1008274186, 'member', 1, '开发者在2016-06-06 11:05登录了后台', 1, 1465182355),
(2755, 1, 1, 1008274186, 'member', 1, '开发者在2016-06-06 11:06登录了后台', 1, 1465182378),
(2756, 1, 2, 1008274186, 'member', 2, 'tsw150001在2016-06-06 11:06登录了后台', 1, 1465182416),
(2757, 1, 1, 1008274186, 'member', 1, '开发者在2016-06-06 11:10登录了后台', 1, 1465182614),
(2758, 1, 884, 1008274186, 'member', 884, '天津理工大学中环信息学院在2016-06-06 11:14登录了后台', 1, 1465182868),
(2759, 1, 2, 1008274186, 'member', 2, 'tsw150001在2016-06-06 11:17登录了后台', 1, 1465183067),
(2760, 1, 1, 1008274186, 'member', 1, '开发者在2016-06-06 11:20登录了后台', 1, 1465183203),
(2761, 1, 8480, 1008274186, 'member', 8480, '经济学院在2016-06-06 11:25登录了后台', 1, 1465183528),
(2762, 1, 1, 1008274186, 'member', 1, '开发者在2016-06-06 11:27登录了后台', 1, 1465183657),
(2763, 1, 8480, 1008274186, 'member', 8480, '经济学院在2016-06-06 11:32登录了后台', 1, 1465183953),
(2764, 1, 2, 1008274186, 'member', 2, 'tsw150001在2016-06-06 11:33登录了后台', 1, 1465183987),
(2765, 1, 1, 1008274186, 'member', 1, '开发者在2016-06-06 11:35登录了后台', 1, 1465184146),
(2766, 1, 2340, 1008418465, 'member', 2340, 'nh150168245在2016-06-06 11:38登录了后台', 1, 1465184325),
(2767, 1, 2, 1872806714, 'member', 2, 'tsw150001在2016-06-06 11:54登录了后台', 1, 1465185282),
(2768, 1, 1, 1008274186, 'member', 1, '开发者在2016-06-06 11:59登录了后台', 1, 1465185598),
(2769, 1, 2, 1008274186, 'member', 2, 'tsw150001在2016-06-06 12:20登录了后台', 1, 1465186857),
(2770, 1, 1, 1008274186, 'member', 1, '开发者在2016-06-06 12:21登录了后台', 1, 1465186892),
(2771, 1, 1068, 994266134, 'member', 1068, '城市与环境科学学院在2016-06-06 12:47登录了后台', 1, 1465188471),
(2772, 1, 1068, 994266134, 'member', 1068, '城市与环境科学学院在2016-06-06 12:51登录了后台', 1, 1465188662),
(2773, 1, 835, 2073493443, 'member', 835, '天津理工在2016-06-06 13:06登录了后台', 1, 1465189613),
(2774, 1, 909, 1864253602, 'member', 909, '天津职业技术师范大学在2016-06-06 13:19登录了后台', 1, 1465190392),
(2775, 1, 1138, 2073493443, 'member', 1138, '材料科学与工程学院在2016-06-06 13:24登录了后台', 1, 1465190688),
(2776, 1, 5477, 1864245395, 'member', 5477, '能源与安全工程学院在2016-06-06 13:25登录了后台', 1, 1465190743),
(2777, 1, 2330, 1872766754, 'member', 2330, 'hd030163339在2016-06-06 13:31登录了后台', 1, 1465191062),
(2778, 1, 883, 994267010, 'member', 883, '天津师范大学津沽学院在2016-06-06 13:40登录了后台', 1, 1465191611),
(2779, 1, 840, 1864245395, 'member', 840, '天津城建大学在2016-06-06 13:40登录了后台', 1, 1465191613),
(2780, 1, 2336, 3661978945, 'member', 2336, 'jn100161395在2016-06-06 13:42登录了后台', 1, 1465191772),
(2781, 1, 878, 3726531219, 'member', 878, '天津外国语学院滨海外事学院在2016-06-06 13:57登录了后台', 1, 1465192649),
(2782, 1, 909, 1864253602, 'member', 909, '天津职业技术师范大学在2016-06-06 14:04登录了后台', 1, 1465193067),
(2783, 1, 850, 1971579462, 'member', 850, '天津天狮学院在2016-06-06 14:12登录了后台', 1, 1465193522),
(2784, 1, 909, 1864253602, 'member', 909, '天津职业技术师范大学在2016-06-06 14:12登录了后台', 1, 1465193576),
(2785, 1, 2340, 1008418465, 'member', 2340, 'nh150168245在2016-06-06 14:16登录了后台', 1, 1465193783),
(2786, 1, 2337, 3723438606, 'member', 2337, 'bc090164138在2016-06-06 14:18登录了后台', 1, 1465193917),
(2787, 1, 1389, 1971579462, 'member', 1389, '外国语学院在2016-06-06 14:19登录了后台', 1, 1465193981),
(2788, 1, 5509, 1971579462, 'member', 5509, '信息与自动化学院在2016-06-06 14:20登录了后台', 1, 1465194051),
(2789, 1, 1087, 3544479665, 'member', 1087, '人文与法学院在2016-06-06 14:24登录了后台', 1, 1465194260),
(2790, 1, 885, 2042724579, 'member', 885, '天津大学仁爱学院在2016-06-06 14:24登录了后台', 1, 1465194268),
(2791, 1, 1663, 3748193135, 'member', 1663, '自动化与电气工程学院在2016-06-06 14:24登录了后台', 1, 1465194295),
(2792, 1, 850, 1971579462, 'member', 850, '天津天狮学院在2016-06-06 14:26登录了后台', 1, 1465194383),
(2793, 1, 884, 1872770606, 'member', 884, '天津理工大学中环信息学院在2016-06-06 14:27登录了后台', 1, 1465194424),
(2794, 1, 886, 1035309388, 'member', 886, '天津财经大学珠江学院在2016-06-06 14:27登录了后台', 1, 1465194478),
(2795, 1, 1663, 3748193135, 'member', 1663, '自动化与电气工程学院在2016-06-06 14:28登录了后台', 1, 1465194488),
(2796, 1, 1, 1008274186, 'member', 1, '开发者在2016-06-06 14:37登录了后台', 1, 1465195042),
(2797, 1, 5545, 1035309386, 'member', 5545, '管理学院会计系在2016-06-06 14:37登录了后台', 1, 1465195047),
(2798, 1, 5546, 1035309388, 'member', 5546, '管理学院旅游系在2016-06-06 14:38登录了后台', 1, 1465195135),
(2799, 1, 1, 1008274186, 'member', 1, '开发者在2016-06-06 14:42登录了后台', 1, 1465195324),
(2800, 1, 5534, 994267010, 'member', 5534, '艺术设计系在2016-06-06 14:43登录了后台', 1, 1465195435),
(2801, 1, 5548, 1035309391, 'member', 5548, '人文学院在2016-06-06 14:44登录了后台', 1, 1465195475),
(2802, 1, 1, 1008274186, 'member', 1, '开发者在2016-06-06 14:48登录了后台', 1, 1465195708),
(2803, 1, 882, 1035309327, 'member', 882, '北京科技大学天津学院在2016-06-06 14:49登录了后台', 1, 1465195756),
(2804, 1, 830, 3396448352, 'member', 830, '天津大学在2016-06-06 14:50登录了后台', 1, 1465195827),
(2805, 1, 1130, 1742898499, 'member', 1130, '华信软件学院在2016-06-06 14:52登录了后台', 1, 1465195976),
(2806, 1, 1131, 2073493444, 'member', 1131, '国际工商学院在2016-06-06 14:54登录了后台', 1, 1465196089),
(2807, 1, 850, 1971579534, 'member', 850, '天津天狮学院在2016-06-06 14:55登录了后台', 1, 1465196101),
(2808, 1, 842, 3726531625, 'member', 842, '天津外国语在2016-06-06 15:02登录了后台', 1, 1465196563),
(2809, 1, 1097, 1872822482, 'member', 1097, '管理学院在2016-06-06 15:09登录了后台', 1, 1465196990),
(2810, 1, 1043, 1008274186, 'member', 1043, '城市学院在2016-06-06 15:10登录了后台', 1, 1465197032),
(2811, 1, 5518, 2042724737, 'member', 5518, '社外系在2016-06-06 15:13登录了后台', 1, 1465197200),
(2812, 1, 5498, 1872822467, 'member', 5498, '电子与信息工程学院在2016-06-06 15:15登录了后台', 1, 1465197324),
(2813, 1, 5503, 1872822469, 'member', 5503, '机械工程学院在2016-06-06 15:15登录了后台', 1, 1465197343),
(2814, 1, 5507, 1971579528, 'member', 5507, '工商管理学院在2016-06-06 15:19登录了后台', 1, 1465197540),
(2815, 1, 837, 3723425154, 'member', 837, '天津中医药在2016-06-06 15:19登录了后台', 1, 1465197567),
(2816, 1, 5500, 3544479665, 'member', 5500, '材料科学与工程学院在2016-06-06 15:19登录了后台', 1, 1465197573),
(2817, 1, 5498, 1872822467, 'member', 5498, '电子与信息工程学院在2016-06-06 15:20登录了后台', 1, 1465197631),
(2818, 1, 5519, 2042724737, 'member', 5519, '建工系在2016-06-06 15:20登录了后台', 1, 1465197641),
(2819, 1, 5501, 1872822467, 'member', 5501, '电气工程与自动化学院在2016-06-06 15:21登录了后台', 1, 1465197664),
(2820, 1, 830, 1864249057, 'member', 830, '天津大学在2016-06-06 15:22登录了后台', 1, 1465197765),
(2821, 1, 1620, 2042724737, 'member', 1620, '建筑系在2016-06-06 15:23登录了后台', 1, 1465197821),
(2822, 1, 5503, 1872822469, 'member', 5503, '机械工程学院在2016-06-06 15:24登录了后台', 1, 1465197846),
(2823, 1, 2340, 1008418465, 'member', 2340, 'nh150168245在2016-06-06 15:26登录了后台', 1, 1465197981),
(2824, 1, 830, 1864249057, 'member', 830, '天津大学在2016-06-06 15:27登录了后台', 1, 1465198033),
(2825, 1, 1620, 2042724737, 'member', 1620, '建筑系在2016-06-06 15:27登录了后台', 1, 1465198046),
(2826, 1, 5484, 994263914, 'member', 5484, '物理与材料科学学院在2016-06-06 15:30登录了后台', 1, 1465198222),
(2827, 1, 833, 3544479665, 'member', 833, '天津工大在2016-06-06 15:33登录了后台', 1, 1465198389),
(2828, 1, 833, 3544479665, 'member', 833, '天津工大在2016-06-06 15:34登录了后台', 1, 1465198488),
(2829, 1, 5565, 3723425154, 'member', 5565, '针灸推拿学院在2016-06-06 15:46登录了后台', 1, 1465199175),
(2830, 1, 1082, 994264476, 'member', 1082, '美术与设计学院在2016-06-06 16:03登录了后台', 1, 1465200220),
(2831, 1, 1389, 1971579458, 'member', 1389, '外国语学院在2016-06-06 16:06登录了后台', 1, 1465200412),
(2832, 1, 829, 1971861030, 'member', 829, '南开大学在2016-06-06 16:06登录了后台', 1, 1465200417),
(2833, 1, 1389, 1971579458, 'member', 1389, '外国语学院在2016-06-06 16:08登录了后台', 1, 1465200481),
(2834, 1, 5507, 1971579528, 'member', 5507, '工商管理学院在2016-06-06 16:08登录了后台', 1, 1465200523),
(2835, 1, 884, 1872770606, 'member', 884, '天津理工大学中环信息学院在2016-06-06 16:08登录了后台', 1, 1465200533),
(2836, 1, 1593, 3726531092, 'member', 1593, '英语系在2016-06-06 16:11登录了后台', 1, 1465200694),
(2837, 1, 5500, 712661659, 'member', 5500, '材料科学与工程学院在2016-06-06 16:13登录了后台', 1, 1465200781),
(2838, 1, 983, 1971861030, 'member', 983, '化学学院在2016-06-06 16:13登录了后台', 1, 1465200821),
(2839, 1, 1082, 994264470, 'member', 1082, '美术与设计学院在2016-06-06 16:14登录了后台', 1, 1465200890),
(2840, 1, 983, 1971861030, 'member', 983, '化学学院在2016-06-06 16:16登录了后台', 1, 1465201018),
(2841, 1, 5500, 712661659, 'member', 5500, '材料科学与工程学院在2016-06-06 16:19登录了后台', 1, 1465201183),
(2842, 1, 1, 1008274186, 'member', 1, '开发者在2016-06-06 16:21登录了后台', 1, 1465201302),
(2843, 1, 983, 1008274186, 'member', 983, '化学学院在2016-06-06 16:22登录了后台', 1, 1465201327),
(2844, 1, 829, 1971575599, 'member', 829, '南开大学在2016-06-06 16:22登录了后台', 1, 1465201364),
(2845, 1, 3388, 1008274186, 'member', 3388, 'hp010165499在2016-06-06 16:23登录了后台', 1, 1465201387),
(2846, 1, 3388, 1008274186, 'member', 3388, 'hp010165499在2016-06-06 16:23登录了后台', 1, 1465201408),
(2847, 1, 3388, 1008274186, 'member', 3388, 'hp010165499在2016-06-06 16:23登录了后台', 1, 1465201429),
(2848, 1, 988, 1971575599, 'member', 988, '商学院在2016-06-06 16:24登录了后台', 1, 1465201468),
(2849, 1, 5519, 2042724474, 'member', 5519, '建工系在2016-06-06 16:25登录了后台', 1, 1465201506),
(2850, 1, 1077, 1008508065, 'member', 1077, '法学院在2016-06-06 16:26登录了后台', 1, 1465201585),
(2851, 1, 1087, 1872822468, 'member', 1087, '人文与法学院在2016-06-06 16:29登录了后台', 1, 1465201783),
(2852, 1, 1616, 1872770610, 'member', 1616, '电子信息工程系在2016-06-06 16:40登录了后台', 1, 1465202401),
(2853, 1, 5499, 1872822476, 'member', 5499, '环境与化学工程学院在2016-06-06 16:42登录了后台', 1, 1465202536),
(2854, 1, 1616, 1872770610, 'member', 1616, '电子信息工程系在2016-06-06 16:42登录了后台', 1, 1465202555),
(2855, 1, 1616, 1872770606, 'member', 1616, '电子信息工程系在2016-06-06 16:43登录了后台', 1, 1465202593),
(2856, 1, 1069, 994264075, 'member', 1069, '外国语学院在2016-06-06 16:45登录了后台', 1, 1465202704),
(2857, 1, 1621, 2042724454, 'member', 1621, '机械系在2016-06-06 16:45登录了后台', 1, 1465202757),
(2858, 1, 884, 1872770606, 'member', 884, '天津理工大学中环信息学院在2016-06-06 16:46登录了后台', 1, 1465202791),
(2859, 1, 1, 1008274186, 'member', 1, '开发者在2016-06-06 16:47登录了后台', 1, 1465202829),
(2860, 1, 1621, 2042724454, 'member', 1621, '机械系在2016-06-06 16:47登录了后台', 1, 1465202858),
(2861, 1, 833, 3544479665, 'member', 833, '天津工大在2016-06-06 16:52登录了后台', 1, 1465203131),
(2862, 1, 833, 3544479631, 'member', 833, '天津工大在2016-06-06 16:55登录了后台', 1, 1465203311),
(2863, 1, 5499, 1872822476, 'member', 5499, '环境与化学工程学院在2016-06-06 16:56登录了后台', 1, 1465203370),
(2864, 1, 835, 2073493445, 'member', 835, '天津理工在2016-06-06 16:57登录了后台', 1, 1465203473),
(2865, 1, 833, 3544479631, 'member', 833, '天津工大在2016-06-06 16:59登录了后台', 1, 1465203564),
(2866, 1, 1090, 1872822470, 'member', 1090, '外国语学院在2016-06-06 17:01登录了后台', 1, 1465203665),
(2867, 1, 833, 3544479631, 'member', 833, '天津工大在2016-06-06 17:01登录了后台', 1, 1465203677),
(2868, 1, 1077, 1008508065, 'member', 1077, '法学院在2016-06-06 17:02登录了后台', 1, 1465203742),
(2869, 1, 1095, 1872822468, 'member', 1095, '理学院在2016-06-06 17:09登录了后台', 1, 1465204152),
(2870, 1, 884, 1872770606, 'member', 884, '天津理工大学中环信息学院在2016-06-06 17:10登录了后台', 1, 1465204239),
(2871, 1, 5504, 1873071625, 'member', 5504, '研工部在2016-06-06 17:12登录了后台', 1, 1465204321),
(2872, 1, 5502, 1872822471, 'member', 5502, '计算机科学与软件学院在2016-06-06 17:21登录了后台', 1, 1465204870),
(2873, 1, 5502, 1872822471, 'member', 5502, '计算机科学与软件学院在2016-06-06 17:22登录了后台', 1, 1465204931),
(2874, 1, 835, 2073493444, 'member', 835, '天津理工在2016-06-06 17:26登录了后台', 1, 1465205218),
(2875, 1, 1, 1008274186, 'member', 1, '开发者在2016-06-06 17:36登录了后台', 1, 1465205817),
(2876, 1, 1100, 2099536310, 'member', 1100, '经济学院在2016-06-06 19:42登录了后台', 1, 1465213369),
(2877, 1, 5511, 1864365501, 'member', 5511, '计算机与通信工程学院在2016-06-06 20:18登录了后台', 1, 1465215531),
(2878, 1, 5511, 1864365501, 'member', 5511, '计算机与通信工程学院在2016-06-06 20:20登录了后台', 1, 1465215604),
(2879, 1, 1099, 1864365501, 'member', 1099, '纺织学院在2016-06-06 20:20登录了后台', 1, 1465215649),
(2880, 1, 1099, 1864365501, 'member', 1099, '纺织学院在2016-06-06 20:23登录了后台', 1, 1465215813),
(2881, 1, 5507, 1971579528, 'member', 5507, '工商管理学院在2016-06-06 20:51登录了后台', 1, 1465217498),
(2882, 1, 829, 3748179803, 'member', 829, '南开大学在2016-06-06 22:57登录了后台', 1, 1465225028),
(2883, 1, 829, 1971575599, 'member', 829, '南开大学在2016-06-06 23:27登录了后台', 1, 1465226853),
(2884, 1, 6528, 3396422494, 'member', 6528, '汉语言文化学院在2016-06-07 07:52登录了后台', 1, 1465257121),
(2885, 1, 1281, 3544503550, 'member', 1281, '国际商学院在2016-06-07 08:01登录了后台', 1, 1465257715),
(2886, 1, 5557, 3544503550, 'member', 5557, '欧洲语言文化学院在2016-06-07 08:06登录了后台', 1, 1465257973),
(2887, 1, 835, 2073493444, 'member', 835, '天津理工在2016-06-07 08:10登录了后台', 1, 1465258229),
(2888, 1, 5467, 3396448419, 'member', 5467, '外国语言与文学学院在2016-06-07 08:46登录了后台', 1, 1465260408),
(2889, 1, 991, 1971575593, 'member', 991, '文学院在2016-06-07 08:49登录了后台', 1, 1465260586),
(2890, 1, 991, 1971575593, 'member', 991, '文学院在2016-06-07 08:52登录了后台', 1, 1465260771),
(2891, 1, 842, 3726531625, 'member', 842, '天津外国语在2016-06-07 08:54登录了后台', 1, 1465260840),
(2892, 1, 1068, 994266134, 'member', 1068, '城市与环境科学学院在2016-06-07 08:54登录了后台', 1, 1465260844),
(2893, 1, 2343, 1971567178, 'member', 2343, '滨海保税区团委在2016-06-07 09:02登录了后台', 1, 1465261327),
(2894, 1, 842, 3544503550, 'member', 842, '天津外国语在2016-06-07 09:03登录了后台', 1, 1465261383),
(2895, 1, 841, 1864245463, 'member', 841, '天津农院在2016-06-07 09:07登录了后台', 1, 1465261655),
(2896, 1, 841, 1864245463, 'member', 841, '天津农学院在2016-06-07 09:13登录了后台', 1, 1465261992),
(2897, 1, 1281, 3726531625, 'member', 1281, '国际商学院在2016-06-07 09:14登录了后台', 1, 1465262070),
(2898, 1, 1287, 3726531625, 'member', 1287, '涉外法政学院在2016-06-07 09:16登录了后台', 1, 1465262205),
(2899, 1, 5555, 3726531625, 'member', 5555, '高级翻译学院在2016-06-07 09:17登录了后台', 1, 1465262250),
(2900, 1, 2336, 3661978945, 'member', 2336, 'jn100161395在2016-06-07 09:21登录了后台', 1, 1465262472),
(2901, 1, 841, 1864245463, 'member', 841, '天津农学院在2016-06-07 09:22登录了后台', 1, 1465262527),
(2902, 1, 1084, 1873071209, 'member', 1084, '计算机与信息工程学院在2016-06-07 09:29登录了后台', 1, 1465262989),
(2903, 1, 1084, 1873071209, 'member', 1084, '计算机与信息工程学院在2016-06-07 09:33登录了后台', 1, 1465263198),
(2904, 1, 1101, 1872822477, 'member', 1101, '艺术与服装学院在2016-06-07 09:34登录了后台', 1, 1465263284),
(2905, 1, 984, 1971575562, 'member', 984, '医学院在2016-06-07 09:35登录了后台', 1, 1465263318),
(2906, 1, 1069, 994264075, 'member', 1069, '外国语学院在2016-06-07 09:37登录了后台', 1, 1465263470),
(2907, 1, 1084, 1873071209, 'member', 1084, '计算机与信息工程学院在2016-06-07 09:45登录了后台', 1, 1465263923),
(2908, 1, 842, 3726531625, 'member', 842, '天津外国语在2016-06-07 09:51登录了后台', 1, 1465264311),
(2909, 1, 1084, 994266385, 'member', 1084, '计算机与信息工程学院在2016-06-07 09:58登录了后台', 1, 1465264688),
(2910, 1, 983, 1971575586, 'member', 983, '化学学院在2016-06-07 10:06登录了后台', 1, 1465265188),
(2911, 1, 6530, 1864249394, 'member', 6530, '造型艺术学院油画系在2016-06-07 10:06登录了后台', 1, 1465265189),
(2912, 1, 5507, 1971579528, 'member', 5507, '工商管理学院在2016-06-07 10:13登录了后台', 1, 1465265594),
(2913, 1, 5543, 1872770617, 'member', 5543, '经济与管理系在2016-06-07 10:14登录了后台', 1, 1465265669),
(2914, 1, 842, 3726531625, 'member', 842, '天津外国语在2016-06-07 10:25登录了后台', 1, 1465266356),
(2915, 1, 5481, 994264339, 'member', 5481, '教育科学学院在2016-06-07 10:28登录了后台', 1, 1465266532),
(2916, 1, 878, 3726531219, 'member', 878, '天津外国语学院滨海外事学院在2016-06-07 10:30登录了后台', 1, 1465266632),
(2917, 1, 1034, 1872803699, 'member', 1034, '马克思主义学院在2016-06-07 11:15登录了后台', 1, 1465269304),
(2918, 1, 5484, 994263914, 'member', 5484, '物理与材料科学学院在2016-06-07 11:17登录了后台', 1, 1465269478),
(2919, 1, 1080, 1873072173, 'member', 1080, '管理学院在2016-06-07 11:19登录了后台', 1, 1465269542),
(2920, 1, 991, 1971575591, 'member', 991, '文学院在2016-06-07 11:29登录了后台', 1, 1465270161),
(2921, 1, 841, 1864245463, 'member', 841, '天津农学院在2016-06-07 11:40登录了后台', 1, 1465270815),
(2922, 1, 1623, 2042724579, 'member', 1623, '计算机在2016-06-07 11:40登录了后台', 1, 1465270830),
(2923, 1, 991, 1971575593, 'member', 991, '文学院在2016-06-07 11:43登录了后台', 1, 1465270996),
(2924, 1, 846, 1864249394, 'member', 846, '天津美院在2016-06-07 11:46登录了后台', 1, 1465271198),
(2925, 1, 2, 1008274186, 'member', 2, 'tsw150001在2016-06-07 11:48登录了后台', 1, 1465271283),
(2926, 1, 6546, 1864249397, 'member', 6546, '中国画学院国画系在2016-06-07 11:51登录了后台', 1, 1465271516),
(2927, 1, 6547, 1864249397, 'member', 6547, '中国画学院书法系在2016-06-07 11:54登录了后台', 1, 1465271682),
(2928, 1, 991, 1971575608, 'member', 991, '文学院在2016-06-07 12:21登录了后台', 1, 1465273272),
(2929, 1, 991, 1971575608, 'member', 991, '文学院在2016-06-07 12:28登录了后台', 1, 1465273722),
(2930, 1, 1066, 1873069658, 'member', 1066, '历史文化学院在2016-06-07 12:31登录了后台', 1, 1465273867),
(2931, 1, 842, 3544503550, 'member', 842, '天津外国语在2016-06-07 12:57登录了后台', 1, 1465275443),
(2932, 1, 5557, 3544503550, 'member', 5557, '欧洲语言文化学院在2016-06-07 12:58登录了后台', 1, 1465275520),
(2933, 1, 846, 1864249394, 'member', 846, '天津美院在2016-06-07 13:12登录了后台', 1, 1465276365),
(2934, 1, 1, 1008274186, 'member', 1, '开发者在2016-06-07 13:29登录了后台', 1, 1465277368),
(2935, 1, 6542, 1864249395, 'member', 6542, '实验艺术学院影像艺术系在2016-06-07 13:35登录了后台', 1, 1465277755),
(2936, 1, 827, 3684050779, 'member', 827, 'xq080151133在2016-06-07 14:03登录了后台', 1, 1465279390),
(2937, 1, 5485, 3396428445, 'member', 5485, '音乐与影视学院在2016-06-07 14:34登录了后台', 1, 1465281250),
(2938, 1, 991, 1971575608, 'member', 991, '文学院在2016-06-07 15:04登录了后台', 1, 1465283043),
(2939, 1, 1084, 994266385, 'member', 1084, '计算机与信息工程学院在2016-06-07 15:06登录了后台', 1, 1465283208),
(2940, 1, 1122, 1971560062, 'member', 1122, '食品工程与生物技术学院在2016-06-07 15:24登录了后台', 1, 1465284248),
(2941, 1, 5559, 3726530836, 'member', 5559, '国际传媒学院在2016-06-07 15:27登录了后台', 1, 1465284425),
(2942, 1, 5553, 3748136795, 'member', 5553, '信科系在2016-06-07 15:36登录了后台', 1, 1465284964),
(2943, 1, 841, 1864245463, 'member', 841, '天津农学院在2016-06-07 15:38登录了后台', 1, 1465285128),
(2944, 1, 841, 1864245463, 'member', 841, '天津农学院在2016-06-07 15:39登录了后台', 1, 1465285167),
(2945, 1, 8480, 994265541, 'member', 8480, '经济学院在2016-06-07 15:46登录了后台', 1, 1465285619),
(2946, 1, 5495, 1008539668, 'member', 5495, '体育文化传媒系在2016-06-07 15:51登录了后台', 1, 1465285912),
(2947, 1, 991, 1035290754, 'member', 991, '文学院在2016-06-07 15:55登录了后台', 1, 1465286156),
(2948, 1, 2308, 1971563634, 'member', 2308, 'hx020167867在2016-06-07 16:01登录了后台', 1, 1465286485),
(2949, 1, 1069, 994264075, 'member', 1069, '外国语学院在2016-06-07 16:05登录了后台', 1, 1465286702),
(2950, 1, 842, 3544503550, 'member', 842, '天津外国语在2016-06-07 16:07登录了后台', 1, 1465286858),
(2951, 1, 846, 1864249394, 'member', 846, '天津美院在2016-06-07 16:10登录了后台', 1, 1465287031),
(2952, 1, 5555, 3544503550, 'member', 5555, '高级翻译学院在2016-06-07 16:15登录了后台', 1, 1465287332),
(2953, 1, 5555, 3544503550, 'member', 5555, '高级翻译学院在2016-06-07 16:16登录了后台', 1, 1465287376),
(2954, 1, 5554, 3544503550, 'member', 5554, '研究生院在2016-06-07 16:20登录了后台', 1, 1465287622),
(2955, 1, 827, 3684050779, 'member', 827, 'xq080151133在2016-06-07 16:24登录了后台', 1, 1465287875),
(2956, 1, 991, 1971575564, 'member', 991, '文学院在2016-06-07 16:24登录了后台', 1, 1465287882),
(2957, 1, 1069, 994264075, 'member', 1069, '外国语学院在2016-06-07 16:24登录了后台', 1, 1465287888),
(2958, 1, 1069, 994264075, 'member', 1069, '外国语学院在2016-06-07 16:26登录了后台', 1, 1465288004),
(2959, 1, 843, 1008274186, 'member', 843, '天津商业大学在2016-06-07 16:31登录了后台', 1, 1465288299),
(2960, 1, 2, 1008274186, 'member', 2, 'tsw150001在2016-06-07 16:34登录了后台', 1, 1465288483),
(2961, 1, 1656, 1864253602, 'member', 1656, '外国语学院在2016-06-07 16:59登录了后台', 1, 1465289946),
(2962, 1, 842, 3544503550, 'member', 842, '天津外国语在2016-06-07 17:01登录了后台', 1, 1465290080),
(2963, 1, 833, 3544479665, 'member', 833, '天津工大在2016-06-07 17:10登录了后台', 1, 1465290612),
(2964, 1, 1095, 1872822468, 'member', 1095, '理学院在2016-06-07 17:11登录了后台', 1, 1465290682),
(2965, 1, 5503, 1872822469, 'member', 5503, '机械工程学院在2016-06-07 17:12登录了后台', 1, 1465290739),
(2966, 1, 1095, 3544479665, 'member', 1095, '理学院在2016-06-07 17:21登录了后台', 1, 1465291319),
(2967, 1, 5500, 3544479665, 'member', 5500, '材料科学与工程学院在2016-06-07 17:22登录了后台', 1, 1465291368),
(2968, 1, 833, 3544479665, 'member', 833, '天津工大在2016-06-07 17:23登录了后台', 1, 1465291428),
(2969, 1, 827, 3684050779, 'member', 827, 'xq080151133在2016-06-07 17:35登录了后台', 1, 1465292108),
(2970, 1, 1, 1008274186, 'member', 1, '开发者在2016-06-07 17:41登录了后台', 1, 1465292476),
(2971, 1, 1, 1008274186, 'member', 1, '开发者在2016-06-07 17:44登录了后台', 1, 1465292657),
(2972, 1, 5554, 3544503550, 'member', 5554, '研究生院在2016-06-07 17:50登录了后台', 1, 1465293029),
(2973, 1, 842, 3544503550, 'member', 842, '天津外国语在2016-06-07 17:51登录了后台', 1, 1465293074),
(2974, 1, 1069, 1872910853, 'member', 1069, '外国语学院在2016-06-07 19:28登录了后台', 1, 1465298910),
(2975, 1, 830, 3396448352, 'member', 830, '天津大学在2016-06-07 20:26登录了后台', 1, 1465302387),
(2976, 1, 830, 3396448352, 'member', 830, '天津大学在2016-06-07 20:30登录了后台', 1, 1465302658),
(2977, 1, 829, 3728723056, 'member', 829, '南开大学在2016-06-07 20:49登录了后台', 1, 1465303762),
(2978, 1, 1117, 610970554, 'member', 1117, '电子信息与自动化学院在2016-06-07 22:12登录了后台', 1, 1465308776),
(2979, 1, 1, 3661863502, 'member', 1, '开发者在2016-06-08 00:06登录了后台', 1, 1465315569),
(2980, 1, 1069, 1872910853, 'member', 1069, '外国语学院在2016-06-08 07:21登录了后台', 1, 1465341684),
(2981, 1, 1069, 1872910853, 'member', 1069, '外国语学院在2016-06-08 07:21登录了后台', 1, 1465341700),
(2982, 1, 1077, 1873068465, 'member', 1077, '法学院在2016-06-08 07:37登录了后台', 1, 1465342654),
(2983, 1, 842, 3544503550, 'member', 842, '天津外国语在2016-06-08 07:42登录了后台', 1, 1465342952),
(2984, 1, 830, 3396448352, 'member', 830, '天津大学在2016-06-08 08:20登录了后台', 1, 1465345212),
(2985, 1, 1623, 2042724437, 'member', 1623, '计算机在2016-06-08 08:37登录了后台', 1, 1465346279),
(2986, 1, 1069, 994264075, 'member', 1069, '外国语学院在2016-06-08 08:41登录了后台', 1, 1465346493),
(2987, 1, 2, 1872806714, 'member', 2, 'tsw150001在2016-06-08 08:45登录了后台', 1, 1465346715),
(2988, 1, 845, 1872765828, 'member', 845, '天津音乐学院在2016-06-08 08:45登录了后台', 1, 1465346743),
(2989, 1, 5469, 1864249060, 'member', 5469, '海洋科学与技术学院在2016-06-08 08:47登录了后台', 1, 1465346820),
(2990, 1, 1026, 1872803698, 'member', 1026, '管理与经济学部在2016-06-08 08:49登录了后台', 1, 1465346940),
(2991, 1, 843, 3723421672, 'member', 843, '天津商业大学在2016-06-08 08:52登录了后台', 1, 1465347168),
(2992, 1, 1111, 1971560060, 'member', 1111, '机械工程学院在2016-06-08 09:01登录了后台', 1, 1465347675),
(2993, 1, 991, 1971575582, 'member', 991, '文学院在2016-06-08 09:06登录了后台', 1, 1465347997),
(2994, 1, 1360, 1872765835, 'member', 1360, '音乐学系在2016-06-08 09:10登录了后台', 1, 1465348255),
(2995, 1, 991, 1971575582, 'member', 991, '文学院在2016-06-08 09:18登录了后台', 1, 1465348716),
(2996, 1, 983, 1971575586, 'member', 983, '化学学院在2016-06-08 09:22登录了后台', 1, 1465348964),
(2997, 1, 5512, 2073493445, 'member', 5512, '自动化学院在2016-06-08 09:29登录了后台', 1, 1465349374),
(2998, 1, 1095, 3544479665, 'member', 1095, '理学院在2016-06-08 09:29登录了后台', 1, 1465349389),
(2999, 1, 833, 3544479665, 'member', 833, '天津工大在2016-06-08 09:30登录了后台', 1, 1465349427),
(3000, 1, 1133, 3396422455, 'member', 1133, '外国语学院在2016-06-08 09:38登录了后台', 1, 1465349900),
(3001, 1, 2336, 3661978945, 'member', 2336, 'jn100161395在2016-06-08 09:42登录了后台', 1, 1465350132),
(3002, 1, 1099, 3544479665, 'member', 1099, '纺织学院在2016-06-08 09:44登录了后台', 1, 1465350284),
(3003, 1, 1, 1008274186, 'member', 1, '开发者在2016-06-08 09:45登录了后台', 1, 1465350350),
(3004, 1, 832, 1008274186, 'member', 832, '天津师大在2016-06-08 09:48登录了后台', 1, 1465350498),
(3005, 1, 833, 3544479665, 'member', 833, '天津工大在2016-06-08 09:50登录了后台', 1, 1465350630),
(3006, 1, 849, 1008539668, 'member', 849, '天津体育学院在2016-06-08 09:50登录了后台', 1, 1465350647),
(3007, 1, 1360, 1872765835, 'member', 1360, '音乐学系在2016-06-08 09:52登录了后台', 1, 1465350740),
(3008, 1, 838, 1864253676, 'member', 838, '天津财经大学在2016-06-08 09:53登录了后台', 1, 1465350823),
(3009, 1, 830, 3396448352, 'member', 830, '天津大学在2016-06-08 09:56登录了后台', 1, 1465351000),
(3010, 1, 842, 3544503550, 'member', 842, '天津外国语在2016-06-08 10:11登录了后台', 1, 1465351911),
(3011, 1, 5497, 1008539668, 'member', 5497, '研究生部在2016-06-08 10:13登录了后台', 1, 1465352012),
(3012, 1, 5589, 1864253676, 'member', 5589, '商学院会计学系在2016-06-08 10:17登录了后台', 1, 1465352245),
(3013, 1, 2, 1008274186, 'member', 2, 'tsw150001在2016-06-08 10:21登录了后台', 1, 1465352499),
(3014, 1, 829, 3728723186, 'member', 829, '南开大学在2016-06-08 10:23登录了后台', 1, 1465352582),
(3015, 1, 1133, 3396422455, 'member', 1133, '外国语学院在2016-06-08 10:24登录了后台', 1, 1465352694),
(3016, 1, 991, 1971575574, 'member', 991, '文学院在2016-06-08 10:25登录了后台', 1, 1465352707),
(3017, 1, 5602, 1864253678, 'member', 5602, '理工学院在2016-06-08 10:33登录了后台', 1, 1465353217),
(3018, 1, 2336, 3661978945, 'member', 2336, 'jn100161395在2016-06-08 10:37登录了后台', 1, 1465353452),
(3019, 1, 1, 1008274186, 'member', 1, '开发者在2016-06-08 10:43登录了后台', 1, 1465353824),
(3020, 1, 984, 1971575562, 'member', 984, '医学院在2016-06-08 10:48登录了后台', 1, 1465354107),
(3021, 1, 5598, 1864253678, 'member', 5598, '经济学院财经系在2016-06-08 10:49登录了后台', 1, 1465354176),
(3022, 1, 5598, 1864253678, 'member', 5598, '经济学院财经系在2016-06-08 10:50登录了后台', 1, 1465354214),
(3023, 1, 1588, 3726531229, 'member', 1588, '法学新闻系在2016-06-08 10:51登录了后台', 1, 1465354294),
(3024, 1, 5513, 1864253671, 'member', 5513, '艺术设计学院在2016-06-08 10:55登录了后台', 1, 1465354534),
(3025, 1, 1026, 1872803698, 'member', 1026, '管理与经济学部在2016-06-08 10:59登录了后台', 1, 1465354745),
(3026, 1, 5603, 1864253671, 'member', 5603, '人文学院在2016-06-08 10:59登录了后台', 1, 1465354761),
(3027, 1, 5603, 1864253676, 'member', 5603, '人文学院在2016-06-08 10:59登录了后台', 1, 1465354779),
(3028, 1, 1150, 3396422644, 'member', 1150, '艺术学院在2016-06-08 11:05登录了后台', 1, 1465355113),
(3029, 1, 1149, 3396422644, 'member', 1149, '自动化与能源工程学院在2016-06-08 11:07登录了后台', 1, 1465355274),
(3030, 1, 1147, 3396422644, 'member', 1147, '继续教育学院在2016-06-08 11:08登录了后台', 1, 1465355318),
(3031, 1, 8625, 3396448438, 'member', 8625, '化工学院在2016-06-08 11:08登录了后台', 1, 1465355327),
(3032, 1, 1022, 3396448300, 'member', 1022, '理学院在2016-06-08 11:10登录了后台', 1, 1465355457),
(3033, 1, 1066, 994265383, 'member', 1066, '历史文化学院在2016-06-08 11:12登录了后台', 1, 1465355542),
(3034, 1, 1287, 3726530833, 'member', 1287, '涉外法政学院在2016-06-08 11:17登录了后台', 1, 1465355858),
(3035, 1, 846, 1864249394, 'member', 846, '天津美院在2016-06-08 11:18登录了后台', 1, 1465355930),
(3036, 1, 2337, 3661960086, 'member', 2337, 'bc090164138在2016-06-08 11:26登录了后台', 1, 1465356370),
(3037, 1, 884, 1872770617, 'member', 884, '天津理工大学中环信息学院在2016-06-08 11:29登录了后台', 1, 1465356591),
(3038, 1, 842, 3544503547, 'member', 842, '天津外国语在2016-06-08 11:32登录了后台', 1, 1465356738),
(3039, 1, 1069, 994264075, 'member', 1069, '外国语学院在2016-06-08 11:35登录了后台', 1, 1465356901),
(3040, 1, 1360, 1872765835, 'member', 1360, '音乐学系在2016-06-08 11:45登录了后台', 1, 1465357553),
(3041, 1, 1281, 3726530959, 'member', 1281, '国际商学院在2016-06-08 11:47登录了后台', 1, 1465357666),
(3042, 1, 1281, 3726530959, 'member', 1281, '国际商学院在2016-06-08 11:49登录了后台', 1, 1465357776),
(3043, 1, 846, 1864249394, 'member', 846, '天津美院在2016-06-08 13:19登录了后台', 1, 1465363186),
(3044, 1, 1281, 3726530959, 'member', 1281, '国际商学院在2016-06-08 13:31登录了后台', 1, 1465363889),
(3045, 1, 842, 3544503550, 'member', 842, '天津外国语在2016-06-08 13:32登录了后台', 1, 1465363925),
(3046, 1, 1084, 994266385, 'member', 1084, '计算机与信息工程学院在2016-06-08 14:04登录了后台', 1, 1465365874),
(3047, 1, 2330, 1872766754, 'member', 2330, 'hd030163339在2016-06-08 14:22登录了后台', 1, 1465366925),
(3048, 1, 2, 1008274186, 'member', 2, 'tsw150001在2016-06-08 15:01登录了后台', 1, 1465369301),
(3049, 1, 2, 1008274186, 'member', 2, 'tsw150001在2016-06-08 15:08登录了后台', 1, 1465369710),
(3050, 1, 834, 1008274186, 'member', 834, '天津科大在2016-06-08 15:09登录了后台', 1, 1465369751),
(3051, 1, 1116, 1008274186, 'member', 1116, '生物工程学院在2016-06-08 15:14登录了后台', 1, 1465370072),
(3052, 1, 2, 1008274186, 'member', 2, 'tsw150001在2016-06-08 15:31登录了后台', 1, 1465371110),
(3053, 1, 1082, 1872865495, 'member', 1082, '美术与设计学院在2016-06-08 15:46登录了后台', 1, 1465371967),
(3054, 1, 2330, 1872766754, 'member', 2330, 'hd030163339在2016-06-08 15:50登录了后台', 1, 1465372224),
(3055, 1, 2308, 1971563634, 'member', 2308, 'hx020167867在2016-06-08 15:55登录了后台', 1, 1465372529),
(3056, 1, 1358, 1872765829, 'member', 1358, '钢琴系在2016-06-08 16:04登录了后台', 1, 1465373050),
(3057, 1, 2, 1008274186, 'member', 2, 'tsw150001在2016-06-08 16:26登录了后台', 1, 1465374373),
(3058, 1, 2, 1008274186, 'member', 2, 'tsw150001在2016-06-08 16:27登录了后台', 1, 1465374462),
(3059, 1, 1062, 1008274186, 'member', 1062, '体育科学学院在2016-06-08 16:28登录了后台', 1, 1465374514),
(3060, 1, 1041, 1008274186, 'member', 1041, '国际教育学院在2016-06-08 16:30登录了后台', 1, 1465374608),
(3061, 1, 2, 1008274186, 'member', 2, 'tsw150001在2016-06-08 16:30登录了后台', 1, 1465374633),
(3062, 1, 1062, 1008274186, 'member', 1062, '体育科学学院在2016-06-08 16:31登录了后台', 1, 1465374678),
(3063, 1, 2330, 1872766754, 'member', 2330, 'hd030163339在2016-06-08 16:41登录了后台', 1, 1465375319),
(3064, 1, 842, 3544503550, 'member', 842, '天津外国语在2016-06-08 16:43登录了后台', 1, 1465375392),
(3065, 1, 991, 1971575593, 'member', 991, '文学院在2016-06-08 16:50登录了后台', 1, 1465375811),
(3066, 1, 1068, 994266134, 'member', 1068, '城市与环境科学学院在2016-06-08 16:51登录了后台', 1, 1465375879),
(3067, 1, 5512, 712703703, 'member', 5512, '自动化学院在2016-06-08 16:55登录了后台', 1, 1465376159),
(3068, 1, 5485, 1008274186, 'member', 5485, '音乐与影视学院在2016-06-08 17:03登录了后台', 1, 1465376600),
(3069, 1, 1655, 1008274186, 'member', 1655, '信息技术工程学院在2016-06-08 17:07登录了后台', 1, 1465376825),
(3070, 1, 5472, 1971575600, 'member', 5472, '数学科学学院在2016-06-08 17:34登录了后台', 1, 1465378487),
(3071, 1, 830, 3396448352, 'member', 830, '天津大学在2016-06-08 18:01登录了后台', 1, 1465380095),
(3072, 1, 1034, 2099521729, 'member', 1034, '马克思主义学院在2016-06-08 20:52登录了后台', 1, 1465390325),
(3073, 1, 991, 1971575606, 'member', 991, '文学院在2016-06-08 21:08登录了后台', 1, 1465391299),
(3074, 1, 1117, 1862087374, 'member', 1117, '电子信息与自动化学院在2016-06-08 23:40登录了后台', 1, 1465400443),
(3075, 1, 1076, 712698808, 'member', 1076, '新闻传播学院在2016-06-09 00:34登录了后台', 1, 1465403670),
(3076, 1, 1066, 709936860, 'member', 1066, '历史文化学院在2016-06-09 13:19登录了后台', 1, 1465449575),
(3077, 1, 1, 2099630462, 'member', 1, '开发者在2016-06-09 15:09登录了后台', 1, 1465456153),
(3078, 1, 2, 2099630462, 'member', 2, 'tsw150001在2016-06-09 15:09登录了后台', 1, 1465456172),
(3079, 1, 1, 2099630462, 'member', 1, '开发者在2016-06-09 15:09登录了后台', 1, 1465456196),
(3080, 1, 2, 2099630462, 'member', 2, 'tsw150001在2016-06-09 15:11登录了后台', 1, 1465456263),
(3081, 1, 1, 2099630462, 'member', 1, '开发者在2016-06-09 15:11登录了后台', 1, 1465456289),
(3082, 1, 2, 2099630462, 'member', 2, 'tsw150001在2016-06-09 15:15登录了后台', 1, 1465456531),
(3083, 1, 827, 2099630462, 'member', 827, 'xq080151133在2016-06-09 15:57登录了后台', 1, 1465459064),
(3084, 1, 1080, 1963677643, 'member', 1080, '管理学院在2016-06-09 16:07登录了后台', 1, 1465459647),
(3085, 1, 1352, 1872765831, 'member', 1352, '民乐系在2016-06-09 16:16登录了后台', 1, 1465460201),
(3086, 1, 1352, 1872765831, 'member', 1352, '民乐系在2016-06-09 16:22登录了后台', 1, 1465460536),
(3087, 1, 1352, 1872765831, 'member', 1352, '民乐系在2016-06-09 16:31登录了后台', 1, 1465461107),
(3088, 1, 1352, 1872765831, 'member', 1352, '民乐系在2016-06-09 16:48登录了后台', 1, 1465462129),
(3089, 1, 1663, 3748193111, 'member', 1663, '自动化与电气工程学院在2016-06-09 17:37登录了后台', 1, 1465465041),
(3090, 1, 1663, 3748193111, 'member', 1663, '自动化与电气工程学院在2016-06-09 17:38登录了后台', 1, 1465465127),
(3091, 1, 991, 3748193279, 'member', 991, '文学院在2016-06-09 18:30登录了后台', 1, 1465468230),
(3092, 1, 991, 1971575583, 'member', 991, '文学院在2016-06-09 20:44登录了后台', 1, 1465476286),
(3093, 1, 991, 1971575569, 'member', 991, '文学院在2016-06-09 20:44登录了后台', 1, 1465476286),
(3094, 1, 1, 3727355398, 'member', 1, '开发者在2016-06-09 21:56登录了后台', 1, 1465480579),
(3095, 1, 2, 3727355398, 'member', 2, 'tsw150001在2016-06-09 22:26登录了后台', 1, 1465482360),
(3096, 1, 2, 3727355398, 'member', 2, 'tsw150001在2016-06-09 22:40登录了后台', 1, 1465483259),
(3097, 1, 2, 3727355398, 'member', 2, 'tsw150001在2016-06-09 22:42登录了后台', 1, 1465483354),
(3098, 1, 2, 3727355398, 'member', 2, 'tsw150001在2016-06-09 22:47登录了后台', 1, 1465483622),
(3099, 1, 842, 3720621234, 'member', 842, '天津外国语在2016-06-09 23:18登录了后台', 1, 1465485496),
(3100, 1, 1361, 2073504304, 'member', 1361, '音乐教育系在2016-06-10 11:07登录了后台', 1, 1465528057),
(3101, 1, 1080, 2099614275, 'member', 1080, '管理学院在2016-06-10 12:15登录了后台', 1, 1465532121),
(3102, 1, 1084, 709969940, 'member', 1084, '计算机与信息工程学院在2016-06-10 17:24登录了后台', 1, 1465550654),
(3103, 1, 6539, 1864249400, 'member', 6539, '产品设计学院染织设计系在2016-06-10 21:22登录了后台', 1, 1465564921),
(3104, 1, 1, 3720621457, 'member', 1, '开发者在2016-06-11 00:35登录了后台', 1, 1465576536),
(3105, 1, 1352, 1963629184, 'member', 1352, '民乐系在2016-06-11 11:56登录了后台', 1, 1465617412),
(3106, 1, 1117, 3727355401, 'member', 1117, '电子信息与自动化学院在2016-06-11 13:04登录了后台', 1, 1465621497),
(3107, 1, 1074, 994266251, 'member', 1074, '数学科学学院在2016-06-11 15:19登录了后台', 1, 1465629588),
(3108, 1, 5600, 1963772958, 'member', 5600, '经济学院国际经济贸易系在2016-06-11 17:56登录了后台', 1, 1465639008),
(3109, 1, 830, 1864249085, 'member', 830, '天津大学在2016-06-11 18:05登录了后台', 1, 1465639508),
(3110, 1, 1023, 1864249085, 'member', 1023, '生命科学学院在2016-06-11 18:07登录了后台', 1, 1465639657);
INSERT INTO `jdi_action_log` (`id`, `action_id`, `user_id`, `action_ip`, `model`, `record_id`, `remark`, `status`, `create_time`) VALUES
(3111, 1, 1084, 1963484533, 'member', 1084, '计算机与信息工程学院在2016-06-11 21:59登录了后台', 1, 1465653584),
(3112, 1, 1084, 1963484533, 'member', 1084, '计算机与信息工程学院在2016-06-11 22:39登录了后台', 1, 1465655950),
(3113, 1, 1, 3720621457, 'member', 1, '开发者在2016-06-12 01:19登录了后台', 1, 1465665563),
(3114, 1, 842, 3544503550, 'member', 842, '天津外国语在2016-06-12 07:59登录了后台', 1, 1465689558),
(3115, 1, 2343, 1971567178, 'member', 2343, '滨海保税区团委在2016-06-12 08:00登录了后台', 1, 1465689620),
(3116, 1, 1305, 3723421639, 'member', 1305, '公共管理学院在2016-06-12 08:15登录了后台', 1, 1465690530),
(3117, 1, 1075, 1873060789, 'member', 1075, '文学院在2016-06-12 08:30登录了后台', 1, 1465691442),
(3118, 1, 1285, 3544505040, 'member', 1285, '日语学院在2016-06-12 08:34登录了后台', 1, 1465691656),
(3119, 1, 842, 3726531625, 'member', 842, '天津外国语在2016-06-12 08:34登录了后台', 1, 1465691693),
(3120, 1, 1069, 994264075, 'member', 1069, '外国语学院在2016-06-12 08:47登录了后台', 1, 1465692461),
(3121, 1, 2, 1872806714, 'member', 2, 'tsw150001在2016-06-12 08:48登录了后台', 1, 1465692536),
(3122, 1, 2330, 1872766754, 'member', 2330, 'hd030163339在2016-06-12 08:49登录了后台', 1, 1465692544),
(3123, 1, 842, 3726531625, 'member', 842, '天津外国语在2016-06-12 09:17登录了后台', 1, 1465694235),
(3124, 1, 1068, 994266134, 'member', 1068, '城市与环境科学学院在2016-06-12 09:22登录了后台', 1, 1465694567),
(3125, 1, 1022, 3396448267, 'member', 1022, '理学院在2016-06-12 09:30登录了后台', 1, 1465695031),
(3126, 1, 829, 2051212534, 'member', 829, '南开大学在2016-06-12 10:11登录了后台', 1, 1465697485),
(3127, 1, 1069, 994264075, 'member', 1069, '外国语学院在2016-06-12 10:13登录了后台', 1, 1465697634),
(3128, 1, 909, 1864253602, 'member', 909, '天津职业技术师范大学在2016-06-12 10:17登录了后台', 1, 1465697826),
(3129, 1, 830, 3396448409, 'member', 830, '天津大学在2016-06-12 10:18登录了后台', 1, 1465697931),
(3130, 1, 1616, 1963708304, 'member', 1616, '电子信息工程系在2016-06-12 10:23登录了后台', 1, 1465698197),
(3131, 1, 1131, 2073493444, 'member', 1131, '国际工商学院在2016-06-12 10:24登录了后台', 1, 1465698291),
(3132, 1, 1141, 2073493445, 'member', 1141, '环境科学与安全工程学院在2016-06-12 10:25登录了后台', 1, 1465698349),
(3133, 1, 1131, 2073493443, 'member', 1131, '国际工商学院在2016-06-12 10:30登录了后台', 1, 1465698616),
(3134, 1, 842, 3544503550, 'member', 842, '天津外国语在2016-06-12 10:31登录了后台', 1, 1465698709),
(3135, 1, 887, 1963708304, 'member', 887, '南开大学滨海学院在2016-06-12 10:32登录了后台', 1, 1465698724),
(3136, 1, 2, 1963708304, 'member', 2, 'tsw150001在2016-06-12 10:34登录了后台', 1, 1465698856),
(3137, 1, 1292, 3544504905, 'member', 1292, '英语学院在2016-06-12 10:36登录了后台', 1, 1465699002),
(3138, 1, 2340, 1008418465, 'member', 2340, 'nh150168245在2016-06-12 10:41登录了后台', 1, 1465699318),
(3139, 1, 842, 3726531625, 'member', 842, '天津外国语在2016-06-12 10:48登录了后台', 1, 1465699734),
(3140, 1, 835, 2073493446, 'member', 835, '天津理工在2016-06-12 10:55登录了后台', 1, 1465700140),
(3141, 1, 1623, 2042724374, 'member', 1623, '计算机在2016-06-12 10:59登录了后台', 1, 1465700375),
(3142, 1, 1623, 2042724374, 'member', 1623, '计算机在2016-06-12 11:07登录了后台', 1, 1465700862),
(3143, 1, 1131, 2073493444, 'member', 1131, '国际工商学院在2016-06-12 11:32登录了后台', 1, 1465702326),
(3144, 1, 1069, 994264075, 'member', 1069, '外国语学院在2016-06-12 11:54登录了后台', 1, 1465703641),
(3145, 1, 1, 1963708304, 'member', 1, '开发者在2016-06-12 12:16登录了后台', 1, 1465704982),
(3146, 1, 1358, 1872765829, 'member', 1358, '钢琴系在2016-06-12 13:13登录了后台', 1, 1465708383),
(3147, 1, 2, 1872806714, 'member', 2, 'tsw150001在2016-06-12 13:19登录了后台', 1, 1465708798),
(3148, 1, 2, 1872806714, 'member', 2, 'tsw150001在2016-06-12 13:23登录了后台', 1, 1465709039),
(3149, 1, 1, 1963708304, 'member', 1, '开发者在2016-06-12 13:28登录了后台', 1, 1465709302),
(3150, 1, 842, 3544503550, 'member', 842, '天津外国语在2016-06-12 13:46登录了后台', 1, 1465710361),
(3151, 1, 5477, 1864245395, 'member', 5477, '能源与安全工程学院在2016-06-12 13:53登录了后台', 1, 1465710813),
(3152, 1, 2, 1872806714, 'member', 2, 'tsw150001在2016-06-12 14:05登录了后台', 1, 1465711519),
(3153, 1, 1347, 1872765833, 'member', 1347, '作曲系在2016-06-12 14:05登录了后台', 1, 1465711541),
(3154, 1, 1351, 1872765833, 'member', 1351, '戏剧影视系在2016-06-12 14:07登录了后台', 1, 1465711654),
(3155, 1, 1360, 1872765833, 'member', 1360, '音乐学系在2016-06-12 14:08登录了后台', 1, 1465711721),
(3156, 1, 1358, 1872765833, 'member', 1358, '钢琴系在2016-06-12 14:09登录了后台', 1, 1465711767),
(3157, 1, 1069, 994264075, 'member', 1069, '外国语学院在2016-06-12 14:11登录了后台', 1, 1465711901),
(3158, 1, 1133, 3396422455, 'member', 1133, '外国语学院在2016-06-12 14:12登录了后台', 1, 1465711977),
(3159, 1, 1069, 994264075, 'member', 1069, '外国语学院在2016-06-12 14:13登录了后台', 1, 1465712022),
(3160, 1, 832, 1963708304, 'member', 832, '天津师大在2016-06-12 14:18登录了后台', 1, 1465712292),
(3161, 1, 1069, 994264075, 'member', 1069, '外国语学院在2016-06-12 14:23登录了后台', 1, 1465712588),
(3162, 1, 5601, 1864253673, 'member', 5601, '实验班在2016-06-12 14:24登录了后台', 1, 1465712650),
(3163, 1, 1347, 1872765833, 'member', 1347, '作曲系在2016-06-12 14:24登录了后台', 1, 1465712666),
(3164, 1, 827, 3684050779, 'member', 827, 'xq080151133在2016-06-12 15:18登录了后台', 1, 1465715899),
(3165, 1, 1069, 994264075, 'member', 1069, '外国语学院在2016-06-12 15:26登录了后台', 1, 1465716365),
(3166, 1, 1360, 1872765835, 'member', 1360, '音乐学系在2016-06-12 15:57登录了后台', 1, 1465718255),
(3167, 1, 1141, 2073493444, 'member', 1141, '环境科学与安全工程学院在2016-06-12 16:02登录了后台', 1, 1465718545),
(3168, 1, 2336, 3661978945, 'member', 2336, 'jn100161395在2016-06-12 16:12登录了后台', 1, 1465719174),
(3169, 1, 6544, 1864249400, 'member', 6544, '实验艺术学院动画艺术系在2016-06-12 16:28登录了后台', 1, 1465720094),
(3170, 1, 1357, 1864255939, 'member', 1357, '艺术管理系在2016-06-12 16:33登录了后台', 1, 1465720437),
(3171, 1, 1069, 994264075, 'member', 1069, '外国语学院在2016-06-12 16:37登录了后台', 1, 1465720621),
(3172, 1, 5519, 2042724737, 'member', 5519, '建工系在2016-06-12 17:00登录了后台', 1, 1465722032),
(3173, 1, 5519, 2042724408, 'member', 5519, '建工系在2016-06-12 17:01登录了后台', 1, 1465722100),
(3174, 1, 6544, 1864249400, 'member', 6544, '实验艺术学院动画艺术系在2016-06-12 17:14登录了后台', 1, 1465722857),
(3175, 1, 1, 1963708304, 'member', 1, '开发者在2016-06-12 17:33登录了后台', 1, 1465724020),
(3176, 1, 5477, 1873065963, 'member', 5477, '能源与安全工程学院在2016-06-12 19:34登录了后台', 1, 1465731272),
(3177, 1, 840, 1873065963, 'member', 840, '天津城建大学在2016-06-12 19:47登录了后台', 1, 1465732042),
(3178, 1, 1089, 1872822470, 'member', 1089, '国际教育学院在2016-06-12 20:35登录了后台', 1, 1465734917),
(3179, 1, 1091, 1872822470, 'member', 1091, '工商学院在2016-06-12 20:36登录了后台', 1, 1465734966),
(3180, 1, 1093, 1872822470, 'member', 1093, '机电学院在2016-06-12 20:36登录了后台', 1, 1465735003),
(3181, 1, 1084, 1873065002, 'member', 1084, '计算机与信息工程学院在2016-06-12 21:00登录了后台', 1, 1465736450),
(3182, 1, 1084, 1008209515, 'member', 1084, '计算机与信息工程学院在2016-06-12 21:09登录了后台', 1, 1465736940),
(3183, 1, 830, 3396448352, 'member', 830, '天津大学在2016-06-12 21:22登录了后台', 1, 1465737722),
(3184, 1, 1084, 1873065002, 'member', 1084, '计算机与信息工程学院在2016-06-12 21:44登录了后台', 1, 1465739079),
(3185, 1, 1084, 1873065002, 'member', 1084, '计算机与信息工程学院在2016-06-12 22:08登录了后台', 1, 1465740528),
(3186, 1, 1084, 1873065002, 'member', 1084, '计算机与信息工程学院在2016-06-12 22:39登录了后台', 1, 1465742395),
(3187, 1, 1357, 2084598250, 'member', 1357, '艺术管理系在2016-06-12 22:40登录了后台', 1, 1465742451),
(3188, 1, 1064, 1872866284, 'member', 1064, '初等教育学院在2016-06-12 22:54登录了后台', 1, 1465743249),
(3189, 1, 1357, 2084598250, 'member', 1357, '艺术管理系在2016-06-12 23:30登录了后台', 1, 1465745400),
(3190, 1, 1069, 994264075, 'member', 1069, '外国语学院在2016-06-13 08:29登录了后台', 1, 1465777786),
(3191, 1, 1133, 3396422455, 'member', 1133, '外国语学院在2016-06-13 08:34登录了后台', 1, 1465778088),
(3192, 1, 1084, 994266385, 'member', 1084, '计算机与信息工程学院在2016-06-13 08:38登录了后台', 1, 1465778322),
(3193, 1, 1026, 1872803698, 'member', 1026, '管理与经济学部在2016-06-13 08:39登录了后台', 1, 1465778379),
(3194, 1, 830, 3396448310, 'member', 830, '天津大学在2016-06-13 08:39登录了后台', 1, 1465778384),
(3195, 1, 1000, 1971575559, 'member', 1000, '生命科学学院在2016-06-13 08:51登录了后台', 1, 1465779110),
(3196, 1, 5499, 1872822476, 'member', 5499, '环境与化学工程学院在2016-06-13 08:58登录了后台', 1, 1465779482),
(3197, 1, 909, 1864253602, 'member', 909, '天津职业技术师范大学在2016-06-13 09:15登录了后台', 1, 1465780501),
(3198, 1, 1077, 1971861018, 'member', 1077, '法学院在2016-06-13 09:26登录了后台', 1, 1465781209),
(3199, 1, 842, 3726531625, 'member', 842, '天津外国语在2016-06-13 09:32登录了后台', 1, 1465781563),
(3200, 1, 1069, 994264075, 'member', 1069, '外国语学院在2016-06-13 10:11登录了后台', 1, 1465783909),
(3201, 1, 842, 3726531625, 'member', 842, '天津外国语在2016-06-13 10:18登录了后台', 1, 1465784318),
(3202, 1, 2337, 3661959958, 'member', 2337, 'bc090164138在2016-06-13 10:32登录了后台', 1, 1465785127),
(3203, 1, 1087, 1872822468, 'member', 1087, '人文与法学院在2016-06-13 10:37登录了后台', 1, 1465785459),
(3204, 1, 1311, 3723421684, 'member', 1311, '工商管理学院在2016-06-13 10:53登录了后台', 1, 1465786392),
(3205, 1, 2336, 3661978945, 'member', 2336, 'jn100161395在2016-06-13 11:17登录了后台', 1, 1465787870),
(3206, 1, 1034, 3396448274, 'member', 1034, '马克思主义学院在2016-06-13 11:37登录了后台', 1, 1465789037),
(3207, 1, 2, 1872806714, 'member', 2, 'tsw150001在2016-06-13 11:51登录了后台', 1, 1465789875),
(3208, 1, 2331, 1008559147, 'member', 2331, 'nk050164837在2016-06-13 12:47登录了后台', 1, 1465793238),
(3209, 1, 1034, 1872803699, 'member', 1034, '马克思主义学院在2016-06-13 13:18登录了后台', 1, 1465795080),
(3210, 1, 2336, 3661978945, 'member', 2336, 'jn100161395在2016-06-13 13:47登录了后台', 1, 1465796820),
(3211, 1, 1000, 1971575559, 'member', 1000, '生命科学学院在2016-06-13 13:58登录了后台', 1, 1465797501),
(3212, 1, 5503, 1872822469, 'member', 5503, '机械工程学院在2016-06-13 14:16登录了后台', 1, 1465798586),
(3213, 1, 1101, 1872822477, 'member', 1101, '艺术与服装学院在2016-06-13 14:23登录了后台', 1, 1465799007),
(3214, 1, 829, 1872865541, 'member', 829, '南开大学在2016-06-13 14:43登录了后台', 1, 1465800213),
(3215, 1, 842, 3726531625, 'member', 842, '天津外国语在2016-06-13 15:09登录了后台', 1, 1465801751),
(3216, 1, 1101, 3544479665, 'member', 1101, '艺术与服装学院在2016-06-13 15:11登录了后台', 1, 1465801870),
(3217, 1, 1095, 1872822468, 'member', 1095, '理学院在2016-06-13 15:11登录了后台', 1, 1465801909),
(3218, 1, 1101, 3544479665, 'member', 1101, '艺术与服装学院在2016-06-13 15:12登录了后台', 1, 1465801931),
(3219, 1, 833, 3544479665, 'member', 833, '天津工大在2016-06-13 15:25登录了后台', 1, 1465802727),
(3220, 1, 843, 3723421672, 'member', 843, '天津商业大学在2016-06-13 15:25登录了后台', 1, 1465802731),
(3221, 1, 2, 1872806714, 'member', 2, 'tsw150001在2016-06-13 15:32登录了后台', 1, 1465803166),
(3222, 1, 5501, 1872822467, 'member', 5501, '电气工程与自动化学院在2016-06-13 15:38登录了后台', 1, 1465803501),
(3223, 1, 831, 2099660156, 'member', 831, '河北工大在2016-06-13 15:39登录了后台', 1, 1465803557),
(3224, 1, 1037, 2099660156, 'member', 1037, '人文与法律学院在2016-06-13 15:40登录了后台', 1, 1465803609),
(3225, 1, 2, 2099660156, 'member', 2, 'tsw150001在2016-06-13 15:42登录了后台', 1, 1465803728),
(3226, 1, 1116, 2099660156, 'member', 1116, '生物工程学院在2016-06-13 15:43登录了后台', 1, 1465803839),
(3227, 1, 1116, 2099660156, 'member', 1116, '生物工程学院在2016-06-13 15:46登录了后台', 1, 1465803986),
(3228, 1, 1, 2099660156, 'member', 1, '开发者在2016-06-13 15:48登录了后台', 1, 1465804120),
(3229, 1, 833, 2099660156, 'member', 833, '天津工大在2016-06-13 15:53登录了后台', 1, 1465804411),
(3230, 1, 883, 994267010, 'member', 883, '天津师范大学津沽学院在2016-06-13 15:58登录了后台', 1, 1465804701),
(3231, 1, 1116, 2099660156, 'member', 1116, '生物工程学院在2016-06-13 16:00登录了后台', 1, 1465804807),
(3232, 1, 887, 1971582076, 'member', 887, '南开大学滨海学院在2016-06-13 16:05登录了后台', 1, 1465805127),
(3233, 1, 1088, 2099660156, 'member', 1088, '信息与通信工程学院在2016-06-13 16:12登录了后台', 1, 1465805522),
(3234, 1, 1087, 2099660156, 'member', 1087, '人文与法学院在2016-06-13 16:13登录了后台', 1, 1465805617),
(3235, 1, 1089, 2099660156, 'member', 1089, '国际教育学院在2016-06-13 16:16登录了后台', 1, 1465805783),
(3236, 1, 833, 2099660156, 'member', 833, '天津工大在2016-06-13 16:17登录了后台', 1, 1465805855),
(3237, 1, 1, 2099660156, 'member', 1, '开发者在2016-06-13 16:19登录了后台', 1, 1465805973),
(3238, 1, 1000, 1971575559, 'member', 1000, '生命科学学院在2016-06-13 16:22登录了后台', 1, 1465806170),
(3239, 1, 5479, 1864245397, 'member', 5479, '地址与测绘学院在2016-06-13 16:31登录了后台', 1, 1465806663),
(3240, 1, 1069, 994264075, 'member', 1069, '外国语学院在2016-06-13 16:45登录了后台', 1, 1465807519),
(3241, 1, 5472, 1971575615, 'member', 5472, '数学科学学院在2016-06-13 17:27登录了后台', 1, 1465810031),
(3242, 1, 2331, 2073444514, 'member', 2331, 'nk050164837在2016-06-13 17:38登录了后台', 1, 1465810695),
(3243, 1, 5478, 1864245398, 'member', 5478, '环境与市政工程学院在2016-06-13 17:51登录了后台', 1, 1465811496),
(3244, 1, 1099, 1872822473, 'member', 1099, '纺织学院在2016-06-13 18:31登录了后台', 1, 1465813888),
(3245, 1, 1066, 1873074462, 'member', 1066, '历史文化学院在2016-06-13 18:43登录了后台', 1, 1465814627),
(3246, 1, 1084, 1873065002, 'member', 1084, '计算机与信息工程学院在2016-06-13 18:51登录了后台', 1, 1465815109),
(3247, 1, 1095, 1872822468, 'member', 1095, '理学院在2016-06-13 20:13登录了后台', 1, 1465820020),
(3248, 1, 1084, 1873065002, 'member', 1084, '计算机与信息工程学院在2016-06-13 20:19登录了后台', 1, 1465820381),
(3249, 1, 1084, 1873065002, 'member', 1084, '计算机与信息工程学院在2016-06-13 20:34登录了后台', 1, 1465821268),
(3250, 1, 1084, 1873065002, 'member', 1084, '计算机与信息工程学院在2016-06-13 21:52登录了后台', 1, 1465825921),
(3251, 1, 840, 1864245401, 'member', 840, '天津城建大学在2016-06-14 08:04登录了后台', 1, 1465862660),
(3252, 1, 835, 1035304968, 'member', 835, '天津理工在2016-06-14 08:08登录了后台', 1, 1465862937),
(3253, 1, 5477, 1864245401, 'member', 5477, '能源与安全工程学院在2016-06-14 08:13登录了后台', 1, 1465863205),
(3254, 1, 1133, 3396422455, 'member', 1133, '外国语学院在2016-06-14 08:19登录了后台', 1, 1465863565),
(3255, 1, 5477, 1864245401, 'member', 5477, '能源与安全工程学院在2016-06-14 08:19登录了后台', 1, 1465863583),
(3256, 1, 1311, 3723421684, 'member', 1311, '工商管理学院在2016-06-14 08:40登录了后台', 1, 1465864837),
(3257, 1, 1069, 994264075, 'member', 1069, '外国语学院在2016-06-14 08:50登录了后台', 1, 1465865419),
(3258, 1, 5501, 1872822467, 'member', 5501, '电气工程与自动化学院在2016-06-14 08:58登录了后台', 1, 1465865897),
(3259, 1, 1000, 1971575559, 'member', 1000, '生命科学学院在2016-06-14 09:04登录了后台', 1, 1465866282),
(3260, 1, 5503, 1872822469, 'member', 5503, '机械工程学院在2016-06-14 09:11登录了后台', 1, 1465866679),
(3261, 1, 2, 1872806714, 'member', 2, 'tsw150001在2016-06-14 09:14登录了后台', 1, 1465866860),
(3262, 1, 1099, 1872822473, 'member', 1099, '纺织学院在2016-06-14 09:18登录了后台', 1, 1465867102),
(3263, 1, 840, 1864245401, 'member', 840, '天津城建大学在2016-06-14 09:22登录了后台', 1, 1465867338),
(3264, 1, 833, 3544479665, 'member', 833, '天津工大在2016-06-14 09:24登录了后台', 1, 1465867441),
(3265, 1, 842, 3726531625, 'member', 842, '天津外国语在2016-06-14 09:25登录了后台', 1, 1465867559),
(3266, 1, 5479, 1864245397, 'member', 5479, '地址与测绘学院在2016-06-14 09:29登录了后台', 1, 1465867743),
(3267, 1, 1141, 3723383491, 'member', 1141, '环境科学与安全工程学院在2016-06-14 09:35登录了后台', 1, 1465868159),
(3268, 1, 840, 1864245401, 'member', 840, '天津城建大学在2016-06-14 09:39登录了后台', 1, 1465868366),
(3269, 1, 1000, 1971575559, 'member', 1000, '生命科学学院在2016-06-14 09:41登录了后台', 1, 1465868464),
(3270, 1, 1237, 1864245403, 'member', 1237, '土木工程学院在2016-06-14 09:41登录了后台', 1, 1465868475),
(3271, 1, 5502, 1872822471, 'member', 5502, '计算机科学与软件学院在2016-06-14 09:55登录了后台', 1, 1465869333),
(3272, 1, 2, 1872806714, 'member', 2, 'tsw150001在2016-06-14 10:01登录了后台', 1, 1465869698),
(3273, 1, 1130, 1742898499, 'member', 1130, '华信软件学院在2016-06-14 10:04登录了后台', 1, 1465869885),
(3274, 1, 2331, 1008559147, 'member', 2331, 'nk050164837在2016-06-14 10:22登录了后台', 1, 1465870953),
(3275, 1, 2331, 1008559147, 'member', 2331, 'nk050164837在2016-06-14 10:31登录了后台', 1, 1465871467),
(3276, 1, 1069, 994264075, 'member', 1069, '外国语学院在2016-06-14 10:35登录了后台', 1, 1465871707),
(3277, 1, 1292, 3544504905, 'member', 1292, '英语学院在2016-06-14 10:35登录了后台', 1, 1465871731),
(3278, 1, 1113, 1971560059, 'member', 1113, '法政学院在2016-06-14 10:37登录了后台', 1, 1465871872),
(3279, 1, 1285, 3544505040, 'member', 1285, '日语学院在2016-06-14 10:38登录了后台', 1, 1465871882),
(3280, 1, 5558, 3544505045, 'member', 5558, '亚非语学院在2016-06-14 10:41登录了后台', 1, 1465872087),
(3281, 1, 5558, 3544505045, 'member', 5558, '亚非语学院在2016-06-14 10:46登录了后台', 1, 1465872390),
(3282, 1, 5479, 1864245397, 'member', 5479, '地址与测绘学院在2016-06-14 10:50登录了后台', 1, 1465872656),
(3283, 1, 2331, 1008559147, 'member', 2331, 'nk050164837在2016-06-14 10:54登录了后台', 1, 1465872842),
(3284, 1, 1084, 1963629226, 'member', 1084, '计算机与信息工程学院在2016-06-14 10:58登录了后台', 1, 1465873100),
(3285, 1, 1281, 3726530960, 'member', 1281, '国际商学院在2016-06-14 11:14登录了后台', 1, 1465874042),
(3286, 1, 840, 1864245401, 'member', 840, '天津城建大学在2016-06-14 11:14登录了后台', 1, 1465874075),
(3287, 1, 1095, 1872822468, 'member', 1095, '理学院在2016-06-14 11:17登录了后台', 1, 1465874276),
(3288, 1, 1100, 1872822471, 'member', 1100, '经济学院在2016-06-14 11:20登录了后台', 1, 1465874417),
(3289, 1, 841, 1864245463, 'member', 841, '天津农学院在2016-06-14 11:20登录了后台', 1, 1465874424),
(3290, 1, 841, 1864245463, 'member', 841, '天津农学院在2016-06-14 11:21登录了后台', 1, 1465874487),
(3291, 1, 842, 3544503550, 'member', 842, '天津外国语在2016-06-14 11:24登录了后台', 1, 1465874685),
(3292, 1, 1311, 3723421684, 'member', 1311, '工商管理学院在2016-06-14 11:33登录了后台', 1, 1465875197),
(3293, 1, 1117, 712663481, 'member', 1117, '电子信息与自动化学院在2016-06-14 11:53登录了后台', 1, 1465876406),
(3294, 1, 1084, 1963629226, 'member', 1084, '计算机与信息工程学院在2016-06-14 11:55登录了后台', 1, 1465876515),
(3295, 1, 1084, 994266385, 'member', 1084, '计算机与信息工程学院在2016-06-14 12:15登录了后台', 1, 1465877701),
(3296, 1, 2, 1872806714, 'member', 2, 'tsw150001在2016-06-14 12:44登录了后台', 1, 1465879442),
(3297, 1, 832, 1930998196, 'member', 832, '天津师大在2016-06-14 13:00登录了后台', 1, 1465880454),
(3298, 1, 1, 2099660156, 'member', 1, '开发者在2016-06-14 13:29登录了后台', 1, 1465882173),
(3299, 1, 1141, 3723383491, 'member', 1141, '环境科学与安全工程学院在2016-06-14 13:33登录了后台', 1, 1465882430),
(3300, 1, 1095, 1872822468, 'member', 1095, '理学院在2016-06-14 13:59登录了后台', 1, 1465883990),
(3301, 1, 1311, 3723421684, 'member', 1311, '工商管理学院在2016-06-14 14:01登录了后台', 1, 1465884116),
(3302, 1, 1069, 994264075, 'member', 1069, '外国语学院在2016-06-14 14:09登录了后台', 1, 1465884570),
(3303, 1, 1281, 3726530960, 'member', 1281, '国际商学院在2016-06-14 14:09登录了后台', 1, 1465884594),
(3304, 1, 842, 3726531625, 'member', 842, '天津外国语在2016-06-14 14:21登录了后台', 1, 1465885295),
(3305, 1, 1259, 1864245393, 'member', 1259, '计算机与信息工程学院在2016-06-14 14:33登录了后台', 1, 1465885995),
(3306, 1, 2, 1872806714, 'member', 2, 'tsw150001在2016-06-14 14:34登录了后台', 1, 1465886056),
(3307, 1, 5485, 3396428445, 'member', 5485, '音乐与影视学院在2016-06-14 14:36登录了后台', 1, 1465886198),
(3308, 1, 5499, 1872822476, 'member', 5499, '环境与化学工程学院在2016-06-14 14:43登录了后台', 1, 1465886622),
(3309, 1, 1259, 1008222026, 'member', 1259, '计算机与信息工程学院在2016-06-14 14:54登录了后台', 1, 1465887290),
(3310, 1, 1, 2099660156, 'member', 1, '开发者在2016-06-14 15:03登录了后台', 1, 1465887804),
(3311, 1, 1069, 994264075, 'member', 1069, '外国语学院在2016-06-14 15:03登录了后台', 1, 1465887807),
(3312, 1, 840, 1864245402, 'member', 840, '天津城建大学在2016-06-14 15:16登录了后台', 1, 1465888609),
(3313, 1, 2, 1872806714, 'member', 2, 'tsw150001在2016-06-14 15:17登录了后台', 1, 1465888626),
(3314, 1, 1259, 1873072592, 'member', 1259, '计算机与信息工程学院在2016-06-14 15:18登录了后台', 1, 1465888730),
(3315, 1, 833, 3544479665, 'member', 833, '天津工大在2016-06-14 15:20登录了后台', 1, 1465888824),
(3316, 1, 1130, 1742898499, 'member', 1130, '华信软件学院在2016-06-14 15:23登录了后台', 1, 1465888991),
(3317, 1, 1259, 1864245393, 'member', 1259, '计算机与信息工程学院在2016-06-14 15:25登录了后台', 1, 1465889140),
(3318, 1, 1259, 1873072592, 'member', 1259, '计算机与信息工程学院在2016-06-14 15:27登录了后台', 1, 1465889268),
(3319, 1, 5597, 1864253678, 'member', 5597, '经济学院大公信用管理学院在2016-06-14 15:56登录了后台', 1, 1465890974),
(3320, 1, 5597, 1864253678, 'member', 5597, '经济学院大公信用管理学院在2016-06-14 15:56登录了后台', 1, 1465891003),
(3321, 1, 1069, 994264075, 'member', 1069, '外国语学院在2016-06-14 16:13登录了后台', 1, 1465892005),
(3322, 1, 1281, 3726530960, 'member', 1281, '国际商学院在2016-06-14 16:15登录了后台', 1, 1465892127),
(3323, 1, 1, 2099660156, 'member', 1, '开发者在2016-06-14 16:24登录了后台', 1, 1465892686),
(3324, 1, 1099, 1872822473, 'member', 1099, '纺织学院在2016-06-14 17:08登录了后台', 1, 1465895297),
(3325, 1, 2, 2099660156, 'member', 2, 'tsw150001在2016-06-14 17:16登录了后台', 1, 1465895800),
(3326, 1, 1, 2099660156, 'member', 1, '开发者在2016-06-14 17:17登录了后台', 1, 1465895824),
(3327, 1, 1207, 1864272315, 'member', 1207, '职业技术学院在2016-06-14 17:20登录了后台', 1, 1465896037),
(3328, 1, 1259, 1873072405, 'member', 1259, '计算机与信息工程学院在2016-06-14 17:24登录了后台', 1, 1465896270),
(3329, 1, 1259, 1873073130, 'member', 1259, '计算机与信息工程学院在2016-06-14 17:28登录了后台', 1, 1465896493),
(3330, 1, 1259, 1873073130, 'member', 1259, '计算机与信息工程学院在2016-06-14 17:31登录了后台', 1, 1465896681),
(3331, 1, 1259, 1873073130, 'member', 1259, '计算机与信息工程学院在2016-06-14 17:34登录了后台', 1, 1465896880),
(3332, 1, 1259, 1873073130, 'member', 1259, '计算机与信息工程学院在2016-06-14 17:35登录了后台', 1, 1465896919),
(3333, 1, 1259, 1872866431, 'member', 1259, '计算机与信息工程学院在2016-06-14 18:30登录了后台', 1, 1465900233),
(3334, 1, 1259, 1864245400, 'member', 1259, '计算机与信息工程学院在2016-06-14 19:09登录了后台', 1, 1465902572),
(3335, 1, 1259, 1864245400, 'member', 1259, '计算机与信息工程学院在2016-06-14 19:17登录了后台', 1, 1465903071),
(3336, 1, 1259, 1873073054, 'member', 1259, '计算机与信息工程学院在2016-06-14 19:54登录了后台', 1, 1465905249),
(3337, 1, 1259, 1873072722, 'member', 1259, '计算机与信息工程学院在2016-06-14 20:32登录了后台', 1, 1465907553),
(3338, 1, 1084, 1872909811, 'member', 1084, '计算机与信息工程学院在2016-06-14 21:36登录了后台', 1, 1465911417),
(3339, 1, 1080, 1873060560, 'member', 1080, '管理学院在2016-06-14 21:43登录了后台', 1, 1465911797),
(3340, 1, 1080, 1873060560, 'member', 1080, '管理学院在2016-06-14 21:44登录了后台', 1, 1465911843),
(3341, 1, 1085, 1872869661, 'member', 1085, '马克思主义学院在2016-06-14 21:46登录了后台', 1, 1465911998),
(3342, 1, 1085, 1872869661, 'member', 1085, '马克思主义学院在2016-06-14 22:50登录了后台', 1, 1465915830),
(3343, 1, 1357, 1008547651, 'member', 1357, '艺术管理系在2016-06-14 23:24登录了后台', 1, 1465917885),
(3344, 1, 1357, 1008547651, 'member', 1357, '邱天浩在2016-06-14 23:30登录了后台', 1, 1465918243),
(3345, 1, 1085, 1872869661, 'member', 1085, '马克思主义学院在2016-06-15 07:57登录了后台', 1, 1465948664),
(3346, 1, 840, 1864245402, 'member', 840, '天津城建大学在2016-06-15 08:10登录了后台', 1, 1465949453),
(3347, 1, 835, 1035304968, 'member', 835, '天津理工在2016-06-15 08:15登录了后台', 1, 1465949739),
(3348, 1, 1623, 2042724510, 'member', 1623, '计算机在2016-06-15 08:25登录了后台', 1, 1465950305),
(3349, 1, 1101, 1872822477, 'member', 1101, '艺术与服装学院在2016-06-15 08:31登录了后台', 1, 1465950697),
(3350, 1, 1075, 3085447082, 'member', 1075, '文学院在2016-06-15 08:39登录了后台', 1, 1465951188),
(3351, 1, 1068, 994266134, 'member', 1068, '城市与环境科学学院在2016-06-15 08:40登录了后台', 1, 1465951239),
(3352, 1, 5479, 1864245397, 'member', 5479, '地址与测绘学院在2016-06-15 08:49登录了后台', 1, 1465951780),
(3353, 1, 1311, 3723421684, 'member', 1311, '天津商业大学商学院在2016-06-15 09:10登录了后台', 1, 1465953049),
(3354, 1, 5485, 3396428445, 'member', 5485, '音乐与影视学院在2016-06-15 09:21登录了后台', 1, 1465953677),
(3355, 1, 1087, 1872822468, 'member', 1087, '人文与法学院在2016-06-15 09:39登录了后台', 1, 1465954773),
(3356, 1, 1133, 3396422455, 'member', 1133, '外国语学院在2016-06-15 09:50登录了后台', 1, 1465955426),
(3357, 1, 1141, 1035304968, 'member', 1141, '环境科学与安全工程学院在2016-06-15 09:52登录了后台', 1, 1465955563),
(3358, 1, 1237, 1864245403, 'member', 1237, '土木工程学院在2016-06-15 10:01登录了后台', 1, 1465956089),
(3359, 1, 5543, 1872770603, 'member', 5543, '经济与管理系在2016-06-15 10:45登录了后台', 1, 1465958725),
(3360, 1, 1616, 1872770618, 'member', 1616, '电子信息工程系在2016-06-15 10:52登录了后台', 1, 1465959169),
(3361, 1, 1616, 1872770618, 'member', 1616, '电子信息工程系在2016-06-15 10:57登录了后台', 1, 1465959474),
(3362, 1, 1311, 3723421684, 'member', 1311, '天津商业大学商学院在2016-06-15 10:59登录了后台', 1, 1465959595),
(3363, 1, 5472, 1971575598, 'member', 5472, '数学科学学院在2016-06-15 11:03登录了后台', 1, 1465959808),
(3364, 1, 1618, 1872770612, 'member', 1618, '计算机工程系在2016-06-15 12:26登录了后台', 1, 1465964787),
(3365, 1, 1618, 1872770612, 'member', 1618, '计算机工程系在2016-06-15 12:29登录了后台', 1, 1465964954),
(3366, 1, 5582, 709936995, 'member', 5582, '马克思主义学院在2016-06-15 12:40登录了后台', 1, 1465965622),
(3367, 1, 1075, 2099588813, 'member', 1075, '文学院在2016-06-15 12:40登录了后台', 1, 1465965646),
(3368, 1, 5582, 709936995, 'member', 5582, '马克思主义学院在2016-06-15 12:47登录了后台', 1, 1465966048),
(3369, 1, 1000, 1971575559, 'member', 1000, '生命科学学院在2016-06-15 13:09登录了后台', 1, 1465967399),
(3370, 1, 1141, 3723383491, 'member', 1141, '环境科学与安全工程学院在2016-06-15 13:33登录了后台', 1, 1465968828),
(3371, 1, 842, 3544503547, 'member', 842, '天津外国语在2016-06-15 13:47登录了后台', 1, 1465969674),
(3372, 1, 5485, 3396428445, 'member', 5485, '音乐与影视学院在2016-06-15 13:59登录了后台', 1, 1465970394),
(3373, 1, 1259, 1864245400, 'member', 1259, '计算机与信息工程学院在2016-06-15 14:01登录了后台', 1, 1465970463),
(3374, 1, 832, 1930998196, 'member', 832, '天津师大在2016-06-15 14:41登录了后台', 1, 1465972886),
(3375, 1, 1068, 1930998196, 'member', 1068, '城市与环境科学学院在2016-06-15 14:42登录了后台', 1, 1465972964),
(3376, 1, 5485, 3396428445, 'member', 5485, '音乐与影视学院在2016-06-15 15:01登录了后台', 1, 1465974062),
(3377, 1, 2, 1872806714, 'member', 2, 'tsw150001在2016-06-15 15:46登录了后台', 1, 1465976798),
(3378, 1, 1618, 1872770620, 'member', 1618, '计算机工程系在2016-06-15 15:59登录了后台', 1, 1465977561),
(3379, 1, 1259, 1873072288, 'member', 1259, '计算机与信息工程学院在2016-06-15 16:19登录了后台', 1, 1465978754),
(3380, 1, 1141, 1035304968, 'member', 1141, '环境科学与安全工程学院在2016-06-15 16:30登录了后台', 1, 1465979421),
(3381, 1, 1099, 1872822473, 'member', 1099, '纺织学院在2016-06-15 16:47登录了后台', 1, 1465980450),
(3382, 1, 833, 3544479665, 'member', 833, '天津工大在2016-06-15 16:49登录了后台', 1, 1465980586),
(3383, 1, 2330, 1872766754, 'member', 2330, 'hd030163339在2016-06-15 17:05登录了后台', 1, 1465981536),
(3384, 1, 1082, 2071886996, 'member', 1082, '美术与设计学院在2016-06-15 17:37登录了后台', 1, 1465983422),
(3385, 1, 1082, 1930997980, 'member', 1082, '美术与设计学院在2016-06-15 17:41登录了后台', 1, 1465983700),
(3386, 1, 2331, 1008559147, 'member', 2331, 'nk050164837在2016-06-15 17:53登录了后台', 1, 1465984438),
(3387, 1, 5582, 709936995, 'member', 5582, '马克思主义学院在2016-06-15 18:01登录了后台', 1, 1465984887),
(3388, 1, 1084, 1872866964, 'member', 1084, '计算机与信息工程学院在2016-06-15 20:16登录了后台', 1, 1465993015),
(3389, 1, 1259, 1873067471, 'member', 1259, '计算机与信息工程学院在2016-06-15 23:16登录了后台', 1, 1466003779),
(3390, 1, 1357, 3033874343, 'member', 1357, '邱天浩在2016-06-16 00:00登录了后台', 1, 1466006431),
(3391, 1, 1141, 2073493445, 'member', 1141, '环境科学与安全工程学院在2016-06-16 08:35登录了后台', 1, 1466037327),
(3392, 1, 5484, 994263914, 'member', 5484, '物理与材料科学学院在2016-06-16 08:40登录了后台', 1, 1466037615),
(3393, 1, 1069, 994264075, 'member', 1069, '外国语学院在2016-06-16 08:55登录了后台', 1, 1466038540),
(3394, 1, 1069, 994264075, 'member', 1069, '外国语学院在2016-06-16 08:56登录了后台', 1, 1466038612),
(3395, 1, 1034, 1872803699, 'member', 1034, '马克思主义学院在2016-06-16 09:11登录了后台', 1, 1466039498),
(3396, 1, 1000, 1971575559, 'member', 1000, '生命科学学院在2016-06-16 09:34登录了后台', 1, 1466040866),
(3397, 1, 834, 1971560062, 'member', 834, '天津科大在2016-06-16 09:35登录了后台', 1, 1466040935),
(3398, 1, 2308, 1971563634, 'member', 2308, 'hx020167867在2016-06-16 09:37登录了后台', 1, 1466041052),
(3399, 1, 840, 1864245402, 'member', 840, '天津城建大学在2016-06-16 09:46登录了后台', 1, 1466041576),
(3400, 1, 1237, 1864245403, 'member', 1237, '土木工程学院在2016-06-16 09:56登录了后台', 1, 1466042164),
(3401, 1, 1117, 2073510031, 'member', 1117, '电子信息与自动化学院在2016-06-16 09:56登录了后台', 1, 1466042211),
(3402, 1, 1655, 1864253602, 'member', 1655, '信息技术工程学院在2016-06-16 09:58登录了后台', 1, 1466042333),
(3403, 1, 1256, 1864245401, 'member', 1256, '经济与管理学院在2016-06-16 09:59登录了后台', 1, 1466042396),
(3404, 1, 1656, 1864253602, 'member', 1656, '外国语学院在2016-06-16 10:00登录了后台', 1, 1466042413),
(3405, 1, 1117, 1971560062, 'member', 1117, '电子信息与自动化学院在2016-06-16 10:05登录了后台', 1, 1466042701),
(3406, 1, 1657, 1864253602, 'member', 1657, '机械工程学院在2016-06-16 10:08登录了后台', 1, 1466042880),
(3407, 1, 1256, 1864245401, 'member', 1256, '经济与管理学院在2016-06-16 10:08登录了后台', 1, 1466042913),
(3408, 1, 1655, 1864253602, 'member', 1655, '信息技术工程学院在2016-06-16 10:08登录了后台', 1, 1466042927),
(3409, 1, 1656, 1864253602, 'member', 1656, '外国语学院在2016-06-16 10:09登录了后台', 1, 1466042971),
(3410, 1, 5558, 3544505045, 'member', 5558, '亚非语学院在2016-06-16 10:16登录了后台', 1, 1466043402),
(3411, 1, 1026, 1872803698, 'member', 1026, '管理与经济学部在2016-06-16 10:20登录了后台', 1, 1466043621),
(3412, 1, 2335, 1971553845, 'member', 2335, 'dl070163420在2016-06-16 10:46登录了后台', 1, 1466045167),
(3413, 1, 1311, 3723421684, 'member', 1311, '天津商业大学商学院在2016-06-16 10:48登录了后台', 1, 1466045324),
(3414, 1, 1069, 994264075, 'member', 1069, '外国语学院在2016-06-16 11:16登录了后台', 1, 1466046994),
(3415, 1, 1141, 2073493444, 'member', 1141, '环境科学与安全工程学院在2016-06-16 11:18登录了后台', 1, 1466047109),
(3416, 1, 1031, 1864249082, 'member', 1031, '药物科学与技术学院在2016-06-16 11:19登录了后台', 1, 1466047186),
(3417, 1, 1069, 994264075, 'member', 1069, '外国语学院在2016-06-16 11:30登录了后台', 1, 1466047809),
(3418, 1, 1256, 1864245401, 'member', 1256, '经济与管理学院在2016-06-16 11:32登录了后台', 1, 1466047968),
(3419, 1, 1292, 3544504905, 'member', 1292, '英语学院在2016-06-16 11:50登录了后台', 1, 1466049039),
(3420, 1, 2343, 1971567178, 'member', 2343, '滨海保税区团委在2016-06-16 11:58登录了后台', 1, 1466049497),
(3421, 1, 1141, 2073493443, 'member', 1141, '环境科学与安全工程学院在2016-06-16 12:33登录了后台', 1, 1466051628),
(3422, 1, 1141, 2073493444, 'member', 1141, '环境科学与安全工程学院在2016-06-16 12:49登录了后台', 1, 1466052582),
(3423, 1, 1618, 1872770613, 'member', 1618, '计算机工程系在2016-06-16 13:16登录了后台', 1, 1466054183),
(3424, 1, 2336, 3661978945, 'member', 2336, 'jn100161395在2016-06-16 13:46登录了后台', 1, 1466055990),
(3425, 1, 2335, 1971553845, 'member', 2335, 'dl070163420在2016-06-16 14:20登录了后台', 1, 1466058027),
(3426, 1, 1084, 994266384, 'member', 1084, '计算机与信息工程学院在2016-06-16 14:23登录了后台', 1, 1466058198),
(3427, 1, 1285, 3544505040, 'member', 1285, '日语学院在2016-06-16 14:36登录了后台', 1, 1466059005),
(3428, 1, 1026, 1872803698, 'member', 1026, '管理与经济学部在2016-06-16 14:47登录了后台', 1, 1466059660),
(3429, 1, 2335, 3748193252, 'member', 2335, 'dl070163420在2016-06-16 14:47登录了后台', 1, 1466059673),
(3430, 1, 1080, 1872911127, 'member', 1080, '管理学院在2016-06-16 14:48登录了后台', 1, 1466059692),
(3431, 1, 1663, 1971860997, 'member', 1663, '自动化与电气工程学院在2016-06-16 14:59登录了后台', 1, 1466060397),
(3432, 1, 1663, 1971860997, 'member', 1663, '自动化与电气工程学院在2016-06-16 15:00登录了后台', 1, 1466060455),
(3433, 1, 1660, 3748193054, 'member', 1660, '电子工程学院在2016-06-16 15:14登录了后台', 1, 1466061270),
(3434, 1, 1660, 3748193054, 'member', 1660, '电子工程学院在2016-06-16 15:15登录了后台', 1, 1466061341),
(3435, 1, 1141, 2073493444, 'member', 1141, '环境科学与安全工程学院在2016-06-16 15:25登录了后台', 1, 1466061907),
(3436, 1, 1660, 1864364685, 'member', 1660, '电子工程学院在2016-06-16 15:30登录了后台', 1, 1466062234),
(3437, 1, 5479, 1864245397, 'member', 5479, '地址与测绘学院在2016-06-16 15:37登录了后台', 1, 1466062636),
(3438, 1, 1660, 1864253602, 'member', 1660, '电子工程学院在2016-06-16 15:48登录了后台', 1, 1466063298),
(3439, 1, 1660, 1864253602, 'member', 1660, '电子工程学院在2016-06-16 15:50登录了后台', 1, 1466063409),
(3440, 1, 1256, 1864245401, 'member', 1256, '经济与管理学院在2016-06-16 16:00登录了后台', 1, 1466064000),
(3441, 1, 2335, 3748193252, 'member', 2335, 'dl070163420在2016-06-16 16:20登录了后台', 1, 1466065214),
(3442, 1, 1133, 3396422455, 'member', 1133, '外国语学院在2016-06-16 16:30登录了后台', 1, 1466065821),
(3443, 1, 1077, 1008508065, 'member', 1077, '法学院在2016-06-16 16:36登录了后台', 1, 1466066197),
(3444, 1, 1242, 1864245398, 'member', 1242, '建筑学院在2016-06-16 16:41登录了后台', 1, 1466066499),
(3445, 1, 2, 1872806714, 'member', 2, 'tsw150001在2016-06-16 16:56登录了后台', 1, 1466067411),
(3446, 1, 1, 2099660156, 'member', 1, '开发者在2016-06-16 17:09登录了后台', 1, 1466068174),
(3447, 1, 1, 2099660156, 'member', 1, '开发者在2016-06-16 17:11登录了后台', 1, 1466068275),
(3448, 1, 830, 1864249067, 'member', 830, '天津大学在2016-06-16 18:04登录了后台', 1, 1466071447),
(3449, 1, 1242, 1864245404, 'member', 1242, '建筑学院在2016-06-16 19:39登录了后台', 1, 1466077169),
(3450, 1, 1075, 1008406632, 'member', 1075, '文学院在2016-06-16 20:14登录了后台', 1, 1466079258),
(3451, 1, 1084, 1872909911, 'member', 1084, '计算机与信息工程学院在2016-06-16 21:19登录了后台', 1, 1466083190),
(3452, 1, 1242, 1864245401, 'member', 1242, '建筑学院在2016-06-16 23:26登录了后台', 1, 1466090813),
(3453, 1, 1660, 1971861029, 'member', 1660, '电子工程学院在2016-06-17 00:12登录了后台', 1, 1466093562),
(3454, 1, 1237, 1864245403, 'member', 1237, '土木工程学院在2016-06-17 07:48登录了后台', 1, 1466120897),
(3455, 1, 1663, 3748193269, 'member', 1663, '自动化与电气工程学院在2016-06-17 07:54登录了后台', 1, 1466121250),
(3456, 1, 2336, 3661978945, 'member', 2336, 'jn100161395在2016-06-17 08:11登录了后台', 1, 1466122261),
(3457, 1, 1256, 1864245401, 'member', 1256, '经济与管理学院在2016-06-17 08:20登录了后台', 1, 1466122822),
(3458, 1, 1656, 1864253602, 'member', 1656, '外国语学院在2016-06-17 08:36登录了后台', 1, 1466123792),
(3459, 1, 840, 3748193204, 'member', 840, '天津城建大学在2016-06-17 08:47登录了后台', 1, 1466124455),
(3460, 1, 830, 1864249085, 'member', 830, '天津大学在2016-06-17 09:08登录了后台', 1, 1466125705),
(3461, 1, 1120, 1971560059, 'member', 1120, '计算机科学与信息工程学院在2016-06-17 09:13登录了后台', 1, 1466126011),
(3462, 1, 1027, 3396448354, 'member', 1027, '精密仪器与光电子工程学院在2016-06-17 09:14登录了后台', 1, 1466126084),
(3463, 1, 1023, 1864249085, 'member', 1023, '生命科学学院在2016-06-17 09:17登录了后台', 1, 1466126243),
(3464, 1, 1027, 3748193210, 'member', 1027, '精密仪器与光电子工程学院在2016-06-17 09:18登录了后台', 1, 1466126291),
(3465, 1, 1237, 1864245403, 'member', 1237, '土木工程学院在2016-06-17 09:19登录了后台', 1, 1466126355),
(3466, 1, 1026, 1872803698, 'member', 1026, '管理与经济学部在2016-06-17 09:19登录了后台', 1, 1466126391),
(3467, 1, 1245, 1864245397, 'member', 1245, '控制与机械工程学院在2016-06-17 09:23登录了后台', 1, 1466126597),
(3468, 1, 991, 1971575593, 'member', 991, '文学院在2016-06-17 09:26登录了后台', 1, 1466126810),
(3469, 1, 840, 1864245405, 'member', 840, '天津城建大学在2016-06-17 09:29登录了后台', 1, 1466126953),
(3470, 1, 5470, 1971575587, 'member', 5470, '材料科学与工程学院在2016-06-17 09:31登录了后台', 1, 1466127062),
(3471, 1, 6536, 1864249396, 'member', 6536, '设计艺术学院艺术设计学系在2016-06-17 09:33登录了后台', 1, 1466127206),
(3472, 1, 1660, 1971861029, 'member', 1660, '电子工程学院在2016-06-17 09:40登录了后台', 1, 1466127641),
(3473, 1, 1256, 1864245401, 'member', 1256, '经济与管理学院在2016-06-17 09:43登录了后台', 1, 1466127823),
(3474, 1, 1116, 1971560062, 'member', 1116, '生物工程学院在2016-06-17 09:49登录了后台', 1, 1466128158),
(3475, 1, 1256, 1864245401, 'member', 1256, '经济与管理学院在2016-06-17 10:00登录了后台', 1, 1466128840),
(3476, 1, 1133, 3396422455, 'member', 1133, '外国语学院在2016-06-17 10:00登录了后台', 1, 1466128857),
(3477, 1, 1252, 1864245396, 'member', 1252, '理学院在2016-06-17 10:08登录了后台', 1, 1466129325),
(3478, 1, 1252, 1864245396, 'member', 1252, '理学院在2016-06-17 10:09登录了后台', 1, 1466129386),
(3479, 1, 6536, 1864249396, 'member', 6536, '设计艺术学院艺术设计学系在2016-06-17 10:11登录了后台', 1, 1466129516),
(3480, 1, 840, 1864245405, 'member', 840, '天津城建大学在2016-06-17 10:21登录了后台', 1, 1466130084),
(3481, 1, 1252, 1864245396, 'member', 1252, '理学院在2016-06-17 10:24登录了后台', 1, 1466130284),
(3482, 1, 1, 1008222652, 'member', 1, '开发者在2016-06-17 10:29登录了后台', 1, 1466130576),
(3483, 1, 985, 1971575592, 'member', 985, '历史学院在2016-06-17 10:29登录了后台', 1, 1466130585),
(3484, 1, 835, 2073493443, 'member', 835, '天津理工在2016-06-17 10:34登录了后台', 1, 1466130879),
(3485, 1, 1026, 1872803698, 'member', 1026, '管理与经济学部在2016-06-17 10:40登录了后台', 1, 1466131200),
(3486, 1, 1256, 1864245401, 'member', 1256, '经济与管理学院在2016-06-17 10:40登录了后台', 1, 1466131216),
(3487, 1, 1237, 1864245403, 'member', 1237, '土木工程学院在2016-06-17 11:07登录了后台', 1, 1466132872),
(3488, 1, 1242, 1864245393, 'member', 1242, '建筑学院在2016-06-17 11:12登录了后台', 1, 1466133172),
(3489, 1, 1, 1008222652, 'member', 1, '开发者在2016-06-17 11:16登录了后台', 1, 1466133416),
(3490, 1, 1084, 1863146757, 'member', 1084, '计算机与信息工程学院在2016-06-17 11:29登录了后台', 1, 1466134195),
(3491, 1, 1256, 1864245401, 'member', 1256, '经济与管理学院在2016-06-17 11:36登录了后台', 1, 1466134600),
(3492, 1, 1084, 994266385, 'member', 1084, '计算机与信息工程学院在2016-06-17 13:04登录了后台', 1, 1466139859),
(3493, 1, 1068, 994266134, 'member', 1068, '城市与环境科学学院在2016-06-17 13:17登录了后台', 1, 1466140670),
(3494, 1, 1142, 610960279, 'member', 1142, '理学院在2016-06-17 13:21登录了后台', 1, 1466140914),
(3495, 1, 1256, 1864245401, 'member', 1256, '经济与管理学院在2016-06-17 13:51登录了后台', 1, 1466142673),
(3496, 1, 1142, 610960279, 'member', 1142, '理学院在2016-06-17 13:55登录了后台', 1, 1466142911),
(3497, 1, 5602, 1864253677, 'member', 5602, '理工学院在2016-06-17 14:01登录了后台', 1, 1466143307),
(3498, 1, 1256, 1864245401, 'member', 1256, '经济与管理学院在2016-06-17 14:43登录了后台', 1, 1466145820),
(3499, 1, 1292, 3544504905, 'member', 1292, '英语学院在2016-06-17 14:44登录了后台', 1, 1466145871),
(3500, 1, 2, 1008222652, 'member', 2, 'tsw150001在2016-06-17 14:56登录了后台', 1, 1466146564),
(3501, 1, 8625, 3396448313, 'member', 8625, '化工学院在2016-06-17 15:05登录了后台', 1, 1466147110),
(3502, 1, 1021, 3396448302, 'member', 1021, '环境科学与工程学院在2016-06-17 15:05登录了后台', 1, 1466147140),
(3503, 1, 909, 1864253602, 'member', 909, '天津职业技术师范大学在2016-06-17 15:09登录了后台', 1, 1466147372),
(3504, 1, 909, 1864253602, 'member', 909, '天津职业技术师范大学在2016-06-17 15:11登录了后台', 1, 1466147464),
(3505, 1, 1660, 1971861029, 'member', 1660, '电子工程学院在2016-06-17 15:11登录了后台', 1, 1466147513),
(3506, 1, 1066, 1873070735, 'member', 1066, '历史文化学院在2016-06-17 15:21登录了后台', 1, 1466148118),
(3507, 1, 1256, 1864245401, 'member', 1256, '经济与管理学院在2016-06-17 15:29登录了后台', 1, 1466148564),
(3508, 1, 1256, 1864245401, 'member', 1256, '经济与管理学院在2016-06-17 15:31登录了后台', 1, 1466148695),
(3509, 1, 1026, 1872803698, 'member', 1026, '管理与经济学部在2016-06-17 15:49登录了后台', 1, 1466149797),
(3510, 1, 1025, 1864249066, 'member', 1025, '电气与自动化工程学院在2016-06-17 15:51登录了后台', 1, 1466149874),
(3511, 1, 5602, 1864253677, 'member', 5602, '理工学院在2016-06-17 16:42登录了后台', 1, 1466152928),
(3512, 1, 2, 1872806714, 'member', 2, 'tsw150001在2016-06-17 16:42登录了后台', 1, 1466152949),
(3513, 1, 1090, 1008222652, 'member', 1090, '外国语学院在2016-06-17 16:54登录了后台', 1, 1466153658),
(3514, 1, 1141, 2073493444, 'member', 1141, '环境科学与安全工程学院在2016-06-17 16:54登录了后台', 1, 1466153659),
(3515, 1, 1097, 1008222652, 'member', 1097, '管理学院在2016-06-17 16:55登录了后台', 1, 1466153714),
(3516, 1, 2332, 3661956720, 'member', 2332, 'hb040163323在2016-06-17 16:55登录了后台', 1, 1466153717),
(3517, 1, 1090, 1008222652, 'member', 1090, '外国语学院在2016-06-17 16:58登录了后台', 1, 1466153899),
(3518, 1, 1660, 1864364954, 'member', 1660, '电子工程学院在2016-06-17 17:07登录了后台', 1, 1466154469),
(3519, 1, 1090, 1872822470, 'member', 1090, '外国语学院在2016-06-17 17:11登录了后台', 1, 1466154680),
(3520, 1, 1090, 1872822470, 'member', 1090, '外国语学院在2016-06-17 17:13登录了后台', 1, 1466154823),
(3521, 1, 1022, 3396448303, 'member', 1022, '理学院在2016-06-17 17:30登录了后台', 1, 1466155839),
(3522, 1, 5557, 3544504961, 'member', 5557, '欧洲语言文化学院在2016-06-17 17:47登录了后台', 1, 1466156821),
(3523, 1, 5558, 3544505045, 'member', 5558, '亚非语学院在2016-06-17 17:56登录了后台', 1, 1466157394),
(3524, 1, 1252, 1873072800, 'member', 1252, '理学院在2016-06-17 20:32登录了后台', 1, 1466166727),
(3525, 1, 1084, 1873061452, 'member', 1084, '计算机与信息工程学院在2016-06-17 20:37登录了后台', 1, 1466167063),
(3526, 1, 1068, 1008406959, 'member', 1068, '城市与环境科学学院在2016-06-17 21:29登录了后台', 1, 1466170161),
(3527, 1, 1660, 1864364954, 'member', 1660, '电子工程学院在2016-06-17 22:37登录了后台', 1, 1466174229),
(3528, 1, 1660, 1864364954, 'member', 1660, '电子工程学院在2016-06-17 22:40登录了后台', 1, 1466174420),
(3529, 1, 1237, 1008243971, 'member', 1237, '土木工程学院在2016-06-17 22:41登录了后台', 1, 1466174514),
(3530, 1, 986, 3727355407, 'member', 986, '周恩来政府管理学院在2016-06-18 09:46登录了后台', 1, 1466214401),
(3531, 1, 991, 1971575577, 'member', 991, '文学院在2016-06-18 09:51登录了后台', 1, 1466214687),
(3532, 1, 1142, 610960279, 'member', 1142, '理学院在2016-06-18 12:28登录了后台', 1, 1466224125),
(3533, 1, 1142, 610960279, 'member', 1142, '理学院在2016-06-18 13:08登录了后台', 1, 1466226498),
(3534, 1, 1663, 3748193068, 'member', 1663, '自动化与电气工程学院在2016-06-18 14:33登录了后台', 1, 1466231587),
(3535, 1, 1069, 3727355397, 'member', 1069, '外国语学院在2016-06-18 15:06登录了后台', 1, 1466233569),
(3536, 1, 1, 1008222652, 'member', 1, '开发者在2016-06-18 15:19登录了后台', 1, 1466234380),
(3537, 1, 840, 465781510, 'member', 840, '天津城建大学在2016-06-18 15:34登录了后台', 1, 1466235259),
(3538, 1, 1034, 1872803699, 'member', 1034, '马克思主义学院在2016-06-18 15:44登录了后台', 1, 1466235896),
(3539, 1, 1309, 3723421585, 'member', 1309, '外国语言文学院在2016-06-18 16:05登录了后台', 1, 1466237128),
(3540, 1, 1240, 1864245396, 'member', 1240, '外国语学院在2016-06-18 19:11登录了后台', 1, 1466248274),
(3541, 1, 1242, 1864245396, 'member', 1242, '建筑学院在2016-06-18 19:14登录了后台', 1, 1466248463),
(3542, 1, 1245, 1864245396, 'member', 1245, '控制与机械工程学院在2016-06-18 19:17登录了后台', 1, 1466248628),
(3543, 1, 1663, 1863146862, 'member', 1663, '自动化与电气工程学院在2016-06-18 20:22登录了后台', 1, 1466252575),
(3544, 1, 1252, 1864245395, 'member', 1252, '理学院在2016-06-18 21:07登录了后台', 1, 1466255252),
(3545, 1, 1247, 1873064191, 'member', 1247, '材料科学与工程系在2016-06-19 13:00登录了后台', 1, 1466312444),
(3546, 1, 1024, 1864249069, 'member', 1024, '电子信息工程学院在2016-06-19 14:18登录了后台', 1, 1466317101),
(3547, 1, 1142, 610960279, 'member', 1142, '理学院在2016-06-19 14:37登录了后台', 1, 1466318254),
(3548, 1, 1663, 3748193248, 'member', 1663, '自动化与电气工程学院在2016-06-19 15:34登录了后台', 1, 1466321648),
(3549, 1, 1660, 1864364954, 'member', 1660, '电子工程学院在2016-06-19 16:09登录了后台', 1, 1466323762),
(3550, 1, 1242, 1864245404, 'member', 1242, '建筑学院在2016-06-19 17:10登录了后台', 1, 1466327427),
(3551, 1, 1242, 1864245404, 'member', 1242, '建筑学院在2016-06-19 17:28登录了后台', 1, 1466328509),
(3552, 1, 840, 1894792975, 'member', 840, '天津城建大学在2016-06-19 17:37登录了后台', 1, 1466329058),
(3553, 1, 830, 3085810125, 'member', 830, '天津大学在2016-06-19 18:03登录了后台', 1, 1466330605),
(3554, 1, 1259, 1864245395, 'member', 1259, '计算机与信息工程学院在2016-06-19 21:21登录了后台', 1, 1466342466),
(3555, 1, 1260, 1864245395, 'member', 1260, '高职学院在2016-06-19 21:21登录了后台', 1, 1466342505),
(3556, 1, 1259, 1864245395, 'member', 1259, '计算机与信息工程学院在2016-06-19 21:25登录了后台', 1, 1466342757),
(3557, 1, 1259, 1864245395, 'member', 1259, '计算机与信息工程学院在2016-06-19 21:31登录了后台', 1, 1466343111),
(3558, 1, 1259, 1864245395, 'member', 1259, '计算机与信息工程学院在2016-06-19 21:33登录了后台', 1, 1466343225),
(3559, 1, 1259, 1864245395, 'member', 1259, '计算机与信息工程学院在2016-06-19 21:37登录了后台', 1, 1466343474),
(3560, 1, 1259, 1864245395, 'member', 1259, '计算机与信息工程学院在2016-06-19 21:39登录了后台', 1, 1466343540),
(3561, 1, 1259, 1864245395, 'member', 1259, '计算机与信息工程学院在2016-06-19 21:40登录了后台', 1, 1466343601),
(3562, 1, 1259, 1864245395, 'member', 1259, '计算机与信息工程学院在2016-06-19 21:56登录了后台', 1, 1466344575),
(3563, 1, 1117, 712660981, 'member', 1117, '电子信息与自动化学院在2016-06-19 23:14登录了后台', 1, 1466349278),
(3564, 1, 1064, 1872909824, 'member', 1064, '初等教育学院在2016-06-20 06:43登录了后台', 1, 1466376204),
(3565, 1, 909, 1864253602, 'member', 909, '天津职业技术师范大学在2016-06-20 07:31登录了后台', 1, 1466379064),
(3566, 1, 1133, 3396422455, 'member', 1133, '外国语学院在2016-06-20 07:52登录了后台', 1, 1466380369),
(3567, 1, 830, 3396448352, 'member', 830, '天津大学在2016-06-20 07:59登录了后台', 1, 1466380796),
(3568, 1, 842, 3726531625, 'member', 842, '天津外国语在2016-06-20 08:00登录了后台', 1, 1466380847),
(3569, 1, 1256, 1864245401, 'member', 1256, '经济与管理学院在2016-06-20 08:09登录了后台', 1, 1466381373),
(3570, 1, 1237, 1864245403, 'member', 1237, '土木工程学院在2016-06-20 08:12登录了后台', 1, 1466381561),
(3571, 1, 834, 1971560062, 'member', 834, '天津科大在2016-06-20 08:25登录了后台', 1, 1466382314),
(3572, 1, 909, 1864253602, 'member', 909, '天津职业技术师范大学在2016-06-20 08:31登录了后台', 1, 1466382662),
(3573, 1, 1084, 994266556, 'member', 1084, '计算机与信息工程学院在2016-06-20 08:31登录了后台', 1, 1466382679),
(3574, 1, 840, 1880750528, 'member', 840, '天津城建大学在2016-06-20 08:36登录了后台', 1, 1466382988),
(3575, 1, 1663, 1864253602, 'member', 1663, '自动化与电气工程学院在2016-06-20 08:44登录了后台', 1, 1466383487),
(3576, 1, 1087, 1872822468, 'member', 1087, '人文与法学院在2016-06-20 08:45登录了后台', 1, 1466383529),
(3577, 1, 1663, 3748193273, 'member', 1663, '自动化与电气工程学院在2016-06-20 08:54登录了后台', 1, 1466384084),
(3578, 1, 1656, 1864253602, 'member', 1656, '外国语学院在2016-06-20 08:57登录了后台', 1, 1466384277),
(3579, 1, 1106, 1971560062, 'member', 1106, '包装与印刷工程学院在2016-06-20 09:06登录了后台', 1, 1466384783),
(3580, 1, 834, 1971560062, 'member', 834, '天津科大在2016-06-20 09:07登录了后台', 1, 1466384842),
(3581, 1, 5473, 1971575604, 'member', 5473, '电子信息与光学工程学院在2016-06-20 09:11登录了后台', 1, 1466385110),
(3582, 1, 1117, 1971560061, 'member', 1117, '电子信息与自动化学院在2016-06-20 09:11登录了后台', 1, 1466385110),
(3583, 1, 1106, 1864256771, 'member', 1106, '包装与印刷工程学院在2016-06-20 09:12登录了后台', 1, 1466385131),
(3584, 1, 1095, 1872822468, 'member', 1095, '理学院在2016-06-20 09:14登录了后台', 1, 1466385282),
(3585, 1, 1120, 1971560061, 'member', 1120, '计算机科学与信息工程学院在2016-06-20 09:22登录了后台', 1, 1466385766),
(3586, 1, 1106, 1971560062, 'member', 1106, '包装与印刷工程学院在2016-06-20 09:26登录了后台', 1, 1466385997),
(3587, 1, 1120, 1971560059, 'member', 1120, '计算机科学与信息工程学院在2016-06-20 09:27登录了后台', 1, 1466386061),
(3588, 1, 5505, 1971560059, 'member', 5505, '造纸学院在2016-06-20 09:28登录了后台', 1, 1466386096),
(3589, 1, 5542, 1872770608, 'member', 5542, '机械工程系在2016-06-20 09:32登录了后台', 1, 1466386367),
(3590, 1, 1107, 1864256771, 'member', 1107, '国际学院在2016-06-20 09:35登录了后台', 1, 1466386550),
(3591, 1, 1655, 1864253602, 'member', 1655, '信息技术工程学院在2016-06-20 09:37登录了后台', 1, 1466386675),
(3592, 1, 842, 3726531625, 'member', 842, '天津外国语在2016-06-20 09:41登录了后台', 1, 1466386862),
(3593, 1, 1256, 1864245401, 'member', 1256, '经济与管理学院在2016-06-20 10:08登录了后台', 1, 1466388537),
(3594, 1, 1119, 1971560061, 'member', 1119, '艺术设计学院在2016-06-20 10:17登录了后台', 1, 1466389028),
(3595, 1, 842, 3544503550, 'member', 842, '天津外国语在2016-06-20 10:23登录了后台', 1, 1466389437),
(3596, 1, 1116, 1971560062, 'member', 1116, '生物工程学院在2016-06-20 10:39登录了后台', 1, 1466390361),
(3597, 1, 1097, 1872822482, 'member', 1097, '管理学院在2016-06-20 11:02登录了后台', 1, 1466391734),
(3598, 1, 2308, 1971563634, 'member', 2308, 'hx020167867在2016-06-20 11:06登录了后台', 1, 1466392010),
(3599, 1, 5602, 1864253677, 'member', 5602, '理工学院在2016-06-20 11:09登录了后台', 1, 1466392159),
(3600, 1, 835, 2073493444, 'member', 835, '天津理工在2016-06-20 11:13登录了后台', 1, 1466392386),
(3601, 1, 1075, 1872869584, 'member', 1075, '文学院在2016-06-20 11:15登录了后台', 1, 1466392531),
(3602, 1, 5558, 3544505045, 'member', 5558, '亚非语学院在2016-06-20 11:15登录了后台', 1, 1466392556),
(3603, 1, 1256, 1864245401, 'member', 1256, '经济与管理学院在2016-06-20 11:19登录了后台', 1, 1466392740),
(3604, 1, 5469, 1864249079, 'member', 5469, '海洋科学与技术学院在2016-06-20 11:30登录了后台', 1, 1466393450),
(3605, 1, 1068, 994266134, 'member', 1068, '城市与环境科学学院在2016-06-20 11:45登录了后台', 1, 1466394342),
(3606, 1, 1069, 3727355397, 'member', 1069, '外国语学院在2016-06-20 12:55登录了后台', 1, 1466398551),
(3607, 1, 1618, 1872770612, 'member', 1618, '计算机工程系在2016-06-20 13:10登录了后台', 1, 1466399402),
(3608, 1, 1660, 1864364954, 'member', 1660, '电子工程学院在2016-06-20 13:31登录了后台', 1, 1466400704),
(3609, 1, 2308, 1971563634, 'member', 2308, 'hx020167867在2016-06-20 13:56登录了后台', 1, 1466402215),
(3610, 1, 986, 1971575604, 'member', 986, '周恩来政府管理学院在2016-06-20 14:02登录了后台', 1, 1466402573),
(3611, 1, 835, 2073493444, 'member', 835, '天津理工在2016-06-20 14:03登录了后台', 1, 1466402637),
(3612, 1, 909, 1864253602, 'member', 909, '天津职业技术师范大学在2016-06-20 14:23登录了后台', 1, 1466403802),
(3613, 1, 909, 1864253602, 'member', 909, '天津职业技术师范大学在2016-06-20 14:24登录了后台', 1, 1466403865),
(3614, 1, 1074, 994266251, 'member', 1074, '数学科学学院在2016-06-20 14:30登录了后台', 1, 1466404259),
(3615, 1, 1357, 610974599, 'member', 1357, '邱天浩在2016-06-20 14:44登录了后台', 1, 1466405058),
(3616, 1, 5602, 1864253677, 'member', 5602, '理工学院在2016-06-20 14:51登录了后台', 1, 1466405476),
(3617, 1, 1003, 1971575585, 'member', 1003, '经济学院在2016-06-20 15:04登录了后台', 1, 1466406240),
(3618, 1, 1658, 1864364097, 'member', 1658, '汽车与交通学院在2016-06-20 15:05登录了后台', 1, 1466406339),
(3619, 1, 1663, 1864253602, 'member', 1663, '自动化与电气工程学院在2016-06-20 15:42登录了后台', 1, 1466408545),
(3620, 1, 1133, 3396422455, 'member', 1133, '外国语学院在2016-06-20 15:43登录了后台', 1, 1466408587),
(3621, 1, 1661, 1864253602, 'member', 1661, '经济与管理学院在2016-06-20 15:44登录了后台', 1, 1466408643),
(3622, 1, 909, 1864253602, 'member', 909, '天津职业技术师范大学在2016-06-20 15:50登录了后台', 1, 1466409014),
(3623, 1, 1113, 1971560059, 'member', 1113, '法政学院在2016-06-20 15:53登录了后台', 1, 1466409216),
(3624, 1, 1072, 994265644, 'member', 1072, '政治与行政学院在2016-06-20 16:05登录了后台', 1, 1466409949),
(3625, 1, 1663, 3748193273, 'member', 1663, '自动化与电气工程学院在2016-06-20 16:25登录了后台', 1, 1466411146),
(3626, 1, 1663, 3748193273, 'member', 1663, '自动化与电气工程学院在2016-06-20 16:30登录了后台', 1, 1466411404),
(3627, 1, 1656, 1864253602, 'member', 1656, '外国语学院在2016-06-20 16:30登录了后台', 1, 1466411432),
(3628, 1, 1660, 1864364954, 'member', 1660, '电子工程学院在2016-06-20 16:32登录了后台', 1, 1466411569),
(3629, 1, 5485, 3396428445, 'member', 5485, '音乐与影视学院在2016-06-20 16:42登录了后台', 1, 1466412141),
(3630, 1, 1663, 3748193273, 'member', 1663, '自动化与电气工程学院在2016-06-20 17:26登录了后台', 1, 1466414810),
(3631, 1, 1657, 1864253602, 'member', 1657, '机械工程学院在2016-06-20 17:48登录了后台', 1, 1466416121),
(3632, 1, 1657, 1864253602, 'member', 1657, '机械工程学院在2016-06-20 17:51登录了后台', 1, 1466416302),
(3633, 1, 1657, 1864366169, 'member', 1657, '机械工程学院在2016-06-20 18:58登录了后台', 1, 1466420325),
(3634, 1, 1657, 1864366169, 'member', 1657, '机械工程学院在2016-06-20 19:05登录了后台', 1, 1466420757),
(3635, 1, 1657, 1864366169, 'member', 1657, '机械工程学院在2016-06-20 19:11登录了后台', 1, 1466421115),
(3636, 1, 1657, 1864366169, 'member', 1657, '机械工程学院在2016-06-20 19:20登录了后台', 1, 1466421655),
(3637, 1, 1014, 1864249070, 'member', 1014, '建筑学院在2016-06-20 19:28登录了后台', 1, 1466422128),
(3638, 1, 1, 1963762022, 'member', 1, '开发者在2016-06-20 20:29登录了后台', 1, 1466425786),
(3639, 1, 1663, 3748193273, 'member', 1663, '自动化与电气工程学院在2016-06-20 20:53登录了后台', 1, 1466427213),
(3640, 1, 1657, 1864365039, 'member', 1657, '机械工程学院在2016-06-20 21:39登录了后台', 1, 1466429974),
(3641, 1, 1663, 3748193273, 'member', 1663, '自动化与电气工程学院在2016-06-20 23:29登录了后台', 1, 1466436594),
(3642, 1, 1, 1963762022, 'member', 1, '开发者在2016-06-21 00:38登录了后台', 1, 1466440718),
(3643, 1, 840, 465781594, 'member', 840, '天津城建大学在2016-06-21 05:57登录了后台', 1, 1466459868),
(3644, 1, 1655, 3748193252, 'member', 1655, '信息技术工程学院在2016-06-21 08:04登录了后台', 1, 1466467454),
(3645, 1, 1655, 3748193252, 'member', 1655, '信息技术工程学院在2016-06-21 08:06登录了后台', 1, 1466467591),
(3646, 1, 1133, 3396422455, 'member', 1133, '外国语学院在2016-06-21 08:10登录了后台', 1, 1466467801),
(3647, 1, 1657, 1864365039, 'member', 1657, '机械工程学院在2016-06-21 08:10登录了后台', 1, 1466467844),
(3648, 1, 1655, 3748193252, 'member', 1655, '信息技术工程学院在2016-06-21 08:12登录了后台', 1, 1466467970),
(3649, 1, 1657, 1864253602, 'member', 1657, '机械工程学院在2016-06-21 08:21登录了后台', 1, 1466468462),
(3650, 1, 1109, 1864256771, 'member', 1109, '应用文理学院在2016-06-21 08:25登录了后台', 1, 1466468748),
(3651, 1, 1660, 3748193187, 'member', 1660, '电子工程学院在2016-06-21 08:31登录了后台', 1, 1466469084),
(3652, 1, 1657, 1864365039, 'member', 1657, '机械工程学院在2016-06-21 08:50登录了后台', 1, 1466470259),
(3653, 1, 1657, 1864365039, 'member', 1657, '机械工程学院在2016-06-21 09:02登录了后台', 1, 1466470965),
(3654, 1, 1657, 1864365039, 'member', 1657, '机械工程学院在2016-06-21 09:06登录了后台', 1, 1466471216),
(3655, 1, 8625, 3396448313, 'member', 8625, '化工学院在2016-06-21 09:07登录了后台', 1, 1466471232),
(3656, 1, 1656, 1864253602, 'member', 1656, '外国语学院在2016-06-21 09:16登录了后台', 1, 1466471808),
(3657, 1, 1655, 1864253602, 'member', 1655, '信息技术工程学院在2016-06-21 09:29登录了后台', 1, 1466472554),
(3658, 1, 8625, 3396448313, 'member', 8625, '化工学院在2016-06-21 09:32登录了后台', 1, 1466472757),
(3659, 1, 991, 1971575593, 'member', 991, '文学院在2016-06-21 09:40登录了后台', 1, 1466473224),
(3660, 1, 1655, 3748193252, 'member', 1655, '信息技术工程学院在2016-06-21 09:43登录了后台', 1, 1466473427),
(3661, 1, 1003, 1971575585, 'member', 1003, '经济学院在2016-06-21 09:47登录了后台', 1, 1466473623),
(3662, 1, 5542, 1872770604, 'member', 5542, '机械工程系在2016-06-21 09:48登录了后台', 1, 1466473680),
(3663, 1, 5476, 1971575559, 'member', 5476, '计算机与控制工程学院在2016-06-21 09:54登录了后台', 1, 1466474080);
INSERT INTO `jdi_action_log` (`id`, `action_id`, `user_id`, `action_ip`, `model`, `record_id`, `remark`, `status`, `create_time`) VALUES
(3664, 1, 1019, 3396448290, 'member', 1019, '材料科学与工程学院在2016-06-21 10:01登录了后台', 1, 1466474515),
(3665, 1, 2337, 3661959958, 'member', 2337, 'bc090164138在2016-06-21 10:07登录了后台', 1, 1466474874),
(3666, 1, 5475, 1971575561, 'member', 5475, '马克思主义学院在2016-06-21 10:14登录了后台', 1, 1466475240),
(3667, 1, 1657, 1864365039, 'member', 1657, '机械工程学院在2016-06-21 10:17登录了后台', 1, 1466475448),
(3668, 1, 999, 1971575567, 'member', 999, '环境科学与工程学院在2016-06-21 10:22登录了后台', 1, 1466475736),
(3669, 1, 1656, 1864253602, 'member', 1656, '外国语学院在2016-06-21 10:25登录了后台', 1, 1466475915),
(3670, 1, 5542, 1872770604, 'member', 5542, '机械工程系在2016-06-21 10:30登录了后台', 1, 1466476215),
(3671, 1, 1657, 1864365039, 'member', 1657, '机械工程学院在2016-06-21 11:05登录了后台', 1, 1466478312),
(3672, 1, 1292, 3544504905, 'member', 1292, '英语学院在2016-06-21 11:11登录了后台', 1, 1466478676),
(3673, 1, 1660, 1864364954, 'member', 1660, '电子工程学院在2016-06-21 11:15登录了后台', 1, 1466478953),
(3674, 1, 2343, 1971567178, 'member', 2343, '滨海保税区团委在2016-06-21 11:17登录了后台', 1, 1466479067),
(3675, 1, 909, 1864253602, 'member', 909, '天津职业技术师范大学在2016-06-21 11:30登录了后台', 1, 1466479828),
(3676, 1, 5542, 1872770604, 'member', 5542, '机械工程系在2016-06-21 11:49登录了后台', 1, 1466480982),
(3677, 1, 849, 1008539668, 'member', 849, '天津体育学院在2016-06-21 12:19登录了后台', 1, 1466482796),
(3678, 1, 5489, 1008539668, 'member', 5489, '体育教育训练一系在2016-06-21 12:22登录了后台', 1, 1466482959),
(3679, 1, 849, 1008539668, 'member', 849, '天津体育学院在2016-06-21 12:23登录了后台', 1, 1466483016),
(3680, 1, 1027, 1963889858, 'member', 1027, '精密仪器与光电子工程学院在2016-06-21 12:54登录了后台', 1, 1466484868),
(3681, 1, 1080, 1873053195, 'member', 1080, '管理学院在2016-06-21 13:46登录了后台', 1, 1466488013),
(3682, 1, 849, 1864365836, 'member', 849, '天津体育学院在2016-06-21 13:47登录了后台', 1, 1466488058),
(3683, 1, 849, 1864365836, 'member', 849, '天津体育学院在2016-06-21 13:55登录了后台', 1, 1466488536),
(3684, 1, 909, 1864253602, 'member', 909, '天津职业技术师范大学在2016-06-21 14:09登录了后台', 1, 1466489393),
(3685, 1, 1656, 1864253602, 'member', 1656, '外国语学院在2016-06-21 14:18登录了后台', 1, 1466489939),
(3686, 1, 1000, 1971575559, 'member', 1000, '生命科学学院在2016-06-21 14:37登录了后台', 1, 1466491066),
(3687, 1, 5471, 1971575581, 'member', 5471, '物理科学学院在2016-06-21 14:38登录了后台', 1, 1466491119),
(3688, 1, 984, 1971575562, 'member', 984, '医学院在2016-06-21 14:38登录了后台', 1, 1466491133),
(3689, 1, 989, 1971575591, 'member', 989, '外国语学院在2016-06-21 14:46登录了后台', 1, 1466491611),
(3690, 1, 1657, 1864365039, 'member', 1657, '机械工程学院在2016-06-21 14:55登录了后台', 1, 1466492118),
(3691, 1, 988, 1971575564, 'member', 988, '商学院在2016-06-21 15:04登录了后台', 1, 1466492640),
(3692, 1, 5596, 1864253677, 'member', 5596, '商学院管理科学工程系在2016-06-21 15:04登录了后台', 1, 1466492676),
(3693, 1, 987, 1971575600, 'member', 987, '哲学院在2016-06-21 15:14登录了后台', 1, 1466493279),
(3694, 1, 6527, 1971575560, 'member', 6527, '金融学院在2016-06-21 15:15登录了后台', 1, 1466493327),
(3695, 1, 1118, 1971560061, 'member', 1118, '经济与管理学院在2016-06-21 15:20登录了后台', 1, 1466493647),
(3696, 1, 5488, 3396431068, 'member', 5488, '电子与通信工程学院在2016-06-21 15:40登录了后台', 1, 1466494825),
(3697, 1, 849, 1864365836, 'member', 849, '天津体育学院在2016-06-21 15:44登录了后台', 1, 1466495075),
(3698, 1, 1072, 994265644, 'member', 1072, '政治与行政学院在2016-06-21 15:51登录了后台', 1, 1466495506),
(3699, 1, 838, 1864253676, 'member', 838, '天津财经大学在2016-06-21 15:52登录了后台', 1, 1466495548),
(3700, 1, 5597, 1864253678, 'member', 5597, '经济学院金融系大公信用管理学院在2016-06-21 15:55登录了后台', 1, 1466495723),
(3701, 1, 5558, 3544505045, 'member', 5558, '亚非语学院在2016-06-21 15:55登录了后台', 1, 1466495745),
(3702, 1, 1133, 3396422455, 'member', 1133, '外国语学院在2016-06-21 16:26登录了后台', 1, 1466497600),
(3703, 1, 5597, 1864253678, 'member', 5597, '经济学院金融系大公信用管理学院在2016-06-21 16:32登录了后台', 1, 1466497962),
(3704, 1, 5600, 1864253676, 'member', 5600, '经济学院国际经济贸易系在2016-06-21 16:38登录了后台', 1, 1466498338),
(3705, 1, 5589, 1864253677, 'member', 5589, '商学院会计学系在2016-06-21 16:42登录了后台', 1, 1466498554),
(3706, 1, 1656, 1864253602, 'member', 1656, '外国语学院在2016-06-21 16:47登录了后台', 1, 1466498879),
(3707, 1, 845, 1872765828, 'member', 845, '天津音乐学院在2016-06-21 16:58登录了后台', 1, 1466499529),
(3708, 1, 1663, 1971860997, 'member', 1663, '自动化与电气工程学院在2016-06-21 17:15登录了后台', 1, 1466500500),
(3709, 1, 5474, 1971575597, 'member', 5474, '旅游与服务学院在2016-06-21 17:36登录了后台', 1, 1466501785),
(3710, 1, 1259, 2099589671, 'member', 1259, '计算机与信息工程学院在2016-06-21 18:45登录了后台', 1, 1466505924),
(3711, 1, 849, 1864365836, 'member', 849, '天津体育学院在2016-06-21 19:04登录了后台', 1, 1466507068),
(3712, 1, 1657, 1864253602, 'member', 1657, '机械工程学院在2016-06-21 19:18登录了后台', 1, 1466507882),
(3713, 1, 1242, 1864245396, 'member', 1242, '建筑学院在2016-06-21 21:40登录了后台', 1, 1466516400),
(3714, 1, 1242, 1864245396, 'member', 1242, '建筑学院在2016-06-21 21:44登录了后台', 1, 1466516695),
(3715, 1, 1072, 994265644, 'member', 1072, '政治与行政学院在2016-06-22 07:50登录了后台', 1, 1466553023),
(3716, 1, 1662, 1864253602, 'member', 1662, '职业教育学院在2016-06-22 07:53登录了后台', 1, 1466553217),
(3717, 1, 1662, 1864271060, 'member', 1662, '职业教育学院在2016-06-22 08:03登录了后台', 1, 1466553781),
(3718, 1, 1662, 2073504302, 'member', 1662, '职业教育学院在2016-06-22 08:04登录了后台', 1, 1466553882),
(3719, 1, 830, 3396448352, 'member', 830, '天津大学在2016-06-22 08:15登录了后台', 1, 1466554550),
(3720, 1, 1087, 1872822468, 'member', 1087, '人文与法学院在2016-06-22 08:26登录了后台', 1, 1466555214),
(3721, 1, 5593, 1864253677, 'member', 5593, '商学院企管系在2016-06-22 08:43登录了后台', 1, 1466556221),
(3722, 1, 5593, 1864253677, 'member', 5593, '商学院企管系在2016-06-22 08:45登录了后台', 1, 1466556351),
(3723, 1, 5596, 1864253677, 'member', 5596, '商学院管理科学工程系在2016-06-22 08:46登录了后台', 1, 1466556384),
(3724, 1, 840, 1864245402, 'member', 840, '天津城建大学在2016-06-22 09:01登录了后台', 1, 1466557274),
(3725, 1, 1660, 3748193110, 'member', 1660, '电子工程学院在2016-06-22 09:16登录了后台', 1, 1466558185),
(3726, 1, 5477, 1864245402, 'member', 5477, '能源与安全工程学院在2016-06-22 09:38登录了后台', 1, 1466559488),
(3727, 1, 1133, 3396422455, 'member', 1133, '外国语学院在2016-06-22 10:02登录了后台', 1, 1466560922),
(3728, 1, 1, 1008222652, 'member', 1, '开发者在2016-06-22 10:03登录了后台', 1, 1466561022),
(3729, 1, 8480, 994265541, 'member', 8480, '经济学院在2016-06-22 10:05登录了后台', 1, 1466561118),
(3730, 1, 2308, 1971563634, 'member', 2308, 'hx020167867在2016-06-22 10:24登录了后台', 1, 1466562261),
(3731, 1, 842, 3544503547, 'member', 842, '天津外国语在2016-06-22 10:43登录了后台', 1, 1466563424),
(3732, 1, 1016, 3396448324, 'member', 1016, '教育学院在2016-06-22 10:48登录了后台', 1, 1466563709),
(3733, 1, 5473, 1971575604, 'member', 5473, '电子信息与光学工程学院在2016-06-22 10:56登录了后台', 1, 1466564196),
(3734, 1, 5557, 3544504961, 'member', 5557, '欧洲语言文化学院在2016-06-22 10:57登录了后台', 1, 1466564261),
(3735, 1, 988, 1971575564, 'member', 988, '商学院在2016-06-22 11:25登录了后台', 1, 1466565922),
(3736, 1, 842, 3544503547, 'member', 842, '天津外国语在2016-06-22 11:30登录了后台', 1, 1466566246),
(3737, 1, 1, 1008222652, 'member', 1, '开发者在2016-06-22 11:55登录了后台', 1, 1466567738),
(3738, 1, 842, 3544503547, 'member', 842, '天津外国语在2016-06-22 12:34登录了后台', 1, 1466570080),
(3739, 1, 1076, 712691170, 'member', 1076, '新闻传播学院在2016-06-22 13:05登录了后台', 1, 1466571902),
(3740, 1, 5597, 1864253678, 'member', 5597, '经济学院金融系大公信用管理学院在2016-06-22 13:32登录了后台', 1, 1466573553),
(3741, 1, 1285, 3544505040, 'member', 1285, '日语学院在2016-06-22 13:59登录了后台', 1, 1466575193),
(3742, 1, 8480, 994265541, 'member', 8480, '经济学院在2016-06-22 14:26登录了后台', 1, 1466576764),
(3743, 1, 1, 1008222652, 'member', 1, '开发者在2016-06-22 14:28登录了后台', 1, 1466576935),
(3744, 1, 1034, 3396406661, 'member', 1034, '马克思主义学院在2016-06-22 14:39登录了后台', 1, 1466577550),
(3745, 1, 5558, 3544505045, 'member', 5558, '亚非语学院在2016-06-22 14:49登录了后台', 1, 1466578153),
(3746, 1, 1106, 1971560062, 'member', 1106, '包装与印刷工程学院在2016-06-22 14:53登录了后台', 1, 1466578390),
(3747, 1, 1109, 1971560062, 'member', 1109, '应用文理学院在2016-06-22 14:54登录了后台', 1, 1466578478),
(3748, 1, 1111, 1971560060, 'member', 1111, '机械工程学院在2016-06-22 15:03登录了后台', 1, 1466579027),
(3749, 1, 1106, 1971560062, 'member', 1106, '包装与印刷工程学院在2016-06-22 15:06登录了后台', 1, 1466579168),
(3750, 1, 1109, 1864256771, 'member', 1109, '应用文理学院在2016-06-22 15:07登录了后台', 1, 1466579258),
(3751, 1, 834, 1971560062, 'member', 834, '天津科大在2016-06-22 15:09登录了后台', 1, 1466579355),
(3752, 1, 1019, 3396448290, 'member', 1019, '材料科学与工程学院在2016-06-22 15:15登录了后台', 1, 1466579719),
(3753, 1, 1080, 1873053195, 'member', 1080, '管理学院在2016-06-22 15:15登录了后台', 1, 1466579740),
(3754, 1, 1106, 1864256771, 'member', 1106, '包装与印刷工程学院在2016-06-22 15:21登录了后台', 1, 1466580063),
(3755, 1, 1068, 994266134, 'member', 1068, '城市与环境科学学院在2016-06-22 15:59登录了后台', 1, 1466582386),
(3756, 1, 833, 3544479665, 'member', 833, '天津工业大学团委在2016-06-22 16:03登录了后台', 1, 1466582637),
(3757, 1, 5500, 1872822475, 'member', 5500, '材料科学与工程学院在2016-06-22 16:41登录了后台', 1, 1466584876),
(3758, 1, 983, 1971575586, 'member', 983, '化学学院在2016-06-22 16:55登录了后台', 1, 1466585722),
(3759, 1, 1090, 1872822470, 'member', 1090, '外国语学院在2016-06-22 17:00登录了后台', 1, 1466586012),
(3760, 1, 1034, 1872803699, 'member', 1034, '马克思主义学院在2016-06-22 17:05登录了后台', 1, 1466586304),
(3761, 1, 8625, 3396448301, 'member', 8625, '化工学院在2016-06-22 17:09登录了后台', 1, 1466586543),
(3762, 1, 830, 1864249085, 'member', 830, '天津大学在2016-06-22 17:22登录了后台', 1, 1466587321),
(3763, 1, 1, 1008222652, 'member', 1, '开发者在2016-06-22 17:31登录了后台', 1, 1466587905),
(3764, 1, 5472, 1971575598, 'member', 5472, '数学科学学院在2016-06-22 18:56登录了后台', 1, 1466592976),
(3765, 1, 1026, 1864249064, 'member', 1026, '管理与经济学部在2016-06-22 18:59登录了后台', 1, 1466593185),
(3766, 1, 1095, 1872822468, 'member', 1095, '理学院在2016-06-22 19:18登录了后台', 1, 1466594308),
(3767, 1, 5467, 3396448337, 'member', 5467, '外国语言与文学学院在2016-06-22 20:02登录了后台', 1, 1466596956),
(3768, 1, 1084, 1872868977, 'member', 1084, '计算机与信息工程学院在2016-06-22 20:17登录了后台', 1, 1466597879),
(3769, 1, 1660, 1971861011, 'member', 1660, '电子工程学院在2016-06-22 20:48登录了后台', 1, 1466599732),
(3770, 1, 5484, 994263829, 'member', 5484, '物理与材料科学学院在2016-06-22 21:49登录了后台', 1, 1466603368),
(3771, 1, 1080, 1873068426, 'member', 1080, '管理学院在2016-06-22 22:17登录了后台', 1, 1466605072),
(3772, 1, 6529, 3396448265, 'member', 6529, '建筑工程学院在2016-06-22 22:18登录了后台', 1, 1466605094),
(3773, 1, 1656, 1864253602, 'member', 1656, '外国语学院在2016-06-23 07:46登录了后台', 1, 1466639191),
(3774, 1, 983, 1971575586, 'member', 983, '化学学院在2016-06-23 08:28登录了后台', 1, 1466641724),
(3775, 1, 2308, 1971563634, 'member', 2308, 'hx020167867在2016-06-23 08:54登录了后台', 1, 1466643249),
(3776, 1, 1106, 1864256771, 'member', 1106, '包装与印刷工程学院在2016-06-23 09:06登录了后台', 1, 1466644014),
(3777, 1, 2308, 1971563634, 'member', 2308, 'hx020167867在2016-06-23 09:20登录了后台', 1, 1466644807),
(3778, 1, 1016, 986214408, 'member', 1016, '教育学院在2016-06-23 09:37登录了后台', 1, 1466645850),
(3779, 1, 5484, 994263914, 'member', 5484, '物理与材料科学学院在2016-06-23 09:39登录了后台', 1, 1466645946),
(3780, 1, 1026, 1872803698, 'member', 1026, '管理与经济学部在2016-06-23 09:44登录了后台', 1, 1466646292),
(3781, 1, 1660, 1864364736, 'member', 1660, '电子工程学院在2016-06-23 10:09登录了后台', 1, 1466647768),
(3782, 1, 5499, 1872822476, 'member', 5499, '环境与化学工程学院在2016-06-23 10:10登录了后台', 1, 1466647802),
(3783, 1, 1, 1008222652, 'member', 1, '开发者在2016-06-23 10:25登录了后台', 1, 1466648709),
(3784, 1, 2, 1872806714, 'member', 2, 'tsw150001在2016-06-23 10:35登录了后台', 1, 1466649351),
(3785, 1, 5481, 994264324, 'member', 5481, '教育科学学院在2016-06-23 10:38登录了后台', 1, 1466649518),
(3786, 1, 1656, 1864253602, 'member', 1656, '外国语学院在2016-06-23 10:40登录了后台', 1, 1466649607),
(3787, 1, 1, 1008222652, 'member', 1, '开发者在2016-06-23 10:50登录了后台', 1, 1466650257),
(3788, 1, 1026, 1872803698, 'member', 1026, '管理与经济学部在2016-06-23 10:51登录了后台', 1, 1466650281),
(3789, 1, 5502, 1872822471, 'member', 5502, '计算机科学与软件学院在2016-06-23 11:09登录了后台', 1, 1466651346),
(3790, 1, 2, 1872806714, 'member', 2, 'tsw150001在2016-06-23 11:10登录了后台', 1, 1466651458),
(3791, 1, 2, 1872806714, 'member', 2, 'tsw150001在2016-06-23 11:11登录了后台', 1, 1466651483),
(3792, 1, 5499, 1872822476, 'member', 5499, '环境与化学工程学院在2016-06-23 11:17登录了后台', 1, 1466651830),
(3793, 1, 1024, 1864249067, 'member', 1024, '电子信息工程学院在2016-06-23 11:28登录了后台', 1, 1466652523),
(3794, 1, 1069, 1008319003, 'member', 1069, '外国语学院在2016-06-23 11:35登录了后台', 1, 1466652941),
(3795, 1, 1069, 1008319003, 'member', 1069, '外国语学院在2016-06-23 11:42登录了后台', 1, 1466653364),
(3796, 1, 1068, 994266134, 'member', 1068, '城市与环境科学学院在2016-06-23 11:45登录了后台', 1, 1466653528),
(3797, 1, 841, 1864245464, 'member', 841, '天津农学院在2016-06-23 13:20登录了后台', 1, 1466659245),
(3798, 1, 1069, 3727355395, 'member', 1069, '外国语学院在2016-06-23 14:25登录了后台', 1, 1466663122),
(3799, 1, 1097, 1872822482, 'member', 1097, '管理学院在2016-06-23 14:29登录了后台', 1, 1466663351),
(3800, 1, 983, 1971575586, 'member', 983, '化学学院在2016-06-23 14:29登录了后台', 1, 1466663364),
(3801, 1, 909, 1864253602, 'member', 909, '天津职业技术师范大学在2016-06-23 14:37登录了后台', 1, 1466663835),
(3802, 1, 840, 1864245405, 'member', 840, '天津城建大学在2016-06-23 14:47登录了后台', 1, 1466664421),
(3803, 1, 983, 1971575586, 'member', 983, '化学学院在2016-06-23 15:00登录了后台', 1, 1466665257),
(3804, 1, 840, 1864245405, 'member', 840, '天津城建大学在2016-06-23 15:35登录了后台', 1, 1466667324),
(3805, 1, 768, 1008548155, 'member', 768, 'hp010154340在2016-06-23 16:16登录了后台', 1, 1466669784),
(3806, 1, 1, 1008222652, 'member', 1, '开发者在2016-06-23 16:16登录了后台', 1, 1466669790),
(3807, 1, 842, 3544503547, 'member', 842, '天津外国语在2016-06-23 16:35登录了后台', 1, 1466670931),
(3808, 1, 2, 1872806714, 'member', 2, 'tsw150001在2016-06-23 16:51登录了后台', 1, 1466671893),
(3809, 1, 2, 1872806714, 'member', 2, 'tsw150001在2016-06-23 16:54登录了后台', 1, 1466672053),
(3810, 1, 1, 1008222652, 'member', 1, '开发者在2016-06-23 17:24登录了后台', 1, 1466673870),
(3811, 1, 1072, 994265644, 'member', 1072, '政治与行政学院在2016-06-23 17:35登录了后台', 1, 1466674508),
(3812, 1, 983, 1971575586, 'member', 983, '化学学院在2016-06-23 17:35登录了后台', 1, 1466674534),
(3813, 1, 1024, 1864249067, 'member', 1024, '电子信息工程学院在2016-06-23 17:37登录了后台', 1, 1466674645),
(3814, 1, 1069, 1008319003, 'member', 1069, '外国语学院在2016-06-23 17:43登录了后台', 1, 1466675004),
(3815, 1, 1, 1008222652, 'member', 1, '开发者在2016-06-23 17:52登录了后台', 1, 1466675546),
(3816, 1, 849, 1008539668, 'member', 849, '天津体育学院在2016-06-23 18:27登录了后台', 1, 1466677631),
(3817, 1, 1090, 1872822470, 'member', 1090, '外国语学院在2016-06-23 18:56登录了后台', 1, 1466679364),
(3818, 1, 986, 1971575578, 'member', 986, '周恩来政府管理学院在2016-06-23 19:57登录了后台', 1, 1466683065),
(3819, 1, 1247, 1864245398, 'member', 1247, '材料科学与工程系在2016-06-23 20:29登录了后台', 1, 1466684972),
(3820, 1, 1256, 1864245401, 'member', 1256, '经济与管理学院在2016-06-24 08:04登录了后台', 1, 1466726683),
(3821, 1, 768, 1008548155, 'member', 768, 'hp010154340在2016-06-24 08:46登录了后台', 1, 1466729170),
(3822, 1, 5485, 3396428445, 'member', 5485, '音乐与影视学院在2016-06-24 08:49登录了后台', 1, 1466729376),
(3823, 1, 1660, 1971861108, 'member', 1660, '电子工程学院在2016-06-24 09:01登录了后台', 1, 1466730112),
(3824, 1, 1256, 1864245401, 'member', 1256, '经济与管理学院在2016-06-24 09:03登录了后台', 1, 1466730215),
(3825, 1, 2340, 1963622327, 'member', 2340, 'nh150168245在2016-06-24 09:05登录了后台', 1, 1466730306),
(3826, 1, 842, 3544503547, 'member', 842, '天津外国语在2016-06-24 09:12登录了后台', 1, 1466730734),
(3827, 1, 5559, 3726530847, 'member', 5559, '国际传媒学院在2016-06-24 09:12登录了后台', 1, 1466730758),
(3828, 1, 2333, 1873261545, 'member', 2333, 'hq060162542在2016-06-24 09:17登录了后台', 1, 1466731023),
(3829, 1, 1069, 994264075, 'member', 1069, '外国语学院在2016-06-24 09:31登录了后台', 1, 1466731874),
(3830, 1, 1034, 1872803699, 'member', 1034, '马克思主义学院在2016-06-24 09:31登录了后台', 1, 1466731885),
(3831, 1, 830, 3396448352, 'member', 830, '天津大学在2016-06-24 09:39登录了后台', 1, 1466732347),
(3832, 1, 2333, 1873261545, 'member', 2333, 'hq060162542在2016-06-24 09:39登录了后台', 1, 1466732357),
(3833, 1, 1080, 2099612837, 'member', 1080, '管理学院在2016-06-24 10:03登录了后台', 1, 1466733816),
(3834, 1, 5542, 1872770615, 'member', 5542, '机械工程系在2016-06-24 10:04登录了后台', 1, 1466733893),
(3835, 1, 986, 1971575605, 'member', 986, '周恩来政府管理学院在2016-06-24 10:24登录了后台', 1, 1466735094),
(3836, 1, 5467, 3396448288, 'member', 5467, '外国语言与文学学院在2016-06-24 10:35登录了后台', 1, 1466735751),
(3837, 1, 1, 1008289230, 'member', 1, '开发者在2016-06-24 10:40登录了后台', 1, 1466736036),
(3838, 1, 1077, 1872806714, 'member', 1077, '法学院在2016-06-24 10:45登录了后台', 1, 1466736341),
(3839, 1, 1256, 1864245401, 'member', 1256, '经济与管理学院在2016-06-24 10:57登录了后台', 1, 1466737036),
(3840, 1, 1256, 1864245401, 'member', 1256, '经济与管理学院在2016-06-24 11:00登录了后台', 1, 1466737210),
(3841, 1, 8480, 994265541, 'member', 8480, '经济学院在2016-06-24 11:04登录了后台', 1, 1466737499),
(3842, 1, 1256, 1864245401, 'member', 1256, '经济与管理学院在2016-06-24 11:09登录了后台', 1, 1466737790),
(3843, 1, 1131, 3723383491, 'member', 1131, '国际工商学院在2016-06-24 11:28登录了后台', 1, 1466738907),
(3844, 1, 1024, 1864249067, 'member', 1024, '电子信息工程学院在2016-06-24 11:30登录了后台', 1, 1466739016),
(3845, 1, 1, 1008289230, 'member', 1, '开发者在2016-06-24 11:41登录了后台', 1, 1466739675),
(3846, 1, 1256, 1864245401, 'member', 1256, '经济与管理学院在2016-06-24 13:08登录了后台', 1, 1466744917),
(3847, 1, 1656, 1864253602, 'member', 1656, '外国语学院在2016-06-24 13:11登录了后台', 1, 1466745060),
(3848, 1, 5481, 994264324, 'member', 5481, '教育科学学院在2016-06-24 13:27登录了后台', 1, 1466746040),
(3849, 1, 1069, 994264075, 'member', 1069, '外国语学院在2016-06-24 13:40登录了后台', 1, 1466746826),
(3850, 1, 1069, 994264075, 'member', 1069, '外国语学院在2016-06-24 14:00登录了后台', 1, 1466748022),
(3851, 1, 8480, 994265541, 'member', 8480, '经济学院在2016-06-24 14:05登录了后台', 1, 1466748357),
(3852, 1, 1072, 994265644, 'member', 1072, '政治与行政学院在2016-06-24 14:20登录了后台', 1, 1466749206),
(3853, 1, 986, 1971575614, 'member', 986, '周恩来政府管理学院在2016-06-24 14:39登录了后台', 1, 1466750349),
(3854, 1, 842, 3544503547, 'member', 842, '天津外国语在2016-06-24 15:25登录了后台', 1, 1466753130),
(3855, 1, 850, 1971579529, 'member', 850, '天津天狮学院在2016-06-24 15:32登录了后台', 1, 1466753547),
(3856, 1, 2335, 3748193172, 'member', 2335, 'dl070163420在2016-06-24 15:32登录了后台', 1, 1466753574),
(3857, 1, 5467, 3396448288, 'member', 5467, '外国语言与文学学院在2016-06-24 15:34登录了后台', 1, 1466753670),
(3858, 1, 1024, 1864249067, 'member', 1024, '电子信息工程学院在2016-06-24 15:36登录了后台', 1, 1466753804),
(3859, 1, 1292, 3544504905, 'member', 1292, '英语学院在2016-06-24 15:36登录了后台', 1, 1466753805),
(3860, 1, 1034, 1872803699, 'member', 1034, '马克思主义学院在2016-06-24 15:40登录了后台', 1, 1466754028),
(3861, 1, 833, 3544479665, 'member', 833, '天津工业大学团委在2016-06-24 15:48登录了后台', 1, 1466754530),
(3862, 1, 5501, 3544479665, 'member', 5501, '电气工程与自动化学院在2016-06-24 15:50登录了后台', 1, 1466754631),
(3863, 1, 833, 3544479677, 'member', 833, '天津工业大学团委在2016-06-24 16:16登录了后台', 1, 1466756163),
(3864, 1, 5553, 3748193272, 'member', 5553, '信科系在2016-06-24 16:32登录了后台', 1, 1466757145),
(3865, 1, 986, 1872829377, 'member', 986, '周恩来政府管理学院在2016-06-24 16:35登录了后台', 1, 1466757327),
(3866, 1, 1657, 1864365039, 'member', 1657, '机械工程学院在2016-06-24 16:48登录了后台', 1, 1466758113),
(3867, 1, 1292, 3544504905, 'member', 1292, '英语学院在2016-06-24 16:49登录了后台', 1, 1466758177),
(3868, 1, 833, 3544479677, 'member', 833, '天津工业大学团委在2016-06-24 16:59登录了后台', 1, 1466758773),
(3869, 1, 5499, 1872822476, 'member', 5499, '环境与化学工程学院在2016-06-24 17:02登录了后台', 1, 1466758935),
(3870, 1, 1090, 1872822470, 'member', 1090, '外国语学院在2016-06-24 17:09登录了后台', 1, 1466759377),
(3871, 1, 1099, 1872822473, 'member', 1099, '纺织学院在2016-06-24 17:17登录了后台', 1, 1466759846),
(3872, 1, 986, 1872829377, 'member', 986, '周恩来政府管理学院在2016-06-24 17:50登录了后台', 1, 1466761810),
(3873, 1, 5488, 1008406563, 'member', 5488, '电子与通信工程学院在2016-06-24 18:19登录了后台', 1, 1466763583),
(3874, 1, 1069, 3727355401, 'member', 1069, '外国语学院在2016-06-24 22:45登录了后台', 1, 1466779511),
(3875, 1, 1660, 1864365012, 'member', 1660, '电子工程学院在2016-06-25 09:26登录了后台', 1, 1466817981),
(3876, 1, 1, 1008289230, 'member', 1, '开发者在2016-06-25 10:39登录了后台', 1, 1466822398),
(3877, 1, 1, 1008289230, 'member', 1, '开发者在2016-06-25 11:22登录了后台', 1, 1466824944),
(3878, 1, 1118, 1008464782, 'member', 1118, '经济与管理学院在2016-06-25 14:38登录了后台', 1, 1466836738),
(3879, 1, 1069, 1963762737, 'member', 1069, '外国语学院在2016-06-25 15:03登录了后台', 1, 1466838218),
(3880, 1, 5603, 1864253671, 'member', 5603, '人文学院在2016-06-25 15:11登录了后台', 1, 1466838672),
(3881, 1, 1, 1008289230, 'member', 1, '开发者在2016-06-25 15:28登录了后台', 1, 1466839719),
(3882, 1, 3388, 1008289230, 'member', 3388, 'hp010165499在2016-06-25 15:29登录了后台', 1, 1466839763),
(3883, 1, 1, 1008289230, 'member', 1, '开发者在2016-06-25 15:42登录了后台', 1, 1466840571),
(3884, 1, 1275, 1008289230, 'member', 1275, '计算机与信息工程学院在2016-06-25 15:43登录了后台', 1, 1466840639),
(3885, 1, 1, 1008289230, 'member', 1, '开发者在2016-06-25 15:47登录了后台', 1, 1466840821),
(3886, 1, 3388, 1008289230, 'member', 3388, 'hp010165499在2016-06-25 15:47登录了后台', 1, 1466840853),
(3887, 1, 6529, 3661143638, 'member', 6529, '建筑工程学院在2016-06-25 18:37登录了后台', 1, 1466851033),
(3888, 1, 6529, 3661143638, 'member', 6529, '建筑工程学院在2016-06-25 18:39登录了后台', 1, 1466851157),
(3889, 1, 1084, 1873061286, 'member', 1084, '计算机与信息工程学院在2016-06-25 19:11登录了后台', 1, 1466853091),
(3890, 1, 1080, 2099612837, 'member', 1080, '管理学院在2016-06-25 20:24登录了后台', 1, 1466857465),
(3891, 1, 1069, 3727355392, 'member', 1069, '外国语学院在2016-06-25 21:11登录了后台', 1, 1466860296),
(3892, 1, 1069, 1963762737, 'member', 1069, '外国语学院在2016-06-25 22:57登录了后台', 1, 1466866664),
(3893, 1, 1084, 1008222141, 'member', 1084, '计算机与信息工程学院在2016-06-26 14:41登录了后台', 1, 1466923311),
(3894, 1, 2331, 1008330553, 'member', 2331, 'nk050164837在2016-06-26 23:06登录了后台', 1, 1466953584),
(3895, 1, 1292, 3544504905, 'member', 1292, '英语学院在2016-06-27 08:23登录了后台', 1, 1466987020),
(3896, 1, 830, 3396448352, 'member', 830, '天津大学在2016-06-27 09:10登录了后台', 1, 1466989849),
(3897, 1, 983, 1971575586, 'member', 983, '化学学院在2016-06-27 09:17登录了后台', 1, 1466990241),
(3898, 1, 5467, 3396448417, 'member', 5467, '外国语言与文学学院在2016-06-27 10:22登录了后台', 1, 1466994146),
(3899, 1, 1115, 1864256772, 'member', 1115, '理学院在2016-06-27 10:30登录了后台', 1, 1466994649),
(3900, 1, 1018, 3396448358, 'member', 1018, '机械工程学院在2016-06-27 10:55登录了后台', 1, 1466996123),
(3901, 1, 1660, 1864365012, 'member', 1660, '电子工程学院在2016-06-27 12:09登录了后台', 1, 1467000554),
(3902, 1, 1034, 1872803699, 'member', 1034, '马克思主义学院在2016-06-27 12:52登录了后台', 1, 1467003138),
(3903, 1, 986, 1971575559, 'member', 986, '周恩来政府管理学院在2016-06-27 13:45登录了后台', 1, 1467006355),
(3904, 1, 2331, 1008559147, 'member', 2331, 'nk050164837在2016-06-27 13:48登录了后台', 1, 1467006531),
(3905, 1, 5503, 1872822469, 'member', 5503, '机械工程学院在2016-06-27 15:16登录了后台', 1, 1467011788),
(3906, 1, 1, 1008289230, 'member', 1, '开发者在2016-06-27 15:21登录了后台', 1, 1467012093),
(3907, 1, 2330, 1872766754, 'member', 2330, 'hd030163339在2016-06-27 15:22登录了后台', 1, 1467012149),
(3908, 1, 842, 3544503547, 'member', 842, '天津外国语在2016-06-27 15:31登录了后台', 1, 1467012662),
(3909, 1, 849, 1864365836, 'member', 849, '天津体育学院在2016-06-27 15:43登录了后台', 1, 1467013400),
(3910, 1, 1090, 1872822470, 'member', 1090, '外国语学院在2016-06-27 16:11登录了后台', 1, 1467015065),
(3911, 1, 1084, 1008298594, 'member', 1084, '计算机与信息工程学院在2016-06-27 16:26登录了后台', 1, 1467015996),
(3912, 1, 1026, 1971853343, 'member', 1026, '管理与经济学部在2016-06-27 17:38登录了后台', 1, 1467020287),
(3913, 1, 2, 1872806714, 'member', 2, 'tsw150001在2016-06-27 17:53登录了后台', 1, 1467021207),
(3914, 1, 1106, 1864256771, 'member', 1106, '包装与印刷工程学院在2016-06-27 20:01登录了后台', 1, 1467028906),
(3915, 1, 1660, 1971861003, 'member', 1660, '电子工程学院在2016-06-27 23:45登录了后台', 1, 1467042333),
(3916, 1, 2334, 3662018659, 'member', 2334, 'bhqrsx在2016-06-28 08:17登录了后台', 1, 1467073054),
(3917, 1, 2334, 3662018659, 'member', 2334, 'bhqrsx在2016-06-28 08:26登录了后台', 1, 1467073594),
(3918, 1, 2, 1872806714, 'member', 2, 'tsw150001在2016-06-28 08:33登录了后台', 1, 1467074024),
(3919, 1, 2334, 3662018659, 'member', 2334, 'bhqrsx在2016-06-28 08:34登录了后台', 1, 1467074051),
(3920, 1, 2428, 1872806714, 'member', 2428, '学校部在2016-06-28 08:36登录了后台', 1, 1467074186),
(3921, 1, 2308, 1971563634, 'member', 2308, 'hx020167867在2016-06-28 09:12登录了后台', 1, 1467076368),
(3922, 1, 1066, 1873070857, 'member', 1066, '历史文化学院在2016-06-28 09:13登录了后台', 1, 1467076429),
(3923, 1, 2334, 3662018659, 'member', 2334, 'bhqrsx在2016-06-28 09:21登录了后台', 1, 1467076882),
(3924, 1, 2308, 1971563634, 'member', 2308, 'hx020167867在2016-06-28 09:44登录了后台', 1, 1467078299),
(3925, 1, 3388, 1008289230, 'member', 3388, 'hp010165499在2016-06-28 09:46登录了后台', 1, 1467078385),
(3926, 1, 1275, 1008289230, 'member', 1275, '计算机与信息工程学院在2016-06-28 09:50登录了后台', 1, 1467078644),
(3927, 1, 1660, 1864364913, 'member', 1660, '电子工程学院在2016-06-28 09:57登录了后台', 1, 1467079055),
(3928, 1, 983, 1971575586, 'member', 983, '化学学院在2016-06-28 09:58登录了后台', 1, 1467079133),
(3929, 1, 5556, 3544504294, 'member', 5556, '求索荣誉学院在2016-06-28 10:08登录了后台', 1, 1467079681),
(3930, 1, 842, 3544503547, 'member', 842, '天津外国语在2016-06-28 10:12登录了后台', 1, 1467079927),
(3931, 1, 5556, 3544504294, 'member', 5556, '求索荣誉学院在2016-06-28 10:13登录了后台', 1, 1467080017),
(3932, 1, 1247, 1864245398, 'member', 1247, '材料科学与工程系在2016-06-28 10:16登录了后台', 1, 1467080164),
(3933, 1, 6529, 3396448319, 'member', 6529, '建筑工程学院在2016-06-28 10:16登录了后台', 1, 1467080178),
(3934, 1, 1080, 2099612837, 'member', 1080, '管理学院在2016-06-28 10:21登录了后台', 1, 1467080517),
(3935, 1, 2, 1872806714, 'member', 2, 'tsw150001在2016-06-28 10:31登录了后台', 1, 1467081061),
(3936, 1, 2, 1872806714, 'member', 2, 'tsw150001在2016-06-28 10:36登录了后台', 1, 1467081413),
(3937, 1, 842, 3544503547, 'member', 842, '天津外国语在2016-06-28 10:51登录了后台', 1, 1467082264),
(3938, 1, 2335, 3748193172, 'member', 2335, 'dl070163420在2016-06-28 11:24登录了后台', 1, 1467084253),
(3939, 1, 1116, 1971560062, 'member', 1116, '生物工程学院在2016-06-28 11:25登录了后台', 1, 1467084310),
(3940, 1, 1141, 1035304968, 'member', 1141, '环境科学与安全工程学院在2016-06-28 11:27登录了后台', 1, 1467084455),
(3941, 1, 1256, 1864245401, 'member', 1256, '经济与管理学院在2016-06-28 13:25登录了后台', 1, 1467091521),
(3942, 1, 1, 2099535978, 'member', 1, '开发者在2016-06-28 13:38登录了后台', 1, 1467092309),
(3943, 1, 1, 2099535978, 'member', 1, '开发者在2016-06-28 14:05登录了后台', 1, 1467093920),
(3944, 1, 986, 1971575579, 'member', 986, '周恩来政府管理学院在2016-06-28 14:18登录了后台', 1, 1467094701),
(3945, 1, 2335, 3748193172, 'member', 2335, 'dl070163420在2016-06-28 15:27登录了后台', 1, 1467098838),
(3946, 1, 986, 1971575579, 'member', 986, '周恩来政府管理学院在2016-06-28 15:29登录了后台', 1, 1467098970),
(3947, 1, 1100, 1872822471, 'member', 1100, '经济学院在2016-06-28 15:54登录了后台', 1, 1467100471),
(3948, 1, 5542, 1872770609, 'member', 5542, '机械工程系在2016-06-28 15:57登录了后台', 1, 1467100628),
(3949, 1, 1087, 1872822468, 'member', 1087, '人文与法学院在2016-06-28 16:00登录了后台', 1, 1467100827),
(3950, 1, 834, 1971560062, 'member', 834, '天津科大在2016-06-28 16:06登录了后台', 1, 1467101190),
(3951, 1, 1245, 1864245397, 'member', 1245, '控制与机械工程学院在2016-06-28 16:33登录了后台', 1, 1467102781),
(3952, 1, 2335, 3748193172, 'member', 2335, 'dl070163420在2016-06-28 17:42登录了后台', 1, 1467106938),
(3953, 1, 1097, 1872822482, 'member', 1097, '管理学院在2016-06-28 17:43登录了后台', 1, 1467107012),
(3954, 1, 5467, 3396448402, 'member', 5467, '外国语言与文学学院在2016-06-29 08:26登录了后台', 1, 1467160017),
(3955, 1, 5505, 1971560059, 'member', 5505, '造纸学院在2016-06-29 08:31登录了后台', 1, 1467160287),
(3956, 1, 1022, 3396448288, 'member', 1022, '理学院在2016-06-29 09:13登录了后台', 1, 1467162804),
(3957, 1, 2337, 3661959958, 'member', 2337, 'bc090164138在2016-06-29 09:42登录了后台', 1, 1467164552),
(3958, 1, 1237, 1864245403, 'member', 1237, '土木工程学院在2016-06-29 09:52登录了后台', 1, 1467165165),
(3959, 1, 1072, 994265644, 'member', 1072, '政治与行政学院在2016-06-29 10:09登录了后台', 1, 1467166149),
(3960, 1, 986, 1971575604, 'member', 986, '周恩来政府管理学院在2016-06-29 10:26登录了后台', 1, 1467167212),
(3961, 1, 5589, 1864253673, 'member', 5589, '商学院会计学系在2016-06-29 10:35登录了后台', 1, 1467167713),
(3962, 1, 909, 1864253602, 'member', 909, '天津职业技术师范大学在2016-06-29 11:11登录了后台', 1, 1467169872),
(3963, 1, 1131, 2073493443, 'member', 1131, '国际工商学院在2016-06-29 12:19登录了后台', 1, 1467173955),
(3964, 1, 983, 1971575586, 'member', 983, '化学学院在2016-06-29 12:54登录了后台', 1, 1467176076),
(3965, 1, 1256, 1864245401, 'member', 1256, '经济与管理学院在2016-06-29 13:26登录了后台', 1, 1467177996),
(3966, 1, 2335, 3748193172, 'member', 2335, 'dl070163420在2016-06-29 13:57登录了后台', 1, 1467179864),
(3967, 1, 842, 3544503547, 'member', 842, '天津外国语在2016-06-29 14:25登录了后台', 1, 1467181543),
(3968, 1, 2, 2099536261, 'member', 2, 'tsw150001在2016-06-29 14:55登录了后台', 1, 1467183316),
(3969, 1, 2, 2099536261, 'member', 2, 'tsw150001在2016-06-29 14:58登录了后台', 1, 1467183511),
(3970, 1, 1, 2099536261, 'member', 1, '开发者在2016-06-29 15:10登录了后台', 1, 1467184214),
(3971, 1, 2, 1872806714, 'member', 2, 'tsw150001在2016-06-29 16:14登录了后台', 1, 1467188077),
(3972, 1, 909, 1864253602, 'member', 909, '天津职业技术师范大学在2016-06-29 16:26登录了后台', 1, 1467188819),
(3973, 1, 909, 1864253602, 'member', 909, '天津职业技术师范大学在2016-06-29 16:30登录了后台', 1, 1467189038),
(3974, 1, 2, 1872806714, 'member', 2, 'tsw150001在2016-06-29 16:56登录了后台', 1, 1467190611),
(3975, 1, 2, 1872806714, 'member', 2, 'tsw150001在2016-06-29 16:56登录了后台', 1, 1467190615),
(3976, 1, 1, 2099536261, 'member', 1, '开发者在2016-06-29 18:00登录了后台', 1, 1467194406),
(3977, 1, 1, 2099536261, 'member', 1, '开发者在2016-06-29 18:15登录了后台', 1, 1467195323),
(3978, 1, 1660, 1864364829, 'member', 1660, '电子工程学院在2016-06-30 08:49登录了后台', 1, 1467247789),
(3979, 1, 1660, 1864364829, 'member', 1660, '电子工程学院在2016-06-30 08:51登录了后台', 1, 1467247862),
(3980, 1, 1074, 994266251, 'member', 1074, '数学科学学院在2016-06-30 08:56登录了后台', 1, 1467248217),
(3981, 1, 1026, 1872803698, 'member', 1026, '管理与经济学部在2016-06-30 09:03登录了后台', 1, 1467248595),
(3982, 1, 1660, 1864364829, 'member', 1660, '电子工程学院在2016-06-30 09:21登录了后台', 1, 1467249690),
(3983, 1, 2, 1872806714, 'member', 2, 'tsw150001在2016-06-30 09:23登录了后台', 1, 1467249832),
(3984, 1, 2339, 3684054532, 'member', 2339, 'jh160167960在2016-06-30 09:32登录了后台', 1, 1467250375),
(3985, 1, 1016, 986214408, 'member', 1016, '教育学院在2016-06-30 09:34登录了后台', 1, 1467250444),
(3986, 1, 2339, 3684054532, 'member', 2339, 'jh160167960在2016-06-30 09:34登录了后台', 1, 1467250458),
(3987, 1, 842, 3726531616, 'member', 842, '天津外国语在2016-06-30 09:55登录了后台', 1, 1467251712),
(3988, 1, 986, 1971575597, 'member', 986, '周恩来政府管理学院在2016-06-30 10:24登录了后台', 1, 1467253497),
(3989, 1, 1080, 1008388764, 'member', 1080, '管理学院在2016-06-30 10:42登录了后台', 1, 1467254532),
(3990, 1, 1075, 2070349926, 'member', 1075, '文学院在2016-06-30 10:45登录了后台', 1, 1467254713),
(3991, 1, 1075, 2070349926, 'member', 1075, '文学院在2016-06-30 10:51登录了后台', 1, 1467255063),
(3992, 1, 986, 1971575597, 'member', 986, '周恩来政府管理学院在2016-06-30 10:53登录了后台', 1, 1467255206),
(3993, 1, 1, 2099536261, 'member', 1, '开发者在2016-06-30 10:55登录了后台', 1, 1467255327),
(3994, 1, 1, 2099536261, 'member', 1, '开发者在2016-06-30 10:55登录了后台', 1, 1467255349),
(3995, 1, 1256, 1864245401, 'member', 1256, '经济与管理学院在2016-06-30 10:57登录了后台', 1, 1467255459),
(3996, 1, 1097, 1872828114, 'member', 1097, '管理学院在2016-06-30 11:30登录了后台', 1, 1467257454),
(3997, 1, 1660, 1864364829, 'member', 1660, '电子工程学院在2016-06-30 11:57登录了后台', 1, 1467259077),
(3998, 1, 1256, 1864245401, 'member', 1256, '经济与管理学院在2016-06-30 12:21登录了后台', 1, 1467260501),
(3999, 1, 986, 1971575597, 'member', 986, '周恩来政府管理学院在2016-06-30 12:50登录了后台', 1, 1467262206),
(4000, 1, 1097, 1872828114, 'member', 1097, '管理学院在2016-06-30 14:08登录了后台', 1, 1467266911),
(4001, 1, 2337, 3661960086, 'member', 2337, 'bc090164138在2016-06-30 15:17登录了后台', 1, 1467271058),
(4002, 1, 2335, 3748193172, 'member', 2335, 'dl070163420在2016-06-30 15:27登录了后台', 1, 1467271655),
(4003, 1, 1069, 1863146997, 'member', 1069, '外国语学院在2016-06-30 15:52登录了后台', 1, 1467273142),
(4004, 1, 5602, 1864253677, 'member', 5602, '理工学院在2016-06-30 16:20登录了后台', 1, 1467274809),
(4005, 1, 1069, 994264075, 'member', 1069, '外国语学院在2016-06-30 16:33登录了后台', 1, 1467275600),
(4006, 1, 1069, 994264075, 'member', 1069, '外国语学院在2016-06-30 16:46登录了后台', 1, 1467276374),
(4007, 1, 1075, 1872909944, 'member', 1075, '文学院在2016-06-30 17:56登录了后台', 1, 1467280612),
(4008, 1, 1084, 1873068151, 'member', 1084, '计算机与信息工程学院在2016-06-30 19:27登录了后台', 1, 1467286079),
(4009, 1, 1660, 1864364925, 'member', 1660, '电子工程学院在2016-06-30 21:58登录了后台', 1, 1467295103),
(4010, 1, 2, 1872806714, 'member', 2, 'tsw150001在2016-07-01 08:34登录了后台', 1, 1467333288),
(4011, 1, 5467, 3396448380, 'member', 5467, '外国语言与文学学院在2016-07-01 08:59登录了后台', 1, 1467334754),
(4012, 1, 1, 2099536261, 'member', 1, '开发者在2016-07-01 09:13登录了后台', 1, 1467335605),
(4013, 1, 5479, 1864245396, 'member', 5479, '地址与测绘学院在2016-07-01 09:35登录了后台', 1, 1467336935),
(4014, 1, 5479, 1864245396, 'member', 5479, '地址与测绘学院在2016-07-01 09:45登录了后台', 1, 1467337544),
(4015, 1, 989, 1971575591, 'member', 989, '外国语学院在2016-07-01 09:54登录了后台', 1, 1467338098),
(4016, 1, 1622, 2042724524, 'member', 1622, '管理系在2016-07-01 10:38登录了后台', 1, 1467340682),
(4017, 1, 1237, 1864245403, 'member', 1237, '土木工程学院在2016-07-01 11:17登录了后台', 1, 1467343020),
(4018, 1, 1025, 1864249083, 'member', 1025, '电气与自动化工程学院在2016-07-01 13:22登录了后台', 1, 1467350538),
(4019, 1, 5498, 1872828099, 'member', 5498, '电子与信息工程学院在2016-07-01 13:32登录了后台', 1, 1467351127),
(4020, 1, 843, 3723421573, 'member', 843, '天津商业大学在2016-07-01 13:56登录了后台', 1, 1467352565),
(4021, 1, 1075, 1873065858, 'member', 1075, '文学院在2016-07-01 13:59登录了后台', 1, 1467352794),
(4022, 1, 1000, 1971575559, 'member', 1000, '生命科学学院在2016-07-01 14:23登录了后台', 1, 1467354184),
(4023, 1, 5513, 994265541, 'member', 5513, '艺术设计学院在2016-07-01 14:43登录了后台', 1, 1467355417),
(4024, 1, 5531, 994265541, 'member', 5531, '经济系在2016-07-01 14:45登录了后台', 1, 1467355539),
(4025, 1, 8480, 994265541, 'member', 8480, '经济学院在2016-07-01 14:46登录了后台', 1, 1467355608),
(4026, 1, 1077, 1872806714, 'member', 1077, '法学院在2016-07-01 14:59登录了后台', 1, 1467356387),
(4027, 1, 2337, 3661960086, 'member', 2337, 'bc090164138在2016-07-01 15:40登录了后台', 1, 1467358853),
(4028, 1, 2335, 3748193105, 'member', 2335, 'dl070163420在2016-07-01 15:48登录了后台', 1, 1467359317),
(4029, 1, 1068, 994266134, 'member', 1068, '城市与环境科学学院在2016-07-01 15:53登录了后台', 1, 1467359581),
(4030, 1, 1095, 1872828100, 'member', 1095, '理学院在2016-07-01 16:45登录了后台', 1, 1467362707),
(4031, 1, 5502, 1872828103, 'member', 5502, '计算机科学与软件学院在2016-07-01 16:52登录了后台', 1, 1467363121),
(4032, 1, 1097, 1872828114, 'member', 1097, '管理学院在2016-07-01 17:06登录了后台', 1, 1467364004),
(4033, 1, 1072, 994265644, 'member', 1072, '政治与行政学院在2016-07-01 17:15登录了后台', 1, 1467364515),
(4034, 1, 1074, 994266251, 'member', 1074, '数学科学学院在2016-07-01 17:36登录了后台', 1, 1467365790),
(4035, 1, 1085, 1971861034, 'member', 1085, '马克思主义学院在2016-07-01 19:31登录了后台', 1, 1467372708),
(4036, 1, 1034, 3396406678, 'member', 1034, '马克思主义学院在2016-07-02 15:52登录了后台', 1, 1467445962),
(4037, 1, 1660, 1864364925, 'member', 1660, '电子工程学院在2016-07-02 21:41登录了后台', 1, 1467466864),
(4038, 1, 1080, 1008388764, 'member', 1080, '管理学院在2016-07-02 22:04登录了后台', 1, 1467468257),
(4039, 1, 1026, 1872803698, 'member', 1026, '管理与经济学部在2016-07-03 15:01登录了后台', 1, 1467529313),
(4040, 1, 1660, 1864364925, 'member', 1660, '电子工程学院在2016-07-04 08:44登录了后台', 1, 1467593097),
(4041, 1, 1660, 1864364925, 'member', 1660, '电子工程学院在2016-07-04 08:46登录了后台', 1, 1467593185),
(4042, 1, 1660, 1864364925, 'member', 1660, '电子工程学院在2016-07-04 08:46登录了后台', 1, 1467593216),
(4043, 1, 1076, 712661753, 'member', 1076, '新闻传播学院在2016-07-04 09:19登录了后台', 1, 1467595147),
(4044, 1, 2, 1872806714, 'member', 2, 'tsw150001在2016-07-04 10:15登录了后台', 1, 1467598542),
(4045, 1, 1, 1008408647, 'member', 1, '开发者在2016-07-04 10:27登录了后台', 1, 1467599224),
(4046, 1, 991, 1971575593, 'member', 991, '文学院在2016-07-04 10:42登录了后台', 1, 1467600175),
(4047, 1, 883, 994267010, 'member', 883, '天津师范大学津沽学院在2016-07-04 10:46登录了后台', 1, 1467600372),
(4048, 1, 1101, 1872828109, 'member', 1101, '艺术与服装学院在2016-07-04 10:54登录了后台', 1, 1467600870),
(4049, 1, 2, 1872806714, 'member', 2, 'tsw150001在2016-07-04 11:05登录了后台', 1, 1467601546),
(4050, 1, 2, 1872806714, 'member', 2, 'tsw150001在2016-07-04 13:34登录了后台', 1, 1467610455),
(4051, 1, 5467, 3396448289, 'member', 5467, '外国语言与文学学院在2016-07-04 13:40登录了后台', 1, 1467610854),
(4052, 1, 1660, 3748193207, 'member', 1660, '电子工程学院在2016-07-04 13:44登录了后台', 1, 1467611086),
(4053, 1, 1064, 994264196, 'member', 1064, '初等教育学院在2016-07-04 13:58登录了后台', 1, 1467611933),
(4054, 1, 5483, 994263969, 'member', 5483, '生命科学学院在2016-07-04 13:59登录了后台', 1, 1467611963),
(4055, 1, 842, 3544503547, 'member', 842, '天津外国语在2016-07-04 14:38登录了后台', 1, 1467614339),
(4056, 1, 842, 3544503547, 'member', 842, '天津外国语在2016-07-04 14:39登录了后台', 1, 1467614381),
(4057, 1, 1256, 1864245401, 'member', 1256, '经济与管理学院在2016-07-04 14:48登录了后台', 1, 1467614882),
(4058, 1, 1116, 1971560062, 'member', 1116, '生物工程学院在2016-07-04 15:38登录了后台', 1, 1467617913),
(4059, 1, 1097, 1968644491, 'member', 1097, '管理学院在2016-07-04 21:01登录了后台', 1, 1467637298),
(4060, 1, 1097, 1968644491, 'member', 1097, '管理学院在2016-07-04 21:08登录了后台', 1, 1467637720),
(4061, 1, 1026, 1872803698, 'member', 1026, '管理与经济学部在2016-07-05 13:44登录了后台', 1, 1467697459),
(4062, 1, 835, 2073493443, 'member', 835, '天津理工在2016-07-05 14:03登录了后台', 1, 1467698628),
(4063, 1, 2308, 1971563634, 'member', 2308, 'hx020167867在2016-07-05 15:00登录了后台', 1, 1467702052),
(4064, 1, 2, 1872806714, 'member', 2, 'tsw150001在2016-07-05 16:00登录了后台', 1, 1467705653),
(4065, 1, 1, 1963680204, 'member', 1, '开发者在2016-07-05 16:28登录了后台', 1, 1467707284),
(4066, 1, 5485, 3396428445, 'member', 5485, '音乐与影视学院在2016-07-05 16:49登录了后台', 1, 1467708568),
(4067, 1, 2, 1872806714, 'member', 2, 'tsw150001在2016-07-05 17:00登录了后台', 1, 1467709201),
(4068, 1, 1084, 1873066443, 'member', 1084, '计算机与信息工程学院在2016-07-05 17:09登录了后台', 1, 1467709764),
(4069, 1, 1099, 1872828105, 'member', 1099, '纺织学院在2016-07-05 17:17登录了后台', 1, 1467710230),
(4070, 1, 1097, 1872828114, 'member', 1097, '管理学院在2016-07-05 17:17登录了后台', 1, 1467710237),
(4071, 1, 2330, 1872766754, 'member', 2330, 'hd030163339在2016-07-05 17:50登录了后台', 1, 1467712226),
(4072, 1, 2330, 1872766754, 'member', 2330, 'hd030163339在2016-07-05 18:14登录了后台', 1, 1467713658),
(4073, 1, 1, 1963763163, 'member', 1, '开发者在2016-07-05 21:20登录了后台', 1, 1467724844),
(4074, 1, 1106, 1864256771, 'member', 1106, '包装与印刷工程学院在2016-07-05 21:33登录了后台', 1, 1467725588),
(4075, 1, 1, 1963763163, 'member', 1, '开发者在2016-07-05 21:52登录了后台', 1, 1467726775),
(4076, 1, 1660, 1864364041, 'member', 1660, '电子工程学院在2016-07-05 22:43登录了后台', 1, 1467729802),
(4077, 1, 2, 1872806714, 'member', 2, 'tsw150001在2016-07-06 10:34登录了后台', 1, 1467772483),
(4078, 1, 842, 3544503547, 'member', 842, '天津外国语在2016-07-06 10:56登录了后台', 1, 1467773807),
(4079, 1, 768, 1008548155, 'member', 768, 'hp010154340在2016-07-06 11:05登录了后台', 1, 1467774308),
(4080, 1, 829, 1971575603, 'member', 829, '南开大学在2016-07-06 11:14登录了后台', 1, 1467774840),
(4081, 1, 986, 1971575579, 'member', 986, '周恩来政府管理学院在2016-07-06 13:22登录了后台', 1, 1467782569),
(4082, 1, 768, 1008548155, 'member', 768, 'hp010154340在2016-07-06 14:20登录了后台', 1, 1467786010),
(4083, 1, 835, 1035304969, 'member', 835, '天津理工在2016-07-06 14:34登录了后台', 1, 1467786897),
(4084, 1, 909, 1864253602, 'member', 909, '天津职业技术师范大学在2016-07-06 14:47登录了后台', 1, 1467787661),
(4085, 1, 909, 1864253602, 'member', 909, '天津职业技术师范大学在2016-07-06 14:53登录了后台', 1, 1467787984),
(4086, 1, 1655, 1864253602, 'member', 1655, '信息技术工程学院在2016-07-06 14:54登录了后台', 1, 1467788088),
(4087, 1, 1663, 1864253602, 'member', 1663, '自动化与电气工程学院在2016-07-06 15:00登录了后台', 1, 1467788441),
(4088, 1, 1659, 1864253602, 'member', 1659, '理学院在2016-07-06 15:02登录了后台', 1, 1467788579),
(4089, 1, 1657, 1864253602, 'member', 1657, '机械工程学院在2016-07-06 15:04登录了后台', 1, 1467788653),
(4090, 1, 1655, 1864253602, 'member', 1655, '信息技术工程学院在2016-07-06 15:11登录了后台', 1, 1467789108),
(4091, 1, 909, 1864253602, 'member', 909, '天津职业技术师范大学在2016-07-06 15:22登录了后台', 1, 1467789779),
(4092, 1, 841, 1864245463, 'member', 841, '天津农学院在2016-07-06 15:32登录了后台', 1, 1467790368),
(4093, 1, 1663, 1864253602, 'member', 1663, '自动化与电气工程学院在2016-07-06 17:50登录了后台', 1, 1467798615),
(4094, 1, 1660, 1864365017, 'member', 1660, '电子工程学院在2016-07-06 22:41登录了后台', 1, 1467816092),
(4095, 1, 1656, 1864253602, 'member', 1656, '外国语学院在2016-07-07 08:16登录了后台', 1, 1467850590),
(4096, 1, 983, 1971575586, 'member', 983, '化学学院在2016-07-07 08:29登录了后台', 1, 1467851384),
(4097, 1, 1663, 1864253602, 'member', 1663, '自动化与电气工程学院在2016-07-07 08:48登录了后台', 1, 1467852534),
(4098, 1, 841, 1864245464, 'member', 841, '天津农学院在2016-07-07 09:21登录了后台', 1, 1467854506),
(4099, 1, 5505, 1971560059, 'member', 5505, '造纸学院在2016-07-07 09:48登录了后台', 1, 1467856124),
(4100, 1, 2330, 1873148437, 'member', 2330, 'hd030163339在2016-07-07 10:15登录了后台', 1, 1467857704),
(4101, 1, 832, 1930998197, 'member', 832, '天津师大在2016-07-07 10:26登录了后台', 1, 1467858364),
(4102, 1, 5471, 1971575612, 'member', 5471, '物理科学学院在2016-07-07 10:27登录了后台', 1, 1467858420),
(4103, 1, 2335, 1971861004, 'member', 2335, 'dl070163420在2016-07-07 11:02登录了后台', 1, 1467860552),
(4104, 1, 1663, 1864253602, 'member', 1663, '自动化与电气工程学院在2016-07-07 12:39登录了后台', 1, 1467866382),
(4105, 1, 830, 3396448352, 'member', 830, '天津大学在2016-07-07 13:56登录了后台', 1, 1467870985),
(4106, 1, 2308, 1971563634, 'member', 2308, 'hx020167867在2016-07-07 14:19登录了后台', 1, 1467872361),
(4107, 1, 1281, 3726530960, 'member', 1281, '国际商学院在2016-07-07 15:38登录了后台', 1, 1467877111),
(4108, 1, 986, 1971575584, 'member', 986, '周恩来政府管理学院在2016-07-07 15:44登录了后台', 1, 1467877459),
(4109, 1, 2, 1872806714, 'member', 2, 'tsw150001在2016-07-07 16:00登录了后台', 1, 1467878402),
(4110, 1, 5475, 1971575613, 'member', 5475, '马克思主义学院在2016-07-07 16:23登录了后台', 1, 1467879798),
(4111, 1, 2330, 1873148437, 'member', 2330, 'hd030163339在2016-07-07 17:30登录了后台', 1, 1467883850),
(4112, 1, 2330, 1873148437, 'member', 2330, 'hd030163339在2016-07-08 08:28登录了后台', 1, 1467937724),
(4113, 1, 1019, 1971861029, 'member', 1019, '材料科学与工程学院在2016-07-08 08:36登录了后台', 1, 1467938160),
(4114, 1, 2330, 1872766754, 'member', 2330, 'hd030163339在2016-07-08 08:53登录了后台', 1, 1467939232),
(4115, 1, 2, 1872806714, 'member', 2, 'tsw150001在2016-07-08 08:55登录了后台', 1, 1467939338),
(4116, 1, 1, 1963707804, 'member', 1, '开发者在2016-07-08 09:11登录了后台', 1, 1467940315),
(4117, 1, 2330, 1963707804, 'member', 2330, 'hd030163339在2016-07-08 09:21登录了后台', 1, 1467940913),
(4118, 1, 2334, 1963707804, 'member', 2334, 'bhqrsx在2016-07-08 09:24登录了后台', 1, 1467941051),
(4119, 1, 2330, 1963707804, 'member', 2330, 'hd030163339在2016-07-08 09:27登录了后台', 1, 1467941226),
(4120, 1, 1285, 3544505040, 'member', 1285, '日语学院在2016-07-08 09:48登录了后台', 1, 1467942486),
(4121, 1, 1019, 1971861029, 'member', 1019, '材料科学与工程学院在2016-07-08 10:00登录了后台', 1, 1467943245),
(4122, 1, 883, 994267010, 'member', 883, '天津师范大学津沽学院在2016-07-08 10:01登录了后台', 1, 1467943305),
(4123, 1, 842, 3544503547, 'member', 842, '天津外国语在2016-07-08 10:12登录了后台', 1, 1467943964),
(4124, 1, 1087, 1872828100, 'member', 1087, '人文与法学院在2016-07-08 11:40登录了后台', 1, 1467949208),
(4125, 1, 984, 1971575562, 'member', 984, '医学院在2016-07-08 11:45登录了后台', 1, 1467949554),
(4126, 1, 1660, 3748193254, 'member', 1660, '电子工程学院在2016-07-08 13:15登录了后台', 1, 1467954938),
(4127, 1, 1256, 1864245401, 'member', 1256, '经济与管理学院在2016-07-08 13:32登录了后台', 1, 1467955946),
(4128, 1, 1, 1963707804, 'member', 1, '开发者在2016-07-08 13:44登录了后台', 1, 1467956640),
(4129, 1, 5507, 1971579528, 'member', 5507, '工商管理学院在2016-07-08 14:46登录了后台', 1, 1467960377),
(4130, 1, 1, 1963707804, 'member', 1, '开发者在2016-07-08 15:02登录了后台', 1, 1467961330),
(4131, 1, 1, 1963707804, 'member', 1, '开发者在2016-07-08 15:09登录了后台', 1, 1467961769),
(4132, 1, 1000, 1971575559, 'member', 1000, '生命科学学院在2016-07-08 15:43登录了后台', 1, 1467963824),
(4133, 1, 1117, 3748193136, 'member', 1117, '电子信息与自动化学院在2016-07-08 16:50登录了后台', 1, 1467967801),
(4134, 1, 1237, 1864245401, 'member', 1237, '土木工程学院在2016-07-08 16:57登录了后台', 1, 1467968227),
(4135, 1, 1024, 1963628622, 'member', 1024, '电子信息工程学院在2016-07-09 20:19登录了后台', 1, 1468066784),
(4136, 1, 1076, 3742055531, 'member', 1076, '新闻传播学院在2016-07-10 14:40登录了后台', 1, 1468132856),
(4137, 1, 2, 1872806714, 'member', 2, 'tsw150001在2016-07-11 08:49登录了后台', 1, 1468198175),
(4138, 1, 2337, 3661959958, 'member', 2337, 'bc090164138在2016-07-11 09:39登录了后台', 1, 1468201176),
(4139, 1, 909, 1864253602, 'member', 909, '天津职业技术师范大学在2016-07-11 10:29登录了后台', 1, 1468204189),
(4140, 1, 5500, 1872828107, 'member', 5500, '材料科学与工程学院在2016-07-11 10:53登录了后台', 1, 1468205599),
(4141, 1, 2330, 1872766754, 'member', 2330, 'hd030163339在2016-07-11 11:49登录了后台', 1, 1468208986),
(4142, 1, 988, 1863146825, 'member', 988, '商学院在2016-07-11 12:58登录了后台', 1, 1468213117),
(4143, 1, 1656, 1864253602, 'member', 1656, '外国语学院在2016-07-11 13:36登录了后台', 1, 1468215363),
(4144, 1, 2337, 3661960086, 'member', 2337, 'bc090164138在2016-07-11 14:05登录了后台', 1, 1468217127),
(4145, 1, 2330, 3661872931, 'member', 2330, 'hd030163339在2016-07-11 14:08登录了后台', 1, 1468217297),
(4146, 1, 2330, 3661872931, 'member', 2330, 'hd030163339在2016-07-11 14:22登录了后台', 1, 1468218137),
(4147, 1, 2337, 3723438606, 'member', 2337, 'bc090164138在2016-07-11 15:08登录了后台', 1, 1468220937),
(4148, 1, 1256, 1864245401, 'member', 1256, '经济与管理学院在2016-07-11 15:44登录了后台', 1, 1468223046),
(4149, 1, 841, 1864245463, 'member', 841, '天津农学院在2016-07-11 16:39登录了后台', 1, 1468226391),
(4150, 1, 834, 1971560062, 'member', 834, '天津科大在2016-07-11 17:04登录了后台', 1, 1468227852),
(4151, 1, 829, 3727355397, 'member', 829, '南开大学在2016-07-11 18:06登录了后台', 1, 1468231561),
(4152, 1, 909, 3720703121, 'member', 909, '天津职业技术师范大学在2016-07-11 21:04登录了后台', 1, 1468242241),
(4153, 1, 1660, 3720703121, 'member', 1660, '电子工程学院在2016-07-11 21:11登录了后台', 1, 1468242701),
(4154, 1, 909, 3720703121, 'member', 909, '天津职业技术师范大学在2016-07-11 21:16登录了后台', 1, 1468242963),
(4155, 1, 1660, 3720703121, 'member', 1660, '电子工程学院在2016-07-11 21:27登录了后台', 1, 1468243642),
(4156, 1, 909, 3720703121, 'member', 909, '天津职业技术师范大学在2016-07-11 21:30登录了后台', 1, 1468243803),
(4157, 1, 1664, 3720703121, 'member', 1664, '艺术学院在2016-07-11 22:09登录了后台', 1, 1468246194),
(4158, 1, 909, 3720703121, 'member', 909, '天津职业技术师范大学在2016-07-11 22:19登录了后台', 1, 1468246763),
(4159, 1, 1660, 1864364499, 'member', 1660, '电子工程学院在2016-07-11 22:24登录了后台', 1, 1468247042),
(4160, 1, 845, 3720703121, 'member', 845, '天津音乐学院在2016-07-11 22:35登录了后台', 1, 1468247729),
(4161, 1, 1360, 3720703121, 'member', 1360, '音乐学系在2016-07-11 22:38登录了后台', 1, 1468247910),
(4162, 1, 845, 3720703121, 'member', 845, '天津音乐学院在2016-07-11 22:39登录了后台', 1, 1468247979),
(4163, 1, 909, 3720703121, 'member', 909, '天津职业技术师范大学在2016-07-11 22:41登录了后台', 1, 1468248087),
(4164, 1, 832, 3720703121, 'member', 832, '天津师大在2016-07-11 22:45登录了后台', 1, 1468248338),
(4165, 1, 846, 3720703121, 'member', 846, '天津美院在2016-07-11 22:47登录了后台', 1, 1468248466),
(4166, 1, 983, 1971575586, 'member', 983, '化学学院在2016-07-12 08:50登录了后台', 1, 1468284629),
(4167, 1, 2334, 3662018659, 'member', 2334, 'bhqrsx在2016-07-12 09:53登录了后台', 1, 1468288408),
(4168, 1, 1663, 1864253602, 'member', 1663, '自动化与电气工程学院在2016-07-12 10:12登录了后台', 1, 1468289541),
(4169, 1, 1237, 1864245401, 'member', 1237, '土木工程学院在2016-07-12 10:26登录了后台', 1, 1468290415),
(4170, 1, 5467, 3396448387, 'member', 5467, '外国语言与文学学院在2016-07-12 11:21登录了后台', 1, 1468293680),
(4171, 1, 841, 1864245464, 'member', 841, '天津农学院在2016-07-12 13:20登录了后台', 1, 1468300809),
(4172, 1, 1116, 1971560062, 'member', 1116, '生物工程学院在2016-07-12 15:34登录了后台', 1, 1468308865),
(4173, 1, 1076, 3742055531, 'member', 1076, '新闻传播学院在2016-07-12 16:10登录了后台', 1, 1468311050),
(4174, 1, 829, 3748193092, 'member', 829, '南开大学在2016-07-12 17:09登录了后台', 1, 1468314586),
(4175, 1, 1080, 2099692901, 'member', 1080, '管理学院在2016-07-12 18:44登录了后台', 1, 1468320268),
(4176, 1, 1080, 2099692901, 'member', 1080, '管理学院在2016-07-12 19:56登录了后台', 1, 1468324614),
(4177, 1, 1080, 2099692901, 'member', 1080, '管理学院在2016-07-12 20:18登录了后台', 1, 1468325930),
(4178, 1, 1080, 2099692901, 'member', 1080, '管理学院在2016-07-12 21:02登录了后台', 1, 1468328567),
(4179, 1, 8480, 994265533, 'member', 8480, '经济学院在2016-07-13 08:38登录了后台', 1, 1468370296),
(4180, 1, 768, 1008548155, 'member', 768, 'hp010154340在2016-07-13 09:25登录了后台', 1, 1468373133),
(4181, 1, 5471, 1971575579, 'member', 5471, '物理科学学院在2016-07-13 09:27登录了后台', 1, 1468373222),
(4182, 1, 2334, 3662018659, 'member', 2334, 'bhqrsx在2016-07-13 09:42登录了后台', 1, 1468374141),
(4183, 1, 8480, 994265533, 'member', 8480, '经济学院在2016-07-13 09:54登录了后台', 1, 1468374870),
(4184, 1, 1391, 1971579460, 'member', 1391, '经济管理学院在2016-07-13 12:28登录了后台', 1, 1468384122),
(4185, 1, 2, 1872806714, 'member', 2, 'tsw150001在2016-07-13 13:49登录了后台', 1, 1468388949),
(4186, 1, 909, 1864253602, 'member', 909, '天津职业技术师范大学在2016-07-13 14:46登录了后台', 1, 1468392373),
(4187, 1, 2337, 3723438606, 'member', 2337, 'bc090164138在2016-07-13 15:10登录了后台', 1, 1468393834),
(4188, 1, 1099, 1872828099, 'member', 1099, '纺织学院在2016-07-13 16:30登录了后台', 1, 1468398650),
(4189, 1, 1660, 1864364499, 'member', 1660, '电子工程学院在2016-07-13 22:58登录了后台', 1, 1468421888),
(4190, 1, 909, 1864253602, 'member', 909, '天津职业技术师范大学在2016-07-14 10:34登录了后台', 1, 1468463645),
(4191, 1, 986, 1971575570, 'member', 986, '周恩来政府管理学院在2016-07-14 11:10登录了后台', 1, 1468465812),
(4192, 1, 2, 1872806714, 'member', 2, 'tsw150001在2016-07-14 11:21登录了后台', 1, 1468466483),
(4193, 1, 2, 1872806714, 'member', 2, 'tsw150001在2016-07-15 09:26登录了后台', 1, 1468545996),
(4194, 1, 2428, 1872806714, 'member', 2428, '学校部在2016-07-15 09:27登录了后台', 1, 1468546036),
(4195, 1, 1292, 3544504905, 'member', 1292, '英语学院在2016-07-15 14:41登录了后台', 1, 1468564912),
(4196, 1, 841, 1864245463, 'member', 841, '天津农学院在2016-07-17 15:43登录了后台', 1, 1468741426),
(4197, 1, 842, 3544503547, 'member', 842, '天津外国语在2016-07-18 09:48登录了后台', 1, 1468806486),
(4198, 1, 768, 1008548155, 'member', 768, 'hp010154340在2016-07-18 15:02登录了后台', 1, 1468825340),
(4199, 1, 768, 1008548155, 'member', 768, 'hp010154340在2016-07-18 15:03登录了后台', 1, 1468825413),
(4200, 1, 840, 2099588175, 'member', 840, '天津城建大学在2016-07-18 15:10登录了后台', 1, 1468825801),
(4201, 1, 2330, 1971570382, 'member', 2330, 'hd030163339在2016-07-18 16:32登录了后台', 1, 1468830731),
(4202, 1, 2, 1872806714, 'member', 2, 'tsw150001在2016-07-18 16:39登录了后台', 1, 1468831191),
(4203, 1, 2428, 1872806714, 'member', 2428, '学校部在2016-07-18 16:41登录了后台', 1, 1468831268),
(4204, 1, 1662, 3729484375, 'member', 1662, '职业教育学院在2016-07-18 19:38登录了后台', 1, 1468841910),
(4205, 1, 5471, 1968212326, 'member', 5471, '物理科学学院在2016-07-19 10:03登录了后台', 1, 1468893818),
(4206, 1, 2, 1872806714, 'member', 2, 'tsw150001在2016-07-19 10:27登录了后台', 1, 1468895248),
(4207, 1, 1, 1963959085, 'member', 1, '开发者在2016-07-19 12:06登录了后台', 1, 1468901176),
(4208, 1, 2, 1872806714, 'member', 2, 'tsw150001在2016-07-19 13:21登录了后台', 1, 1468905684),
(4209, 1, 1655, 3721262700, 'member', 1655, '信息技术工程学院在2016-07-19 13:28登录了后台', 1, 1468906109),
(4210, 1, 2, 1872806714, 'member', 2, 'tsw150001在2016-07-20 09:53登录了后台', 1, 1468979600),
(4211, 1, 841, 709943911, 'member', 841, '天津农学院在2016-07-20 09:58登录了后台', 1, 1468979914),
(4212, 1, 1266, 709943911, 'member', 1266, '园艺系在2016-07-20 10:48登录了后台', 1, 1468982925),
(4213, 1, 841, 709943911, 'member', 841, '天津农学院在2016-07-20 10:49登录了后台', 1, 1468982996),
(4214, 1, 841, 709943911, 'member', 841, '天津农学院在2016-07-20 10:50登录了后台', 1, 1468983030),
(4215, 1, 1264, 709943911, 'member', 1264, '农学系在2016-07-20 10:51登录了后台', 1, 1468983109),
(4216, 1, 1269, 709943911, 'member', 1269, '水产学院在2016-07-20 10:52登录了后台', 1, 1468983166),
(4217, 1, 1262, 709943911, 'member', 1262, '人文系在2016-07-20 10:54登录了后台', 1, 1468983243),
(4218, 1, 1275, 709943911, 'member', 1275, '计算机与信息工程学院在2016-07-20 10:54登录了后台', 1, 1468983291),
(4219, 1, 5506, 709943911, 'member', 5506, '工程技术学院在2016-07-20 10:55登录了后台', 1, 1468983350),
(4220, 1, 1274, 709943911, 'member', 1274, '经管管理学院在2016-07-20 10:56登录了后台', 1, 1468983386);
INSERT INTO `jdi_action_log` (`id`, `action_id`, `user_id`, `action_ip`, `model`, `record_id`, `remark`, `status`, `create_time`) VALUES
(4221, 1, 1271, 709943911, 'member', 1271, '食品科学与生物工程学院在2016-07-20 10:57登录了后台', 1, 1468983422),
(4222, 1, 1270, 709943911, 'member', 1270, '水利工程学院在2016-07-20 10:57登录了后台', 1, 1468983458),
(4223, 1, 1267, 709943911, 'member', 1267, '基础科学学院在2016-07-20 10:58登录了后台', 1, 1468983501),
(4224, 1, 1266, 709943911, 'member', 1266, '园艺系在2016-07-20 10:58登录了后台', 1, 1468983531),
(4225, 1, 1265, 709943911, 'member', 1265, '动科系在2016-07-20 11:03登录了后台', 1, 1468983786),
(4226, 1, 1264, 709943911, 'member', 1264, '农学系在2016-07-20 11:03登录了后台', 1, 1468983824),
(4227, 1, 841, 709943911, 'member', 841, '天津农学院在2016-07-20 11:04登录了后台', 1, 1468983857),
(4228, 1, 2330, 1872766754, 'member', 2330, 'hd030163339在2016-07-20 11:48登录了后台', 1, 1468986529),
(4229, 1, 1090, 2073496728, 'member', 1090, '外国语学院在2016-07-21 10:30登录了后台', 1, 1469068210),
(4230, 1, 1, 2099659509, 'member', 1, '开发者在2016-07-21 15:16登录了后台', 1, 1469085385),
(4231, 1, 2, 1872806714, 'member', 2, 'tsw150001在2016-07-21 15:16登录了后台', 1, 1469085401),
(4232, 1, 2, 1872806714, 'member', 2, 'tsw150001在2016-07-22 10:25登录了后台', 1, 1469154356),
(4233, 1, 2, 1872806714, 'member', 2, 'tsw150001在2016-07-22 10:38登录了后台', 1, 1469155121),
(4234, 1, 2, 1872806714, 'member', 2, 'tsw150001在2016-07-22 10:46登录了后台', 1, 1469155563),
(4235, 1, 2337, 3661960086, 'member', 2337, 'bc090164138在2016-07-22 16:00登录了后台', 1, 1469174435),
(4236, 1, 841, 709943955, 'member', 841, '天津农学院在2016-07-22 18:35登录了后台', 1, 1469183704),
(4237, 1, 841, 709943955, 'member', 841, '天津农学院在2016-07-22 19:38登录了后台', 1, 1469187515),
(4238, 1, 2, 1872806714, 'member', 2, 'tsw150001在2016-07-25 09:37登录了后台', 1, 1469410654),
(4239, 1, 1660, 2946836610, 'member', 1660, '电子工程学院在2016-07-25 11:41登录了后台', 1, 1469418071),
(4240, 1, 2, 1872806714, 'member', 2, 'tsw150001在2016-07-25 14:27登录了后台', 1, 1469428050),
(4241, 1, 2, 1872806714, 'member', 2, 'tsw150001在2016-07-26 09:17登录了后台', 1, 1469495847),
(4242, 1, 1080, 3720700935, 'member', 1080, '管理学院在2016-07-26 10:13登录了后台', 1, 1469499236),
(4243, 1, 2, 1872806714, 'member', 2, 'tsw150001在2016-07-26 16:59登录了后台', 1, 1469523595),
(4244, 1, 1, 3720653254, 'member', 1, '开发者在2016-07-27 16:04登录了后台', 1, 1469606694),
(4245, 1, 1287, 1780698464, 'member', 1287, '涉外法政学院在2016-07-27 18:37登录了后台', 1, 1469615840),
(4246, 1, 1618, 2073503326, 'member', 1618, '计算机工程系在2016-08-02 16:50登录了后台', 1, 1470127834),
(4247, 1, 884, 3720753985, 'member', 884, '天津理工大学中环信息学院在2016-08-02 17:00登录了后台', 1, 1470128424),
(4248, 1, 984, 3661949439, 'member', 984, '医学院在2016-08-02 17:03登录了后台', 1, 1470128595),
(4249, 1, 1, 3720753985, 'member', 1, '开发者在2016-08-02 17:14登录了后台', 1, 1470129255),
(4250, 1, 1618, 3720753985, 'member', 1618, '计算机工程系在2016-08-02 19:52登录了后台', 1, 1470138763),
(4251, 1, 1, 2099647149, 'member', 1, '开发者在2016-08-03 00:11登录了后台', 1, 1470154307),
(4252, 1, 2337, 3661959958, 'member', 2337, 'bc090164138在2016-08-03 16:11登录了后台', 1, 1470211907),
(4253, 1, 2333, 1873258586, 'member', 2333, 'hq060162542在2016-08-03 16:27登录了后台', 1, 1470212828),
(4254, 1, 2, 1872806714, 'member', 2, 'tsw150001在2016-08-07 07:31登录了后台', 1, 1470526279),
(4255, 1, 1, 1873151215, 'member', 1, '开发者在2016-08-08 07:40登录了后台', 1, 1470613252),
(4256, 1, 1, 1873151215, 'member', 1, '开发者在2016-08-08 07:49登录了后台', 1, 1470613775),
(4257, 1, 1, 1873151215, 'member', 1, '开发者在2016-08-08 08:13登录了后台', 1, 1470615216),
(4258, 1, 2331, 3716223109, 'member', 2331, 'nk050164837在2016-08-08 14:52登录了后台', 1, 1470639156),
(4259, 1, 2308, 1971563634, 'member', 2308, 'hx020167867在2016-08-09 04:10登录了后台', 1, 1470687015),
(4260, 1, 1, 1008466389, 'member', 1, '开发者在2016-08-09 04:11登录了后台', 1, 1470687074),
(4261, 1, 2337, 3661960086, 'member', 2337, 'bc090164138在2016-08-09 09:43登录了后台', 1, 1470707011),
(4262, 1, 1, 1008456435, 'member', 1, '开发者在2016-08-10 03:11登录了后台', 1, 1470769886),
(4263, 1, 1066, 1963780450, 'member', 1066, '历史文化学院在2016-08-10 12:38登录了后台', 1, 1470803902),
(4264, 1, 1, 1008456435, 'member', 1, '开发者在2016-08-11 03:17登录了后台', 1, 1470856647),
(4265, 1, 1618, 1008456435, 'member', 1618, '计算机工程系在2016-08-14 08:23登录了后台', 1, 1471134184),
(4266, 1, 1618, 2073503326, 'member', 1618, '计算机工程系在2016-08-15 01:12登录了后台', 1, 1471194738),
(4267, 1, 1618, 2073503326, 'member', 1618, '计算机工程系在2016-08-15 08:04登录了后台', 1, 1471219449),
(4268, 1, 1, 1008456435, 'member', 1, '开发者在2016-08-16 04:09登录了后台', 1, 1471291770),
(4269, 1, 1655, 1971848281, 'member', 1655, '信息技术工程学院在2016-08-16 15:31登录了后台', 1, 1471332674),
(4270, 1, 1655, 1971848281, 'member', 1655, '信息技术工程学院在2016-08-16 15:32登录了后台', 1, 1471332740),
(4271, 1, 1025, 1864249076, 'member', 1025, '电气与自动化工程学院在2016-08-17 02:46登录了后台', 1, 1471373179),
(4272, 1, 1100, 1872828103, 'member', 1100, '经济学院在2016-08-23 02:53登录了后台', 1, 1471892023),
(4273, 1, 1, 3720653011, 'member', 1, '开发者在2016-08-23 11:14登录了后台', 1, 1471922062),
(4274, 1, 1, 3720653011, 'member', 1, '开发者在2016-08-23 11:20登录了后台', 1, 1471922424),
(4275, 1, 2, 1872806714, 'member', 2, 'tsw150001在2016-08-23 11:33登录了后台', 1, 1471923237),
(4276, 1, 2, 1872806714, 'member', 2, 'tsw150001在2016-08-23 11:34登录了后台', 1, 1471923296),
(4277, 1, 2428, 1872806714, 'member', 2428, '学校部在2016-08-23 11:35登录了后台', 1, 1471923325),
(4278, 1, 1, 3720653011, 'member', 1, '开发者在2016-08-23 11:42登录了后台', 1, 1471923721),
(4279, 1, 1, 3720653011, 'member', 1, '开发者在2016-08-23 11:42登录了后台', 1, 1471923776),
(4280, 1, 1, 3720653011, 'member', 1, '开发者在2016-08-23 11:59登录了后台', 1, 1471924755),
(4281, 1, 1, 3720653011, 'member', 1, '开发者在2016-08-23 12:13登录了后台', 1, 1471925590),
(4282, 1, 1, 3720653011, 'member', 1, '开发者在2016-08-23 12:26登录了后台', 1, 1471926412),
(4283, 1, 1618, 3720653011, 'member', 1618, '计算机工程系在2016-08-23 13:27登录了后台', 1, 1471930038),
(4284, 1, 1618, 3720653011, 'member', 1618, '计算机工程系在2016-08-23 13:38登录了后台', 1, 1471930707),
(4285, 1, 1618, 3720653011, 'member', 1618, '计算机工程系在2016-08-23 13:42登录了后台', 1, 1471930976),
(4286, 1, 1618, 3720653011, 'member', 1618, '计算机工程系在2016-08-23 13:45登录了后台', 1, 1471931146),
(4287, 1, 1618, 1963628547, 'member', 1618, '计算机工程系在2016-08-23 15:12登录了后台', 1, 1471936328),
(4288, 1, 1, 3726924013, 'member', 1, '开发者在2016-08-23 15:35登录了后台', 1, 1471937720),
(4289, 1, 1, 3720653011, 'member', 1, '开发者在2016-08-24 03:28登录了后台', 1, 1471980539),
(4290, 1, 884, 3720653011, 'member', 884, '天津理工大学中环信息学院在2016-08-24 04:26登录了后台', 1, 1471983967),
(4291, 1, 1618, 3720653011, 'member', 1618, '计算机工程系在2016-08-24 04:30登录了后台', 1, 1471984204),
(4292, 1, 1618, 3720653011, 'member', 1618, '计算机工程系在2016-08-24 04:31登录了后台', 1, 1471984309),
(4293, 1, 1618, 3720653011, 'member', 1618, '计算机工程系在2016-08-24 04:32登录了后台', 1, 1471984334),
(4294, 1, 1, 3720653011, 'member', 1, '开发者在2016-08-25 10:52登录了后台', 1, 1472093563),
(4295, 1, 1618, 3720653011, 'member', 1618, '计算机工程系在2016-08-25 12:03登录了后台', 1, 1472097791),
(4296, 1, 1, 3720653011, 'member', 1, '开发者在2016-08-25 12:18登录了后台', 1, 1472098680),
(4297, 1, 1, 3720653011, 'member', 1, '开发者在2016-08-25 12:32登录了后台', 1, 1472099520),
(4298, 1, 1618, 3720653011, 'member', 1618, '计算机工程系在2016-08-25 14:24登录了后台', 1, 1472106295),
(4299, 1, 1618, 1963959323, 'member', 1618, '计算机工程系在2016-08-25 17:18登录了后台', 1, 1472116724),
(4300, 1, 884, 1963959323, 'member', 884, '天津理工大学中环信息学院在2016-08-25 17:21登录了后台', 1, 1472116877),
(4301, 1, 884, 1963959323, 'member', 884, '天津理工大学中环信息学院在2016-08-25 17:22登录了后台', 1, 1472116951),
(4302, 1, 884, 1963959323, 'member', 884, '天津理工大学中环信息学院在2016-08-25 17:23登录了后台', 1, 1472117012),
(4303, 1, 1, 1963959323, 'member', 1, '开发者在2016-08-26 09:14登录了后台', 1, 1472174082),
(4304, 1, 1, 1963959323, 'member', 1, '开发者在2016-08-26 09:40登录了后台', 1, 1472175627),
(4305, 1, 1, 1963959323, 'member', 1, '开发者在2016-08-26 09:46登录了后台', 1, 1472176000),
(4306, 1, 1, 1963959323, 'member', 1, '开发者在2016-08-26 11:20登录了后台', 1, 1472181640),
(4307, 1, 1, 1963959323, 'member', 1, '开发者在2016-08-26 11:44登录了后台', 1, 1472183052),
(4308, 1, 1, 1963959323, 'member', 1, '开发者在2016-08-26 17:49登录了后台', 1, 1472204987),
(4309, 1, 1, 1963959323, 'member', 1, '开发者在2016-08-29 10:11登录了后台', 1, 1472436688),
(4310, 1, 1, 1963959323, 'member', 1, '开发者在2016-08-29 10:36登录了后台', 1, 1472438181),
(4311, 1, 27097, 1963959323, 'member', 27097, 'qryjy在2016-08-29 11:11登录了后台', 1, 1472440287),
(4312, 1, 27098, 1963959323, 'member', 27098, 'qrzpxy在2016-08-29 11:12登录了后台', 1, 1472440330),
(4313, 1, 1, 1963959323, 'member', 1, '开发者在2016-08-29 11:13登录了后台', 1, 1472440381),
(4314, 1, 27097, 1963959323, 'member', 27097, 'qryjy在2016-08-29 11:13登录了后台', 1, 1472440438),
(4315, 1, 27097, 1963959323, 'member', 27097, 'qryjy在2016-08-29 11:27登录了后台', 1, 1472441273),
(4316, 1, 27098, 1963959323, 'member', 27098, 'qrzpxy在2016-08-29 11:28登录了后台', 1, 1472441319),
(4317, 1, 1, 1963959323, 'member', 1, '开发者在2016-08-29 12:18登录了后台', 1, 1472444339),
(4318, 1, 1, 1963959323, 'member', 1, '开发者在2016-08-29 14:44登录了后台', 1, 1472453099),
(4319, 1, 1, 1963959323, 'member', 1, '开发者在2016-08-29 15:38登录了后台', 1, 1472456281),
(4320, 1, 2, 1872806714, 'member', 2, 'tsw150001在2016-08-29 17:03登录了后台', 1, 1472461412),
(4321, 1, 2428, 1872806714, 'member', 2428, '学校部在2016-08-29 17:04登录了后台', 1, 1472461471),
(4322, 1, 1, 1963959323, 'member', 1, '开发者在2016-08-29 17:42登录了后台', 1, 1472463726),
(4323, 1, 27098, 1872806714, 'member', 27098, 'qrzpxy在2016-08-30 09:59登录了后台', 1, 1472522380),
(4324, 1, 1, 1963959323, 'member', 1, '开发者在2016-08-30 10:35登录了后台', 1, 1472524525),
(4325, 1, 1, 1963959323, 'member', 1, '开发者在2016-08-30 10:57登录了后台', 1, 1472525847),
(4326, 1, 2, 1872806714, 'member', 2, 'tsw150001在2016-08-30 12:55登录了后台', 1, 1472532901),
(4327, 1, 27110, 1872806714, 'member', 27110, '天津人力资源经理俱乐部在2016-08-30 12:56登录了后台', 1, 1472532991),
(4328, 1, 2, 1872806714, 'member', 2, 'tsw150001在2016-08-30 14:35登录了后台', 1, 1472538938),
(4329, 1, 2428, 1872806714, 'member', 2428, '学校部在2016-08-30 14:36登录了后台', 1, 1472538971),
(4330, 1, 27098, 1963959323, 'member', 27098, 'qrzpxy在2016-08-30 15:35登录了后台', 1, 1472542550),
(4331, 1, 27098, 1963959323, 'member', 27098, 'qrzpxy在2016-08-30 15:36登录了后台', 1, 1472542583),
(4332, 1, 1663, 1864253602, 'member', 1663, '自动化与电气工程学院在2016-08-30 16:22登录了后台', 1, 1472545361),
(4333, 1, 1, 1963959323, 'member', 1, '开发者在2016-08-31 09:32登录了后台', 1, 1472607122),
(4334, 1, 1, 1963959323, 'member', 1, '开发者在2016-09-01 13:48登录了后台', 1, 1472708899),
(4335, 1, 884, 1963959323, 'member', 884, '天津理工大学中环信息学院在2016-09-01 14:05登录了后台', 1, 1472709953),
(4336, 1, 884, 1963959323, 'member', 884, '天津理工大学中环信息学院在2016-09-01 14:09登录了后台', 1, 1472710141),
(4337, 1, 2, 1872806714, 'member', 2, 'tsw150001在2016-09-01 14:29登录了后台', 1, 1472711382),
(4338, 1, 2, 1872806714, 'member', 2, 'tsw150001在2016-09-01 14:31登录了后台', 1, 1472711515),
(4339, 1, 2428, 1872806714, 'member', 2428, '学校部在2016-09-01 14:33登录了后台', 1, 1472711590),
(4340, 1, 16919, 1872806714, 'member', 16919, '青农部在2016-09-01 14:33登录了后台', 1, 1472711593),
(4341, 1, 27098, 2071028303, 'member', 27098, 'qrzpxy在2016-09-01 14:55登录了后台', 1, 1472712932),
(4342, 1, 1, 1963959323, 'member', 1, '开发者在2016-09-01 16:24登录了后台', 1, 1472718240),
(4343, 1, 2340, 1963621313, 'member', 2340, 'nh150168245在2016-09-02 08:28登录了后台', 1, 1472776117),
(4344, 1, 1663, 1864253602, 'member', 1663, '自动化与电气工程学院在2016-09-02 12:33登录了后台', 1, 1472790813),
(4345, 1, 1663, 1864253602, 'member', 1663, '自动化与电气工程学院在2016-09-02 19:11登录了后台', 1, 1472814661),
(4346, 1, 1663, 1864253602, 'member', 1663, '自动化与电气工程学院在2016-09-05 10:44登录了后台', 1, 1473043468),
(4347, 1, 27098, 2027756794, 'member', 27098, 'qrzpxy在2016-09-05 11:23登录了后台', 1, 1473045780),
(4348, 1, 27098, 2027756794, 'member', 27098, 'qrzpxy在2016-09-05 13:33登录了后台', 1, 1473053615),
(4349, 1, 2308, 1971563634, 'member', 2308, 'hx020167867在2016-09-06 08:23登录了后台', 1, 1473121436),
(4350, 1, 2308, 1971563634, 'member', 2308, 'hx020167867在2016-09-06 08:32登录了后台', 1, 1473121923),
(4351, 1, 1, 1963957494, 'member', 1, '开发者在2016-09-06 11:43登录了后台', 1, 1473133384),
(4352, 1, 27098, 1963957494, 'member', 27098, 'qrzpxy在2016-09-06 11:44登录了后台', 1, 1473133492),
(4353, 1, 1, 1963957494, 'member', 1, '开发者在2016-09-06 11:57登录了后台', 1, 1473134278),
(4354, 1, 27098, 3689584538, 'member', 27098, 'qrzpxy在2016-09-06 12:47登录了后台', 1, 1473137220),
(4355, 1, 884, 1963957494, 'member', 884, '天津理工大学中环信息学院在2016-09-06 16:46登录了后台', 1, 1473151611),
(4356, 1, 2340, 1872992272, 'member', 2340, 'nh150168245在2016-09-07 14:51登录了后台', 1, 1473231106),
(4357, 1, 2340, 1872992272, 'member', 2340, 'nh150168245在2016-09-07 14:56登录了后台', 1, 1473231401),
(4358, 1, 1618, 1008233381, 'member', 1618, '计算机工程系在2016-09-07 15:02登录了后台', 1, 1473231765),
(4359, 1, 827, 3684050762, 'member', 827, 'xq080151133在2016-09-07 15:18登录了后台', 1, 1473232701),
(4360, 1, 27098, 2027756794, 'member', 27098, 'qrzpxy在2016-09-07 17:28登录了后台', 1, 1473240533),
(4361, 1, 1, 1963590307, 'member', 1, '开发者在2016-09-08 00:59登录了后台', 1, 1473267553),
(4362, 1, 2, 1872806714, 'member', 2, 'tsw150001在2016-09-08 10:11登录了后台', 1, 1473300673),
(4363, 1, 27278, 1872806714, 'member', 27278, '共青团天津市委员会在2016-09-08 10:15登录了后台', 1, 1473300943),
(4364, 1, 27278, 1872806714, 'member', 27278, '共青团天津市委员会在2016-09-08 10:17登录了后台', 1, 1473301035),
(4365, 1, 1, 1008233381, 'member', 1, '开发者在2016-09-08 13:59登录了后台', 1, 1473314381),
(4366, 1, 827, 3684050779, 'member', 827, 'xq080151133在2016-09-08 15:53登录了后台', 1, 1473321222),
(4367, 1, 1, 1008233381, 'member', 1, '开发者在2016-09-08 16:22登录了后台', 1, 1473322973),
(4368, 1, 1, 1008233381, 'member', 1, '开发者在2016-09-08 16:48登录了后台', 1, 1473324481),
(4369, 8, 1, 1008233381, 'attribute', 100, '操作url：/index.php/Admin/Attribute/update.html', 1, 1473324624),
(4370, 8, 1, 1008233381, 'attribute', 100, '操作url：/index.php/Admin/Attribute/update.html', 1, 1473324746),
(4371, 1, 27098, 3722246640, 'member', 27098, 'qrzpxy在2016-09-08 18:09登录了后台', 1, 1473329391),
(4372, 1, 1618, 1008233381, 'member', 1618, '计算机工程系在2016-09-09 15:18登录了后台', 1, 1473405512),
(4373, 1, 2308, 1971563634, 'member', 2308, 'hx020167867在2016-09-09 16:26登录了后台', 1, 1473409580),
(4374, 1, 827, 3684050779, 'member', 827, 'xq080151133在2016-09-09 19:13登录了后台', 1, 1473419630),
(4375, 1, 27098, 1875164694, 'member', 27098, 'qrzpxy在2016-09-10 12:57登录了后台', 1, 1473483453),
(4376, 1, 2332, 3661956724, 'member', 2332, 'hb040163323在2016-09-11 16:49登录了后台', 1, 1473583761),
(4377, 1, 1, 1008233381, 'member', 1, '开发者在2016-09-12 09:34登录了后台', 1, 1473644047),
(4378, 1, 2308, 1971563634, 'member', 2308, 'hx020167867在2016-09-12 09:41登录了后台', 1, 1473644499),
(4379, 1, 2337, 3723438606, 'member', 2337, 'bc090164138在2016-09-12 10:15登录了后台', 1, 1473646549),
(4380, 1, 2308, 1971563634, 'member', 2308, 'hx020167867在2016-09-12 10:30登录了后台', 1, 1473647436),
(4381, 1, 2331, 3716223109, 'member', 2331, 'nk050164837在2016-09-12 14:08登录了后台', 1, 1473660525),
(4382, 1, 1, 1008233381, 'member', 1, '开发者在2016-09-12 14:22登录了后台', 1, 1473661369),
(4383, 1, 1, 1008233381, 'member', 1, '开发者在2016-09-13 10:33登录了后台', 1, 1473734013),
(4384, 1, 1, 1008233381, 'member', 1, '开发者在2016-09-13 13:55登录了后台', 1, 1473746149),
(4385, 1, 1, 1008233381, 'member', 1, '开发者在2016-09-13 15:01登录了后台', 1, 1473750101),
(4386, 1, 879, 3661984934, 'member', 879, '天津体育学院运动与文化艺术学院在2016-09-14 13:15登录了后台', 1, 1473830106),
(4387, 1, 2308, 1971563634, 'member', 2308, 'hx020167867在2016-09-14 14:22登录了后台', 1, 1473834134),
(4388, 1, 2308, 1971563634, 'member', 2308, 'hx020167867在2016-09-14 17:06登录了后台', 1, 1473843965),
(4389, 1, 1, 1008230351, 'member', 1, '开发者在2016-09-14 17:51登录了后台', 1, 1473846687),
(4390, 1, 1, 1008230351, 'member', 1, '开发者在2016-09-14 19:08登录了后台', 1, 1473851308),
(4391, 1, 2337, 3723438606, 'member', 2337, 'bc090164138在2016-09-19 09:39登录了后台', 1, 1474249152),
(4392, 1, 1663, 1864253602, 'member', 1663, '自动化与电气工程学院在2016-09-19 16:59登录了后台', 1, 1474275573),
(4393, 1, 2308, 1971563634, 'member', 2308, 'hx020167867在2016-09-19 17:26登录了后台', 1, 1474277214),
(4394, 1, 2337, 3723438606, 'member', 2337, 'bc090164138在2016-09-19 17:32登录了后台', 1, 1474277568),
(4395, 1, 841, 3544514554, 'member', 841, '天津农学院在2016-09-20 09:26登录了后台', 1, 1474334760),
(4396, 1, 829, 1971575596, 'member', 829, '南开大学在2016-09-20 09:42登录了后台', 1, 1474335768),
(4397, 1, 830, 3396448288, 'member', 830, '天津大学在2016-09-20 10:09登录了后台', 1, 1474337398),
(4398, 1, 830, 3396448308, 'member', 830, '天津大学在2016-09-20 10:16登录了后台', 1, 1474337773),
(4399, 1, 1, 1963708880, 'member', 1, '开发者在2016-09-20 10:59登录了后台', 1, 1474340394),
(4400, 1, 840, 1864245404, 'member', 840, '天津城建大学在2016-09-20 11:03登录了后台', 1, 1474340602),
(4401, 1, 1, 1963708880, 'member', 1, '开发者在2016-09-20 11:13登录了后台', 1, 1474341194),
(4402, 1, 1106, 1971560059, 'member', 1106, '包装与印刷工程学院在2016-09-20 11:24登录了后台', 1, 1474341868),
(4403, 1, 1, 3720802977, 'member', 1, '开发者在2016-09-20 12:16登录了后台', 1, 1474345010),
(4404, 1, 834, 1864256774, 'member', 834, '天津科大在2016-09-20 15:53登录了后台', 1, 1474357994),
(4405, 1, 2, 1872806714, 'member', 2, 'tsw150001在2016-09-20 16:36登录了后台', 1, 1474360567),
(4406, 1, 27379, 1872806714, 'member', 27379, '天津中科先进技术研究院在2016-09-20 16:37登录了后台', 1, 1474360677),
(4407, 1, 883, 994267010, 'member', 883, '天津师范大学津沽学院在2016-09-20 16:42登录了后台', 1, 1474360963),
(4408, 1, 27379, 1872806714, 'member', 27379, '天津中科先进技术研究院在2016-09-20 16:44登录了后台', 1, 1474361084),
(4409, 1, 5526, 994267010, 'member', 5526, '新闻与传播系在2016-09-20 16:48登录了后台', 1, 1474361337),
(4410, 1, 5532, 994267010, 'member', 5532, '表演系在2016-09-20 16:53登录了后台', 1, 1474361606),
(4411, 1, 5532, 994267010, 'member', 5532, '表演系在2016-09-20 16:54登录了后台', 1, 1474361646),
(4412, 1, 883, 994267010, 'member', 883, '天津师范大学津沽学院在2016-09-20 16:54登录了后台', 1, 1474361689),
(4413, 1, 883, 994267010, 'member', 883, '天津师范大学津沽学院在2016-09-20 16:55登录了后台', 1, 1474361714),
(4414, 1, 5532, 994267010, 'member', 5532, '表演系在2016-09-21 10:13登录了后台', 1, 1474424017),
(4415, 1, 883, 994267010, 'member', 883, '天津师范大学津沽学院在2016-09-21 10:15登录了后台', 1, 1474424134),
(4416, 1, 2, 1872806714, 'member', 2, 'tsw150001在2016-09-21 14:18登录了后台', 1, 1474438686),
(4417, 1, 2428, 1872806714, 'member', 2428, '学校部在2016-09-21 14:18登录了后台', 1, 1474438717),
(4418, 1, 833, 3544479665, 'member', 833, '天津工业大学团委在2016-09-21 15:43登录了后台', 1, 1474443838),
(4419, 1, 1099, 2073449287, 'member', 1099, '纺织学院在2016-09-21 15:58登录了后台', 1, 1474444703),
(4420, 1, 1087, 2073449286, 'member', 1087, '人文与法学院在2016-09-21 16:32登录了后台', 1, 1474446729),
(4421, 1, 883, 3720752419, 'member', 883, '天津师范大学津沽学院在2016-09-21 16:36登录了后台', 1, 1474446990),
(4422, 1, 5516, 3720752419, 'member', 5516, '聋人工学院在2016-09-21 16:39登录了后台', 1, 1474447159),
(4423, 1, 5526, 3720752419, 'member', 5526, '新闻与传播系在2016-09-21 16:41登录了后台', 1, 1474447292),
(4424, 1, 1099, 2073449287, 'member', 1099, '纺织学院在2016-09-21 16:47登录了后台', 1, 1474447645),
(4425, 1, 5501, 2073449296, 'member', 5501, '电气工程与自动化学院在2016-09-21 16:54登录了后台', 1, 1474448098),
(4426, 1, 5526, 994267010, 'member', 5526, '新闻与传播系在2016-09-21 16:57登录了后台', 1, 1474448221),
(4427, 1, 5526, 1963958965, 'member', 5526, '新闻与传播系在2016-09-21 17:10登录了后台', 1, 1474449014),
(4428, 1, 831, 1872806714, 'member', 831, '河北工大在2016-09-21 17:24登录了后台', 1, 1474449897),
(4429, 1, 831, 3684054353, 'member', 831, '河北工大在2016-09-21 21:48登录了后台', 1, 1474465708),
(4430, 1, 831, 1930995830, 'member', 831, '河北工大在2016-09-21 21:51登录了后台', 1, 1474465913),
(4431, 1, 5503, 2073449302, 'member', 5503, '机械工程学院在2016-09-22 08:10登录了后台', 1, 1474503018),
(4432, 1, 5503, 2073449302, 'member', 5503, '机械工程学院在2016-09-22 08:11登录了后台', 1, 1474503085),
(4433, 1, 831, 3726905095, 'member', 831, '河北工大在2016-09-22 10:31登录了后台', 1, 1474511500),
(4434, 1, 840, 1864245404, 'member', 840, '天津城建大学在2016-09-22 10:57登录了后台', 1, 1474513037),
(4435, 1, 5500, 2073449299, 'member', 5500, '材料科学与工程学院在2016-09-22 14:39登录了后台', 1, 1474526345),
(4436, 1, 1101, 2073449304, 'member', 1101, '艺术与服装学院在2016-09-22 15:22登录了后台', 1, 1474528971),
(4437, 1, 5498, 2073449295, 'member', 5498, '电子与信息工程学院在2016-09-22 17:00登录了后台', 1, 1474534842),
(4438, 1, 2308, 1971563634, 'member', 2308, 'hx020167867在2016-09-22 17:51登录了后台', 1, 1474537870),
(4439, 1, 833, 3544479665, 'member', 833, '天津工业大学团委在2016-09-23 14:52登录了后台', 1, 1474613547),
(4440, 1, 2330, 1872766754, 'member', 2330, 'hd030163339在2016-09-23 17:35登录了后台', 1, 1474623336),
(4441, 1, 27379, 3720767983, 'member', 27379, '天津中科先进技术研究院在2016-09-25 23:54登录了后台', 1, 1474818893),
(4442, 1, 27379, 3720767983, 'member', 27379, '天津中科先进技术研究院有限公司在2016-09-26 00:05登录了后台', 1, 1474819518),
(4443, 1, 27278, 1872806714, 'member', 27278, '共青团天津市委员会在2016-09-26 10:17登录了后台', 1, 1474856270),
(4444, 1, 840, 1864245404, 'member', 840, '天津城建大学在2016-09-26 13:01登录了后台', 1, 1474866105),
(4445, 1, 2337, 3723438606, 'member', 2337, 'bc090164138在2016-09-26 16:05登录了后台', 1, 1474877113),
(4446, 1, 27098, 3689584538, 'member', 27098, 'qrzpxy在2016-09-26 16:33登录了后台', 1, 1474878831),
(4447, 1, 27098, 2027756730, 'member', 27098, 'qrzpxy在2016-09-26 16:34登录了后台', 1, 1474878888),
(4448, 1, 27379, 1008288958, 'member', 27379, '天津中科先进技术研究院有限公司在2016-09-26 16:51登录了后台', 1, 1474879863),
(4449, 1, 27379, 1008288958, 'member', 27379, '天津中科先进技术研究院有限公司在2016-09-26 16:51登录了后台', 1, 1474879898),
(4450, 1, 1, 1963708640, 'member', 1, '开发者在2016-09-27 09:25登录了后台', 1, 1474939549),
(4451, 1, 2308, 1971563634, 'member', 2308, 'hx020167867在2016-09-27 12:54登录了后台', 1, 1474952081),
(4452, 1, 2308, 1971563634, 'member', 2308, 'hx020167867在2016-09-28 10:44登录了后台', 1, 1475030679),
(4453, 1, 1075, 1873071656, 'member', 1075, '文学院在2016-09-28 15:20登录了后台', 1, 1475047228),
(4454, 1, 1075, 1873071656, 'member', 1075, '文学院在2016-09-28 15:24登录了后台', 1, 1475047444),
(4455, 1, 909, 1864253602, 'member', 909, '天津职业技术师范大学在2016-09-29 09:23登录了后台', 1, 1475112229),
(4456, 1, 831, 1930995795, 'member', 831, '河北工大在2016-09-29 09:36登录了后台', 1, 1475112988),
(4457, 1, 909, 1864253602, 'member', 909, '天津职业技术师范大学在2016-09-29 10:28登录了后台', 1, 1475116124),
(4458, 1, 909, 1864253602, 'member', 909, '天津职业技术师范大学在2016-09-29 10:29登录了后台', 1, 1475116184),
(4459, 1, 27379, 712641455, 'member', 27379, '天津中科先进技术研究院有限公司在2016-09-30 08:39登录了后台', 1, 1475195953),
(4460, 1, 1000, 1971575559, 'member', 1000, '生命科学学院在2016-09-30 08:42登录了后台', 1, 1475196160),
(4461, 1, 1256, 1864245401, 'member', 1256, '经济与管理学院在2016-09-30 10:52登录了后台', 1, 1475203927),
(4462, 1, 27379, 3720803479, 'member', 27379, '天津中科先进技术研究院有限公司在2016-09-30 14:42登录了后台', 1, 1475217722),
(4463, 1, 27379, 3720803479, 'member', 27379, '天津中科先进技术研究院有限公司在2016-09-30 15:28登录了后台', 1, 1475220517),
(4464, 1, 1663, 1864253602, 'member', 1663, '自动化与电气工程学院在2016-10-06 13:22登录了后台', 1, 1475731374),
(4465, 1, 841, 1864245464, 'member', 841, '天津农学院在2016-10-09 15:03登录了后台', 1, 1475996606),
(4466, 1, 841, 1864245464, 'member', 841, '天津农学院在2016-10-09 15:07登录了后台', 1, 1475996829),
(4467, 1, 5506, 1864245463, 'member', 5506, '工程技术学院在2016-10-10 08:19登录了后台', 1, 1476058799),
(4468, 1, 1000, 1971575559, 'member', 1000, '生命科学学院在2016-10-10 16:53登录了后台', 1, 1476089607),
(4469, 1, 909, 1864253602, 'member', 909, '天津职业技术师范大学在2016-10-14 14:26登录了后台', 1, 1476426382),
(4470, 1, 1656, 1864253602, 'member', 1656, '外国语学院在2016-10-14 14:26登录了后台', 1, 1476426411),
(4471, 1, 1655, 1864366292, 'member', 1655, '信息技术工程学院在2016-10-16 20:40登录了后台', 1, 1476621635),
(4472, 1, 1655, 1864366226, 'member', 1655, '信息技术工程学院在2016-10-16 21:34登录了后台', 1, 1476624863),
(4473, 1, 1657, 1864253602, 'member', 1657, '机械工程学院在2016-10-17 09:03登录了后台', 1, 1476666233),
(4474, 1, 1657, 1864253602, 'member', 1657, '机械工程学院在2016-10-17 09:09登录了后台', 1, 1476666556),
(4475, 1, 1663, 1864253602, 'member', 1663, '自动化与电气工程学院在2016-10-17 09:16登录了后台', 1, 1476666992),
(4476, 1, 909, 1864253602, 'member', 909, '天津职业技术师范大学在2016-10-17 13:32登录了后台', 1, 1476682365),
(4477, 1, 1656, 1864253602, 'member', 1656, '外国语学院在2016-10-17 13:41登录了后台', 1, 1476682917),
(4478, 1, 2337, 3723438606, 'member', 2337, 'bc090164138在2016-10-18 11:42登录了后台', 1, 1476762175),
(4479, 1, 2308, 1971563634, 'member', 2308, 'hx020167867在2016-10-18 14:57登录了后台', 1, 1476773841),
(4480, 1, 2308, 1971563634, 'member', 2308, 'hx020167867在2016-10-19 10:49登录了后台', 1, 1476845378),
(4481, 1, 2308, 1971563634, 'member', 2308, 'hx020167867在2016-10-19 10:55登录了后台', 1, 1476845732),
(4482, 1, 2308, 1971563634, 'member', 2308, 'hx020167867在2016-10-19 11:05登录了后台', 1, 1476846306),
(4483, 1, 2308, 1971563634, 'member', 2308, 'hx020167867在2016-10-19 11:11登录了后台', 1, 1476846708),
(4484, 1, 2308, 1971563634, 'member', 2308, 'hx020167867在2016-10-19 11:39登录了后台', 1, 1476848364),
(4485, 1, 2308, 1971563634, 'member', 2308, 'hx020167867在2016-10-19 15:54登录了后台', 1, 1476863679),
(4486, 1, 2308, 1971563634, 'member', 2308, 'hx020167867在2016-10-19 17:30登录了后台', 1, 1476869413),
(4487, 1, 2308, 1971563634, 'member', 2308, 'hx020167867在2016-10-21 09:52登录了后台', 1, 1477014758),
(4488, 1, 1663, 1864253602, 'member', 1663, '自动化与电气工程学院在2016-10-21 17:55登录了后台', 1, 1477043713),
(4489, 1, 1, 1008229742, 'member', 1, '开发者在2016-10-24 09:34登录了后台', 1, 1477272854),
(4490, 1, 2308, 1971563634, 'member', 2308, 'hx020167867在2016-10-24 10:33登录了后台', 1, 1477276388),
(4491, 1, 2308, 1971563634, 'member', 2308, 'hx020167867在2016-10-24 15:08登录了后台', 1, 1477292889),
(4492, 1, 2308, 1971563634, 'member', 2308, 'hx020167867在2016-10-24 15:19登录了后台', 1, 1477293596),
(4493, 1, 2343, 1971567173, 'member', 2343, '滨海保税区团委在2016-10-25 14:16登录了后台', 1, 1477376198),
(4494, 1, 2343, 1971567173, 'member', 2343, '滨海保税区团委在2016-10-25 15:17登录了后台', 1, 1477379877),
(4495, 1, 2343, 1971567173, 'member', 2343, '滨海保税区团委在2016-10-25 16:11登录了后台', 1, 1477383063),
(4496, 1, 27278, 1872806714, 'member', 27278, '共青团天津市委员会在2016-10-25 16:17登录了后台', 1, 1477383461),
(4497, 1, 2343, 1971567173, 'member', 2343, '滨海保税区团委在2016-10-25 16:59登录了后台', 1, 1477385969),
(4498, 1, 2, 1872806714, 'member', 2, 'tsw150001在2016-10-26 11:21登录了后台', 1, 1477452073),
(4499, 1, 2428, 1872806714, 'member', 2428, '学校部在2016-10-26 11:22登录了后台', 1, 1477452120),
(4500, 1, 2, 1872806714, 'member', 2, 'tsw150001在2016-10-26 14:42登录了后台', 1, 1477464164),
(4501, 1, 2428, 1872806714, 'member', 2428, '学校部在2016-10-26 14:43登录了后台', 1, 1477464218),
(4502, 1, 2308, 1873063175, 'member', 2308, 'hx020167867在2016-10-30 15:27登录了后台', 1, 1477812445),
(4503, 1, 2343, 1008561690, 'member', 2343, '滨海保税区团委在2016-10-31 14:08登录了后台', 1, 1477894108),
(4504, 1, 1, 1008461101, 'member', 1, '开发者在2016-11-01 14:03登录了后台', 1, 1477980181),
(4505, 1, 2308, 1971563634, 'member', 2308, 'hx020167867在2016-11-02 14:02登录了后台', 1, 1478066570),
(4506, 1, 2308, 1971563634, 'member', 2308, 'hx020167867在2016-11-02 16:00登录了后台', 1, 1478073650),
(4507, 1, 2308, 1971563634, 'member', 2308, 'hx020167867在2016-11-02 16:12登录了后台', 1, 1478074335),
(4508, 1, 2308, 1971563634, 'member', 2308, 'hx020167867在2016-11-02 16:19登录了后台', 1, 1478074749),
(4509, 1, 2308, 1971563634, 'member', 2308, 'hx020167867在2016-11-02 16:40登录了后台', 1, 1478076052),
(4510, 1, 2, 1872806714, 'member', 2, 'tsw150001在2016-11-02 17:20登录了后台', 1, 1478078408),
(4511, 1, 2428, 1872806714, 'member', 2428, '学校部在2016-11-02 17:20登录了后台', 1, 1478078459),
(4512, 1, 2334, 1963709279, 'member', 2334, 'bhqrsx在2016-11-03 09:41登录了后台', 1, 1478137312),
(4513, 1, 1, 1963709279, 'member', 1, '开发者在2016-11-03 09:47登录了后台', 1, 1478137673),
(4514, 1, 2, 1963709279, 'member', 2, 'tsw150001在2016-11-03 09:56登录了后台', 1, 1478138203),
(4515, 1, 2334, 1963709279, 'member', 2334, 'bhqrsx在2016-11-03 10:02登录了后台', 1, 1478138564),
(4516, 1, 1, 1963709279, 'member', 1, '开发者在2016-11-03 10:14登录了后台', 1, 1478139255),
(4517, 1, 1, 1963709279, 'member', 1, '开发者在2016-11-03 16:21登录了后台', 1, 1478161273),
(4518, 1, 1663, 1864253602, 'member', 1663, '自动化与电气工程学院在2016-11-04 10:58登录了后台', 1, 1478228281),
(4519, 1, 2308, 1971563634, 'member', 2308, 'hx020167867在2016-11-04 14:39登录了后台', 1, 1478241583),
(4520, 1, 2308, 1971563634, 'member', 2308, 'hx020167867在2016-11-04 14:41登录了后台', 1, 1478241685),
(4521, 1, 1000, 1971575614, 'member', 1000, '生命科学学院在2016-11-07 08:39登录了后台', 1, 1478479155),
(4522, 1, 27379, 3033844456, 'member', 27379, '天津中科先进技术研究院有限公司在2016-11-07 09:38登录了后台', 1, 1478482705),
(4523, 1, 27379, 3033846087, 'member', 27379, '天津中科先进技术研究院有限公司在2016-11-07 15:27登录了后台', 1, 1478503665),
(4524, 1, 2, 1872806714, 'member', 2, 'tsw150001在2016-11-08 16:27登录了后台', 1, 1478593623),
(4525, 1, 2428, 1872806714, 'member', 2428, '学校部在2016-11-08 16:27登录了后台', 1, 1478593656),
(4526, 1, 2343, 1971567180, 'member', 2343, '滨海保税区团委在2016-11-14 08:33登录了后台', 1, 1479083607),
(4527, 1, 27098, 1929012550, 'member', 27098, 'qrzpxy在2016-11-15 20:39登录了后台', 1, 1479213599),
(4528, 1, 2308, 1971563634, 'member', 2308, 'hx020167867在2016-11-16 08:43登录了后台', 1, 1479257018),
(4529, 1, 2308, 1971563634, 'member', 2308, 'hx020167867在2016-11-16 09:17登录了后台', 1, 1479259041),
(4530, 1, 2308, 1971563634, 'member', 2308, 'hx020167867在2016-11-16 09:22登录了后台', 1, 1479259349),
(4531, 1, 2343, 1971567178, 'member', 2343, '滨海保税区团委在2016-11-21 11:58登录了后台', 1, 1479700680),
(4532, 1, 2308, 1971563634, 'member', 2308, 'hx020167867在2016-11-21 14:28登录了后台', 1, 1479709702),
(4533, 1, 2428, 1872806714, 'member', 2428, '学校部在2016-11-23 08:45登录了后台', 1, 1479861910),
(4534, 1, 2308, 1971563634, 'member', 2308, 'hx020167867在2016-11-23 11:17登录了后台', 1, 1479871043),
(4535, 1, 2428, 1872806714, 'member', 2428, '学校部在2016-11-23 14:54登录了后台', 1, 1479884056),
(4536, 1, 2308, 1971563634, 'member', 2308, 'hx020167867在2016-11-25 14:59登录了后台', 1, 1480057191),
(4537, 1, 2308, 1971563634, 'member', 2308, 'hx020167867在2016-11-28 09:03登录了后台', 1, 1480295023),
(4538, 1, 2337, 3723438606, 'member', 2337, 'bc090164138在2016-12-01 18:43登录了后台', 1, 1480589027),
(4539, 1, 27379, 1864401794, 'member', 27379, '天津中科先进技术研究院有限公司在2016-12-02 10:38登录了后台', 1, 1480646291),
(4540, 1, 1, 0, 'member', 1, '开发者在2016-12-27 14:31登录了后台', 1, 1482820288),
(4541, 1, 1, 0, 'member', 1, '开发者在2017-02-27 11:18登录了后台', 1, 1488165538),
(4542, 1, 1, 0, 'member', 1, '开发者在2017-03-01 14:12登录了后台', 1, 1488348736),
(4543, 1, 1, 0, 'member', 1, '开发者在2017-03-09 09:55登录了后台', 1, 1489024530),
(4544, 1, 1, 0, 'member', 1, '开发者在2017-04-01 11:37登录了后台', 1, 1491017859),
(4545, 1, 1, 0, 'member', 1, '开发者在2017-04-02 23:31登录了后台', 1, 1491147112),
(4546, 1, 1, 0, 'member', 1, '开发者在2017-04-22 22:43登录了后台', 1, 1492872197),
(4547, 1, 1, 0, 'member', 1, '开发者在2017-04-23 08:45登录了后台', 1, 1492908331),
(4548, 1, 1, 0, 'member', 1, '开发者在2017-05-04 15:47登录了后台', 1, 1493884034),
(4549, 1, 1, 0, 'member', 1, '开发者在2017-06-05 20:35登录了后台', 1, 1496666113),
(4550, 1, 1, 0, 'member', 1, '开发者在2017-06-21 21:59登录了后台', 1, 1498053589),
(4551, 10, 1, 0, 'Menu', 0, '操作url：/cktj/index.php/Admin/Menu/del.html', 1, 1498054383),
(4552, 8, 1, 0, 'attribute', 402770, '操作url：/cktj/index.php/Admin/Attribute/remove/id/402770.html', 1, 1498055130),
(4553, 8, 1, 0, 'attribute', 402769, '操作url：/cktj/index.php/Admin/Attribute/remove/id/402769.html', 1, 1498055133),
(4554, 8, 1, 0, 'attribute', 402768, '操作url：/cktj/index.php/Admin/Attribute/remove/id/402768.html', 1, 1498055137),
(4555, 1, 1, 0, 'member', 1, '开发者在2017-06-21 22:41登录了后台', 1, 1498056119),
(4556, 1, 1, 0, 'member', 1, '开发者在2017-06-21 22:42登录了后台', 1, 1498056179),
(4557, 1, 1, 0, 'member', 1, '开发者在2017-06-21 22:43登录了后台', 1, 1498056236),
(4558, 1, 1, 0, 'member', 1, '开发者在2017-06-23 20:11登录了后台', 1, 1498219871),
(4559, 1, 1, 0, 'member', 1, '开发者在2017-06-24 16:09登录了后台', 1, 1498291791),
(4560, 1, 1, 0, 'member', 1, '开发者在2017-07-08 10:26登录了后台', 1, 1499480762);

-- --------------------------------------------------------

--
-- 表的结构 `jdi_addons`
--

CREATE TABLE `jdi_addons` (
  `id` int(10) UNSIGNED NOT NULL COMMENT '主键',
  `name` varchar(40) NOT NULL COMMENT '插件名或标识',
  `title` varchar(20) NOT NULL DEFAULT '' COMMENT '中文名',
  `description` text COMMENT '插件描述',
  `status` tinyint(1) NOT NULL DEFAULT '1' COMMENT '状态',
  `config` text COMMENT '配置',
  `author` varchar(40) DEFAULT '' COMMENT '作者',
  `version` varchar(20) DEFAULT '' COMMENT '版本号',
  `create_time` int(10) UNSIGNED NOT NULL DEFAULT '0' COMMENT '安装时间',
  `has_adminlist` tinyint(1) UNSIGNED NOT NULL DEFAULT '0' COMMENT '是否有后台列表'
) ENGINE=MyISAM DEFAULT CHARSET=utf8 COMMENT='插件表';

--
-- 转存表中的数据 `jdi_addons`
--

INSERT INTO `jdi_addons` (`id`, `name`, `title`, `description`, `status`, `config`, `author`, `version`, `create_time`, `has_adminlist`) VALUES
(25, 'IPlistener', '来访记录', '记录来访者的IP等信息', 1, '{"iptime":"10"}', 'tp', '0.1', 1422867149, 1),
(28, 'ApiDoc', 'api文档生成器', '生成模块api文档', 1, '{"url":"http:\\/\\/192.168.99.37\\/zmjh\\/api.php"}', 'tiptimes', '0.1', 1425452129, 1),
(41, 'SiteStat', '站点统计信息', '统计站点的基础信息', 1, '{"title":"\\u7cfb\\u7edf\\u4fe1\\u606f","width":"2","display":"1"}', 'thinkphp', '0.1', 1498056526, 0);

-- --------------------------------------------------------

--
-- 表的结构 `jdi_app_client`
--

CREATE TABLE `jdi_app_client` (
  `id` int(10) UNSIGNED NOT NULL COMMENT '主键',
  `name` varchar(255) NOT NULL COMMENT '客户端名称',
  `type` char(50) NOT NULL COMMENT '客户端类型',
  `file` int(10) UNSIGNED NOT NULL COMMENT '客户端安装包',
  `version` char(100) NOT NULL COMMENT '客户端版本',
  `description` text NOT NULL COMMENT '客户端描述',
  `create_time` int(10) UNSIGNED NOT NULL COMMENT '创建时间',
  `update_time` int(10) UNSIGNED NOT NULL COMMENT '更新时间',
  `download_num` int(10) UNSIGNED NOT NULL DEFAULT '0' COMMENT '下载次数',
  `status` tinyint(1) NOT NULL DEFAULT '1' COMMENT '数据状态',
  `code` int(10) UNSIGNED NOT NULL COMMENT '版本代码'
) ENGINE=MyISAM DEFAULT CHARSET=utf8 ROW_FORMAT=DYNAMIC;

--
-- 转存表中的数据 `jdi_app_client`
--

INSERT INTO `jdi_app_client` (`id`, `name`, `type`, `file`, `version`, `description`, `create_time`, `update_time`, `download_num`, `status`, `code`) VALUES
(1, 'Android客户端', '1', 7, '1.0beta', '逐梦客户端', 1432093714, 1432373098, 30, 1, 6),
(2, '逐梦计划Android客户端', '1', 8, '1.0beta', '服务器地址更新。', 1434509136, 1434509136, 46, 1, 7),
(3, 'Android客户端', '1', 9, '1.0beta', '逐梦计划android客户端', 1436846094, 1436846121, 6, 1, 7),
(4, '逐梦计划', '1', 10, '1.0beta', '更新.', 1445761251, 1445761251, 9, 1, 9),
(5, '青锐成长', '1', 28, '20', '更新', 1464055512, 1464055512, 2, 1, 20),
(6, '青锐成长', '1', 29, '1.0', 'update', 1464061806, 1464061806, 474, 1, 21),
(7, '青锐成长', '1', 31, '1.2', 'update', 1467600180, 1467600180, 555, 1, 23),
(8, '青锐成长', '1', 39, '2.20', 'update', 1472093664, 1472205136, 337, 1, 26),
(9, '青锐成长', '1', 48, '2.21', '升级', 1473750198, 1473750442, 43, -1, 27),
(10, '青锐成长', '1', 48, '2.21', 'update', 1473851353, 1473851353, 173, 1, 27),
(11, '青锐成长', '2', 59, '2.2.3', '青锐成长', 1474340677, 1474341211, 0, 1, 27);

-- --------------------------------------------------------

--
-- 表的结构 `jdi_app_notice`
--

CREATE TABLE `jdi_app_notice` (
  `id` int(10) UNSIGNED NOT NULL COMMENT '主键',
  `title` varchar(255) NOT NULL COMMENT '推送标题',
  `content` text NOT NULL COMMENT '推送内容',
  `extra` varchar(255) NOT NULL COMMENT '额外参数',
  `create_time` int(10) UNSIGNED NOT NULL COMMENT '创建时间',
  `push_time` int(10) UNSIGNED NOT NULL COMMENT '推送时间'
) ENGINE=MyISAM DEFAULT CHARSET=utf8 ROW_FORMAT=DYNAMIC;

-- --------------------------------------------------------

--
-- 表的结构 `jdi_article_picture`
--

CREATE TABLE `jdi_article_picture` (
  `id` int(10) UNSIGNED NOT NULL COMMENT '主键',
  `title` varchar(255) NOT NULL COMMENT '标题',
  `uid` int(10) UNSIGNED NOT NULL COMMENT '发布用户id',
  `category_id` int(10) UNSIGNED NOT NULL COMMENT '所属分类',
  `description` varchar(255) NOT NULL COMMENT '描述',
  `link` varchar(255) NOT NULL COMMENT '外链',
  `deadline` int(10) NOT NULL COMMENT '截止时间',
  `view` int(10) UNSIGNED NOT NULL DEFAULT '0' COMMENT '浏览数量',
  `create_time` int(10) UNSIGNED NOT NULL COMMENT '创建时间',
  `update_time` int(10) UNSIGNED NOT NULL COMMENT '更新时间',
  `url` varchar(255) NOT NULL COMMENT '内容页面url',
  `status` tinyint(1) UNSIGNED NOT NULL DEFAULT '1' COMMENT '状态',
  `picture` text COMMENT '图片',
  `weight` int(10) NOT NULL DEFAULT '0' COMMENT '权重',
  `is_up` tinyint(2) NOT NULL DEFAULT '0' COMMENT '是否置顶',
  `list_color` char(10) NOT NULL COMMENT '列表页颜色',
  `title_color` char(10) NOT NULL COMMENT '内容页颜色'
) ENGINE=MyISAM DEFAULT CHARSET=utf8 ROW_FORMAT=DYNAMIC;

-- --------------------------------------------------------

--
-- 表的结构 `jdi_attribute`
--

CREATE TABLE `jdi_attribute` (
  `id` int(10) UNSIGNED NOT NULL,
  `name` varchar(30) NOT NULL DEFAULT '' COMMENT '字段名',
  `title` varchar(100) NOT NULL DEFAULT '' COMMENT '字段注释',
  `field` varchar(100) NOT NULL DEFAULT '' COMMENT '字段定义',
  `type` varchar(20) NOT NULL DEFAULT '' COMMENT '数据类型',
  `value` varchar(100) NOT NULL DEFAULT '' COMMENT '字段默认值',
  `remark` varchar(100) NOT NULL DEFAULT '' COMMENT '备注',
  `is_show` tinyint(1) UNSIGNED NOT NULL DEFAULT '1' COMMENT '是否显示',
  `extra` varchar(255) NOT NULL DEFAULT '' COMMENT '参数',
  `model_id` int(10) UNSIGNED NOT NULL DEFAULT '0' COMMENT '模型id',
  `is_must` tinyint(1) UNSIGNED NOT NULL DEFAULT '0' COMMENT '是否必填',
  `status` tinyint(2) NOT NULL DEFAULT '0' COMMENT '状态',
  `update_time` int(11) UNSIGNED NOT NULL DEFAULT '0' COMMENT '更新时间',
  `create_time` int(11) UNSIGNED NOT NULL DEFAULT '0' COMMENT '创建时间',
  `validate_rule` varchar(255) NOT NULL DEFAULT '',
  `validate_time` tinyint(1) UNSIGNED NOT NULL DEFAULT '0',
  `error_info` varchar(100) NOT NULL DEFAULT '',
  `validate_type` varchar(25) NOT NULL DEFAULT '',
  `auto_rule` varchar(100) NOT NULL DEFAULT '',
  `auto_time` tinyint(1) UNSIGNED NOT NULL DEFAULT '0',
  `auto_type` varchar(25) NOT NULL DEFAULT '',
  `validate_condition` tinyint(1) NOT NULL DEFAULT '0' COMMENT '验证条件'
) ENGINE=MyISAM DEFAULT CHARSET=utf8 COMMENT='模型属性表';

--
-- 转存表中的数据 `jdi_attribute`
--

INSERT INTO `jdi_attribute` (`id`, `name`, `title`, `field`, `type`, `value`, `remark`, `is_show`, `extra`, `model_id`, `is_must`, `status`, `update_time`, `create_time`, `validate_rule`, `validate_time`, `error_info`, `validate_type`, `auto_rule`, `auto_time`, `auto_type`, `validate_condition`) VALUES
(82, 'title', '标题', 'varchar(255) NOT NULL', 'string', '', '', 1, '', 18, 1, 1, 1418891555, 1418802074, '', 3, '', 'regex', '', 3, 'function', 0),
(83, 'uid', '发布用户id', 'int(10) UNSIGNED NOT NULL', 'num', '', '', 0, '', 18, 1, 1, 1418803756, 1418802189, '', 3, '', 'regex', '', 3, 'function', 0),
(84, 'category_id', '所属分类', 'int(10) UNSIGNED NOT NULL', 'num', '', '', 0, '', 18, 1, 1, 1418802338, 1418802338, '', 3, '', 'regex', '', 3, 'function', 0),
(85, 'description', '描述', 'varchar(255) NOT NULL', 'string', '', '内容描述', 1, '', 18, 0, 1, 1418966250, 1418802392, '0,255', 3, '', 'length', '', 3, 'function', 2),
(86, 'link', '外链', 'varchar(255) NOT NULL', 'string', '', '', 1, '', 18, 0, 1, 1418865687, 1418802915, 'url', 3, 'url格式错误', 'regex', '', 3, 'function', 2),
(87, 'deadline', '截止时间', 'int(10) NOT NULL', 'date', '', '文章的显示截至日期,不写则代表永久有效', 1, '', 18, 0, 1, 1418890382, 1418803034, '', 3, '', 'regex', '', 3, 'function', 0),
(88, 'view', '浏览数量', 'int(10) UNSIGNED NOT NULL', 'num', '0', '', 1, '', 18, 0, 1, 1418866062, 1418803184, '/^([1-9]\\d*)|0$/', 3, '浏览次数必须是正整数', 'regex', '', 3, 'function', 0),
(89, 'create_time', '创建时间', 'int(10) UNSIGNED NOT NULL', 'date', '', '如果不写则默认为当前时间', 2, '', 18, 0, 1, 1418865962, 1418803555, '', 3, '', 'regex', 'time', 1, 'function', 0),
(90, 'update_time', '更新时间', 'int(10) UNSIGNED NOT NULL', 'num', '', '', 0, '', 18, 0, 1, 1418803597, 1418803597, '', 3, '', 'regex', 'time', 3, 'function', 0),
(91, 'url', '内容页面url', 'varchar(255) NOT NULL', 'string', '', '', 0, '', 18, 0, 1, 1418866509, 1418866472, '', 3, '', 'regex', '', 3, 'function', 0),
(92, 'status', '状态', 'tinyint(1) UNSIGNED NOT NULL', 'num', '1', '状态', 0, '', 18, 0, 1, 1418887579, 1418882734, '', 3, '', 'regex', '', 3, 'function', 0),
(131, 'url', '内容页面url', 'varchar(255) NOT NULL', 'string', '', '', 0, '', 22, 0, 1, 1418866509, 1418866472, '', 3, '', 'regex', '', 3, 'function', 0),
(130, 'update_time', '更新时间', 'int(10) UNSIGNED NOT NULL', 'num', '', '', 0, '', 22, 0, 1, 1418803597, 1418803597, '', 3, '', 'regex', 'time', 3, 'function', 0),
(128, 'view', '浏览数量', 'int(10) UNSIGNED NOT NULL', 'num', '0', '', 1, '', 22, 0, 1, 1418866062, 1418803184, '/^([1-9]\\d*)|0$/', 3, '浏览次数必须是正整数', 'regex', '', 3, 'function', 0),
(127, 'deadline', '截止时间', 'int(10) NOT NULL', 'date', '', '文章的显示截至日期,不写则代表永久有效', 1, '', 22, 0, 1, 1418890382, 1418803034, '', 3, '', 'regex', '', 3, 'function', 0),
(126, 'link', '外链', 'varchar(255) NOT NULL', 'string', '', '', 1, '', 22, 0, 1, 1418865687, 1418802915, 'url', 3, 'url格式错误', 'regex', '', 3, 'function', 2),
(125, 'description', '描述', 'varchar(255) NOT NULL', 'string', '', '内容描述', 1, '', 22, 0, 1, 1418966250, 1418802392, '0,255', 3, '', 'length', '', 3, 'function', 2),
(124, 'category_id', '所属分类', 'int(10) UNSIGNED NOT NULL', 'num', '', '', 0, '', 22, 1, 1, 1418802338, 1418802338, '', 3, '', 'regex', '', 3, 'function', 0),
(123, 'uid', '发布用户id', 'int(10) UNSIGNED NOT NULL', 'num', '', '', 0, '', 22, 1, 1, 1418803756, 1418802189, '', 3, '', 'regex', '', 3, 'function', 0),
(122, 'title', '标题', 'varchar(255) NOT NULL', 'string', '', '', 1, '', 22, 1, 1, 1418891555, 1418802074, '', 3, '', 'regex', '', 3, 'function', 0),
(129, 'create_time', '创建时间', 'int(10) UNSIGNED NOT NULL', 'date', '', '如果不写则默认为当前时间', 2, '', 22, 0, 1, 1418865962, 1418803555, '', 3, '', 'regex', 'time', 1, 'function', 0),
(132, 'status', '状态', 'tinyint(1) UNSIGNED NOT NULL', 'num', '1', '状态', 0, '', 22, 0, 1, 1418887579, 1418882734, '', 3, '', 'regex', '', 3, 'function', 0),
(133, 'file', '文件', 'int(10) UNSIGNED NOT NULL', 'file', '', '', 1, '', 22, 1, 1, 1418979125, 1418978785, '', 3, '', 'regex', '', 3, 'function', 0),
(237, 'weight', '权重', 'int(10) UNSIGNED NOT NULL', 'num', '0', '权重越大,排位越靠前', 1, '', 22, 0, 1, 1422868639, 1421066265, '', 3, '', 'regex', '', 1, 'function', 0),
(236, 'weight', '权重', 'int(10) UNSIGNED NOT NULL', 'num', '0', '权重越大,排位越靠前', 1, '', 18, 0, 1, 1421066543, 1421066228, '', 3, '', 'regex', 'setWeight', 1, 'function', 0),
(240, 'url', '内容页面url', 'varchar(255) NOT NULL', 'string', '', '', 0, '', 32, 0, 1, 1418866509, 1418866472, '', 3, '', 'regex', '', 3, 'function', 0),
(241, 'update_time', '更新时间', 'int(10) UNSIGNED NOT NULL', 'num', '', '', 0, '', 32, 0, 1, 1418803597, 1418803597, '', 3, '', 'regex', 'time', 3, 'function', 0),
(242, 'view', '浏览数量', 'int(10) UNSIGNED NOT NULL', 'num', '0', '', 1, '', 32, 0, 1, 1418866062, 1418803184, '/^([1-9]\\d*)|0$/', 3, '浏览次数必须是正整数', 'regex', '', 3, 'function', 0),
(243, 'deadline', '截止时间', 'int(10) NOT NULL', 'date', '', '文章的显示截至日期,不写则代表永久有效', 1, '', 32, 0, 1, 1418890382, 1418803034, '', 3, '', 'regex', '', 3, 'function', 0),
(244, 'link', '外链', 'varchar(255) NOT NULL', 'string', '', '', 1, '', 32, 0, 1, 1418865687, 1418802915, 'url', 3, 'url格式错误', 'regex', '', 3, 'function', 2),
(245, 'description', '描述', 'varchar(255) NOT NULL', 'string', '', '内容描述', 1, '', 32, 0, 1, 1418966250, 1418802392, '0,255', 3, '', 'length', '', 3, 'function', 2),
(246, 'category_id', '所属分类', 'int(10) UNSIGNED NOT NULL', 'num', '', '', 0, '', 32, 1, 1, 1418802338, 1418802338, '', 3, '', 'regex', '', 3, 'function', 0),
(247, 'uid', '发布用户id', 'int(10) UNSIGNED NOT NULL', 'num', '', '', 0, '', 32, 1, 1, 1418803756, 1418802189, '', 3, '', 'regex', '', 3, 'function', 0),
(248, 'title', '标题', 'varchar(255) NOT NULL', 'string', '', '', 1, '', 32, 1, 1, 1418891555, 1418802074, '', 3, '', 'regex', '', 3, 'function', 0),
(249, 'create_time', '创建时间', 'int(10) UNSIGNED NOT NULL', 'date', '', '如果不写则默认为当前时间', 2, '', 32, 0, 1, 1418865962, 1418803555, '', 3, '', 'regex', 'time', 1, 'function', 0),
(250, 'status', '状态', 'tinyint(1) UNSIGNED NOT NULL', 'num', '1', '状态', 0, '', 32, 0, 1, 1418887579, 1418882734, '', 3, '', 'regex', '', 3, 'function', 0),
(251, 'picture', '图片', 'text', 'multiPicture', '', '', 1, '', 32, 1, 1, 1421650895, 1418978785, '', 3, '您至少上传一张图片', 'regex', '', 3, 'function', 0),
(252, 'weight', '权重', 'int(10) NOT NULL', 'num', '0', '权重越大,排位越靠前', 1, '', 32, 0, 1, 1421661867, 1421066265, '/^(-?[1-9]\\d*)|0$/', 3, '权重必须是数字', 'regex', '', 1, 'function', 0),
(253, 'is_up', '是否置顶', 'tinyint(2) NOT NULL', 'bool', '0', '', 1, '0:否\r\n1:是', 32, 0, 1, 1421666583, 1421661622, '', 3, '', 'regex', '', 3, 'function', 0),
(254, 'list_color', '列表页颜色', 'char(10)  NOT NULL', 'color', '', '', 1, '', 32, 0, 1, 1421661707, 1421661646, '', 3, '', 'regex', '', 3, 'function', 0),
(255, 'title_color', '内容页颜色', 'char(10)  NOT NULL', 'color', '', '', 1, '', 32, 0, 1, 1421661687, 1421661687, '', 3, '', 'regex', '', 3, 'function', 0),
(256, 'recommand', '是否推荐', 'tinyint(1) UNSIGNED NOT NULL', 'num', '0', '', 0, '', 22, 0, 1, 1430099083, 1422241670, '', 3, '', 'regex', '', 3, 'function', 0),
(311, 'name', '客户端名称', 'varchar(255) NOT NULL', 'string', '', '客户端名称', 1, '', 40, 1, 1, 1426479756, 1426479756, '', 3, '', 'regex', '', 3, 'function', 0),
(312, 'type', '客户端类型', 'char(50) NOT NULL', 'select', '', '客户端类型', 1, '1:android\r\n2:ios', 40, 1, 1, 1426479811, 1426479811, '', 3, '', 'regex', '', 3, 'function', 0),
(313, 'file', '客户端安装包', 'int(10) UNSIGNED NOT NULL', 'file', '', '客户端安装包,客户默认下载最新添加的客户端.当有新版本更新的时候只需添加新的版本即可', 1, '', 40, 1, 1, 1426483193, 1426479850, '', 3, '', 'regex', '', 3, 'function', 0),
(314, 'version', '客户端版本', 'char(100) NOT NULL', 'string', '', '客户端版本', 1, '', 40, 1, 1, 1426479899, 1426479899, '', 3, '', 'regex', '', 3, 'function', 0),
(315, 'description', '客户端描述', 'text NOT NULL', 'textarea', '', '客户端说明', 1, '', 40, 1, 1, 1426479943, 1426479943, '', 3, '', 'regex', '', 3, 'function', 0),
(316, 'create_time', '创建时间', 'int(10) UNSIGNED NOT NULL', 'num', '', '', 0, '', 40, 0, 1, 1426482892, 1426482892, '', 3, '', 'regex', 'time', 1, 'function', 0),
(317, 'update_time', '更新时间', 'int(10) UNSIGNED NOT NULL', 'num', '', '', 0, '', 40, 0, 1, 1426482913, 1426482913, '', 3, '', 'regex', 'time', 3, 'function', 0),
(318, 'download_num', '下载次数', 'int(10) UNSIGNED NOT NULL', 'num', '0', '', 0, '', 40, 0, 1, 1426485655, 1426485655, '', 3, '', 'regex', '', 3, 'function', 0),
(319, 'status', '数据状态', 'tinyint(1) NOT NULL', 'num', '1', '', 0, '', 40, 0, 1, 1426485858, 1426485858, '', 3, '', 'regex', '', 3, 'function', 0),
(320, 'code', '版本代码', 'int(10) UNSIGNED NOT NULL', 'num', '', '版本代码用于升级检查', 1, '', 40, 1, 1, 1426486122, 1426486122, '', 3, '', 'regex', '', 3, 'function', 0),
(402681, 'is_up', '是否置顶', 'tinyint(1)', 'num', '0', '', 1, '', 18, 0, 1, 1428641567, 1428641567, '', 3, '', 'regex', '', 3, 'function', 0),
(402724, 'title', '推送标题', 'varchar(255) NOT NULL', 'string', '', '', 1, '', 60, 1, 1, 1430209004, 1430209004, '', 3, '', 'regex', '', 3, 'function', 0),
(402725, 'content', '推送内容', 'text NOT NULL', 'textarea', '', '', 1, '', 60, 0, 1, 1430209038, 1430209038, '', 3, '', 'regex', '', 3, 'function', 0),
(402726, 'extra', '额外参数', 'varchar(255) NOT NULL', 'string', '', '', 1, '', 60, 0, 1, 1430209082, 1430209082, '', 3, '', 'regex', '', 3, 'function', 0),
(402727, 'create_time', '创建时间', 'int(10) UNSIGNED NOT NULL', 'num', '', '', 0, '', 60, 0, 1, 1430209120, 1430209120, '', 3, '', 'regex', 'time', 3, 'function', 0),
(402728, 'push_time', '推送时间', 'int(10) UNSIGNED NOT NULL', 'num', '', '', 0, '', 60, 0, 1, 1430209132, 1430209132, '', 3, '', 'regex', 'time', 3, 'function', 0),
(402729, 'status', '状态', 'tiny(1) NOT NULL', 'num', '', '', 0, '', 60, 0, 1, 1430209167, 1430209167, '', 3, '', 'regex', 'time', 3, 'function', 0);

-- --------------------------------------------------------

--
-- 表的结构 `jdi_auth_extend`
--

CREATE TABLE `jdi_auth_extend` (
  `group_id` mediumint(10) UNSIGNED NOT NULL COMMENT '用户id',
  `extend_id` mediumint(8) UNSIGNED NOT NULL COMMENT '扩展表中数据的id',
  `type` tinyint(1) UNSIGNED NOT NULL COMMENT '扩展类型标识 1:栏目分类权限;2:模型权限'
) ENGINE=MyISAM DEFAULT CHARSET=utf8 COMMENT='用户组与分类的对应关系表';

--
-- 转存表中的数据 `jdi_auth_extend`
--

INSERT INTO `jdi_auth_extend` (`group_id`, `extend_id`, `type`) VALUES
(11, 29, 2),
(12, 3, 1),
(12, 39, 2),
(13, 33, 2),
(14, 3, 1),
(14, 4, 1),
(14, 6, 1),
(14, 7, 1),
(14, 9, 1),
(15, 2, 1),
(15, 3, 1),
(15, 3, 2),
(15, 4, 1),
(15, 6, 1),
(15, 8, 1),
(15, 9, 2),
(15, 11, 2),
(16, 4, 2),
(17, 2, 2),
(18, 7, 2),
(19, 16, 1),
(20, 15, 1);

-- --------------------------------------------------------

--
-- 表的结构 `jdi_auth_group`
--

CREATE TABLE `jdi_auth_group` (
  `id` mediumint(8) UNSIGNED NOT NULL COMMENT '用户组id,自增主键',
  `module` varchar(20) NOT NULL COMMENT '用户组所属模块',
  `type` tinyint(4) NOT NULL COMMENT '组类型',
  `title` char(20) NOT NULL DEFAULT '' COMMENT '用户组中文名称',
  `description` varchar(80) NOT NULL DEFAULT '' COMMENT '描述信息',
  `status` tinyint(1) NOT NULL DEFAULT '1' COMMENT '用户组状态：为1正常，为0禁用,-1为删除',
  `rules` varchar(500) NOT NULL DEFAULT '' COMMENT '用户组拥有的规则id，多个规则 , 隔开'
) ENGINE=MyISAM DEFAULT CHARSET=utf8;

--
-- 转存表中的数据 `jdi_auth_group`
--

INSERT INTO `jdi_auth_group` (`id`, `module`, `type`, `title`, `description`, `status`, `rules`) VALUES
(10, 'admin', 1, '超级管理员', '', 1, '358,359,360,361,362,363,364,365,366,367,368,369,370,371,372,373,374,375,376,377,378,379,380,381,382,383,384,385,386,387,388,389,390,391,392,393,394,395,396,397,398,399,400,401,402,403,404,405,406,407,408,409,410,411,412,413,414,415,417,419,421,423,424,425,426'),
(11, 'admin', 1, '测试', '测试', -1, ''),
(12, 'admin', 1, '佰邦管理员', '', -1, ',15,16,17,18,19,20,21,22,23,24,25,26,27,28,29,30,31,32,45,47,48,50,66,68'),
(13, 'admin', 1, '企业用户', '企业用户组', -1, '67'),
(14, 'admin', 1, '高级管理员', '', 1, '1,2,3,4,5,6,7,8,9,10,11,12,13,14,15,16,19,20,21,22,23,24,25,32,33,34,35,39,40,41,42,43,45,46,47,48,49,50,51,52,53,54,55,56,57,58,59,60,61,62,63,64,66,73,78,87,88,89,90,91,92,94,98,99,100,101,103,104'),
(15, 'admin', 1, '团市委', '', 1, ',11,20,21,22,23,24,25,45,46'),
(16, 'admin', 1, '区县团委', '', 1, '46'),
(17, 'admin', 1, '校团委', '', 1, ''),
(18, 'admin', 1, '院团委', '', 1, ''),
(19, 'admin', 1, '青锐易就业', '', 1, '20,21,22,23,24,25,45,46'),
(20, 'admin', 1, '青锐职派学院', '', 1, '20,21,22,23,24,25,45,46');

-- --------------------------------------------------------

--
-- 表的结构 `jdi_auth_group_access`
--

CREATE TABLE `jdi_auth_group_access` (
  `uid` int(10) UNSIGNED NOT NULL COMMENT '用户id',
  `group_id` mediumint(8) UNSIGNED NOT NULL COMMENT '用户组id'
) ENGINE=MyISAM DEFAULT CHARSET=utf8;

--
-- 转存表中的数据 `jdi_auth_group_access`
--

INSERT INTO `jdi_auth_group_access` (`uid`, `group_id`) VALUES
(0, 17),
(0, 18),
(2, 15),
(3, 17),
(4, 17),
(5, 17),
(6, 17),
(7, 17),
(8, 17),
(9, 17),
(10, 17),
(11, 17),
(12, 17),
(13, 17),
(14, 17),
(15, 17),
(16, 17),
(17, 17),
(18, 17),
(19, 17),
(20, 17),
(21, 17),
(22, 17),
(23, 17),
(24, 17),
(25, 17),
(26, 17),
(27, 17),
(28, 17),
(29, 17),
(30, 17),
(31, 17),
(32, 17),
(33, 17),
(34, 17),
(35, 17),
(36, 17),
(37, 17),
(38, 17),
(39, 17),
(40, 17),
(41, 17),
(42, 17),
(43, 17),
(44, 17),
(45, 17),
(46, 17),
(47, 17),
(48, 17),
(49, 17),
(50, 17),
(51, 17),
(52, 17),
(53, 17),
(54, 17),
(55, 17),
(56, 17),
(57, 17),
(58, 17),
(59, 17),
(60, 17),
(61, 17),
(62, 17),
(63, 17),
(64, 17),
(65, 17),
(66, 17),
(67, 17),
(68, 17),
(69, 17),
(70, 17),
(71, 17),
(72, 17),
(73, 17),
(74, 17),
(75, 17),
(76, 17),
(77, 17),
(78, 17),
(79, 17),
(80, 17),
(81, 17),
(82, 17),
(83, 17),
(84, 18),
(85, 18),
(86, 18),
(87, 18),
(88, 18),
(89, 18),
(90, 18),
(91, 18),
(92, 18),
(93, 18),
(94, 18),
(95, 18),
(96, 18),
(97, 18),
(98, 18),
(99, 18),
(100, 18),
(101, 18),
(102, 18),
(103, 18),
(104, 18),
(105, 18),
(106, 18),
(107, 18),
(108, 18),
(109, 18),
(110, 18),
(111, 18),
(112, 18),
(113, 18),
(114, 18),
(115, 18),
(116, 18),
(117, 18),
(118, 18),
(119, 18),
(120, 18),
(121, 18),
(122, 18),
(123, 18),
(124, 18),
(125, 18),
(126, 18),
(127, 18),
(128, 18),
(129, 18),
(130, 18),
(131, 18),
(132, 18),
(133, 18),
(134, 18),
(135, 18),
(136, 18),
(137, 18),
(138, 18),
(139, 18),
(140, 18),
(141, 18),
(142, 18),
(143, 18),
(144, 18),
(145, 18),
(146, 18),
(147, 18),
(148, 18),
(149, 18),
(150, 18),
(151, 18),
(152, 18),
(153, 18),
(154, 18),
(155, 18),
(156, 18),
(157, 18),
(158, 18),
(159, 18),
(160, 18),
(161, 18),
(162, 18),
(163, 18),
(164, 18),
(165, 18),
(166, 18),
(167, 18),
(168, 18),
(169, 18),
(170, 18),
(171, 18),
(172, 18),
(173, 18),
(174, 18),
(175, 18),
(176, 18),
(177, 18),
(178, 18),
(179, 18),
(180, 18),
(181, 18),
(182, 18),
(183, 18),
(184, 18),
(185, 18),
(186, 18),
(187, 18),
(188, 18),
(189, 18),
(190, 18),
(191, 18),
(192, 18),
(193, 18),
(194, 18),
(195, 18),
(196, 18),
(197, 18),
(198, 18),
(199, 18),
(200, 18),
(201, 18),
(202, 18),
(203, 18),
(204, 18),
(205, 18),
(206, 18),
(207, 18),
(208, 18),
(209, 18),
(210, 18),
(211, 18),
(212, 18),
(213, 18),
(214, 18),
(215, 18),
(216, 18),
(217, 18),
(218, 18),
(219, 18),
(220, 18),
(221, 18),
(222, 18),
(223, 18),
(224, 18),
(225, 18),
(226, 18),
(227, 18),
(228, 18),
(229, 18),
(230, 18),
(231, 18),
(232, 18),
(233, 18),
(234, 18),
(235, 18),
(236, 18),
(237, 18),
(238, 18),
(239, 18),
(240, 18),
(241, 18),
(242, 18),
(243, 18),
(244, 18),
(245, 18),
(246, 18),
(247, 18),
(248, 18),
(249, 18),
(250, 18),
(251, 18),
(252, 18),
(253, 18),
(254, 18),
(255, 18),
(256, 18),
(257, 18),
(258, 18),
(259, 18),
(260, 18),
(261, 18),
(262, 18),
(263, 18),
(264, 18),
(265, 18),
(266, 18),
(267, 18),
(268, 18),
(269, 18),
(270, 18),
(271, 18),
(272, 18),
(273, 18),
(274, 18),
(275, 18),
(276, 18),
(277, 18),
(278, 18),
(279, 18),
(280, 18),
(281, 18),
(282, 18),
(283, 18),
(284, 18),
(285, 18),
(286, 18),
(287, 18),
(288, 18),
(289, 18),
(290, 18),
(291, 18),
(292, 18),
(293, 18),
(294, 18),
(295, 18),
(296, 18),
(297, 18),
(298, 18),
(299, 18),
(300, 18),
(301, 18),
(302, 18),
(303, 18),
(304, 18),
(305, 18),
(306, 18),
(307, 18),
(308, 18),
(309, 18),
(310, 18),
(311, 18),
(312, 18),
(313, 18),
(314, 18),
(315, 18),
(316, 18),
(317, 18),
(318, 18),
(319, 18),
(320, 18),
(321, 18),
(322, 18),
(323, 18),
(324, 18),
(325, 18),
(326, 18),
(327, 18),
(328, 18),
(329, 18),
(330, 18),
(331, 18),
(332, 18),
(333, 18),
(334, 18),
(335, 18),
(336, 18),
(337, 18),
(338, 18),
(339, 18),
(340, 18),
(341, 18),
(342, 18),
(343, 18),
(344, 18),
(345, 18),
(346, 18),
(347, 18),
(348, 18),
(349, 18),
(350, 18),
(351, 18),
(352, 18),
(353, 18),
(354, 18),
(355, 18),
(356, 18),
(357, 18),
(358, 18),
(359, 18),
(360, 18),
(361, 18),
(362, 18),
(363, 18),
(364, 18),
(365, 18),
(366, 18),
(367, 18),
(368, 18),
(369, 18),
(370, 18),
(371, 18),
(372, 18),
(373, 18),
(374, 18),
(375, 18),
(376, 18),
(377, 18),
(378, 18),
(379, 18),
(380, 18),
(381, 18),
(382, 18),
(383, 18),
(384, 18),
(385, 18),
(386, 18),
(387, 18),
(388, 18),
(389, 18),
(390, 18),
(391, 18),
(392, 18),
(393, 18),
(394, 18),
(395, 18),
(396, 18),
(397, 18),
(398, 18),
(399, 18),
(400, 18),
(401, 18),
(402, 18),
(403, 18),
(404, 18),
(405, 18),
(406, 18),
(407, 18),
(408, 18),
(409, 18),
(410, 18),
(411, 18),
(412, 18),
(413, 18),
(414, 18),
(415, 18),
(416, 18),
(417, 18),
(418, 18),
(419, 18),
(420, 18),
(421, 18),
(422, 18),
(423, 18),
(424, 18),
(425, 18),
(426, 18),
(427, 18),
(428, 18),
(429, 18),
(430, 18),
(431, 18),
(432, 18),
(433, 18),
(434, 18),
(435, 18),
(436, 18),
(437, 18),
(438, 18),
(439, 18),
(440, 18),
(441, 18),
(442, 18),
(443, 18),
(444, 18),
(445, 18),
(446, 18),
(447, 18),
(448, 18),
(449, 18),
(450, 18),
(451, 18),
(452, 18),
(453, 18),
(454, 18),
(455, 18),
(456, 18),
(457, 18),
(458, 18),
(459, 18),
(460, 18),
(461, 18),
(462, 18),
(463, 18),
(464, 18),
(465, 18),
(466, 18),
(467, 18),
(468, 18),
(469, 18),
(470, 18),
(471, 18),
(472, 18),
(473, 18),
(474, 18),
(475, 18),
(476, 18),
(477, 18),
(478, 18),
(479, 18),
(480, 18),
(481, 18),
(482, 18),
(483, 18),
(484, 18),
(485, 18),
(486, 18),
(487, 18),
(488, 18),
(489, 18),
(490, 18),
(491, 18),
(492, 18),
(493, 18),
(494, 18),
(495, 18),
(496, 18),
(497, 18),
(498, 18),
(499, 18),
(500, 18),
(501, 18),
(502, 18),
(503, 18),
(504, 18),
(505, 18),
(506, 18),
(507, 18),
(508, 18),
(509, 18),
(510, 18),
(511, 18),
(512, 18),
(513, 18),
(514, 18),
(515, 18),
(516, 18),
(517, 18),
(518, 18),
(519, 18),
(520, 18),
(521, 18),
(522, 18),
(523, 18),
(524, 18),
(525, 18),
(526, 18),
(527, 18),
(528, 18),
(529, 18),
(530, 18),
(531, 18),
(532, 18),
(533, 18),
(534, 18),
(535, 18),
(536, 18),
(537, 18),
(538, 18),
(539, 18),
(540, 18),
(541, 18),
(542, 18),
(543, 18),
(544, 18),
(545, 18),
(546, 18),
(547, 18),
(548, 18),
(549, 18),
(550, 18),
(551, 18),
(552, 18),
(553, 18),
(554, 18),
(555, 18),
(556, 18),
(557, 18),
(558, 18),
(559, 18),
(560, 18),
(561, 18),
(562, 18),
(563, 18),
(564, 18),
(565, 18),
(566, 18),
(567, 18),
(568, 18),
(569, 18),
(570, 18),
(571, 18),
(572, 18),
(573, 18),
(574, 18),
(575, 18),
(576, 18),
(577, 18),
(578, 18),
(579, 18),
(580, 18),
(581, 18),
(582, 18),
(583, 18),
(584, 18),
(585, 18),
(586, 18),
(587, 18),
(588, 18),
(589, 18),
(590, 18),
(591, 18),
(592, 18),
(593, 18),
(594, 18),
(595, 18),
(596, 18),
(597, 18),
(598, 18),
(599, 18),
(600, 18),
(601, 18),
(602, 18),
(603, 18),
(604, 18),
(605, 18),
(606, 18),
(607, 18),
(608, 18),
(609, 18),
(610, 18),
(611, 18),
(612, 18),
(613, 18),
(614, 18),
(615, 18),
(616, 18),
(617, 18),
(618, 18),
(619, 18),
(620, 18),
(621, 18),
(622, 18),
(623, 18),
(624, 18),
(625, 18),
(626, 18),
(627, 18),
(628, 18),
(629, 18),
(630, 18),
(631, 18),
(632, 18),
(633, 18),
(634, 18),
(635, 18),
(636, 18),
(637, 18),
(638, 18),
(639, 18),
(640, 18),
(641, 18),
(642, 18),
(643, 18),
(644, 18),
(645, 18),
(646, 18),
(647, 18),
(648, 18),
(649, 18),
(650, 18),
(651, 18),
(652, 18),
(653, 18),
(654, 18),
(655, 18),
(656, 18),
(657, 18),
(658, 18),
(659, 18),
(660, 18),
(661, 18),
(662, 18),
(663, 18),
(664, 18),
(665, 18),
(666, 18),
(667, 18),
(668, 18),
(669, 18),
(670, 18),
(671, 18),
(672, 18),
(673, 18),
(674, 18),
(675, 18),
(676, 18),
(677, 18),
(678, 18),
(679, 18),
(680, 18),
(681, 18),
(682, 18),
(683, 18),
(684, 18),
(685, 18),
(686, 18),
(687, 18),
(688, 18),
(689, 18),
(690, 18),
(691, 18),
(692, 18),
(693, 18),
(694, 18),
(695, 18),
(696, 18),
(697, 18),
(698, 18),
(699, 18),
(700, 18),
(701, 18),
(702, 18),
(703, 18),
(704, 18),
(705, 18),
(706, 18),
(707, 18),
(708, 18),
(709, 18),
(710, 18),
(711, 18),
(712, 18),
(713, 18),
(714, 18),
(715, 18),
(716, 18),
(717, 18),
(718, 18),
(719, 18),
(720, 18),
(721, 18),
(722, 18),
(723, 18),
(724, 18),
(725, 18),
(726, 18),
(727, 18),
(728, 18),
(729, 18),
(730, 18),
(731, 18),
(732, 18),
(733, 18),
(734, 18),
(735, 18),
(736, 18),
(737, 18),
(738, 18),
(739, 18),
(740, 18),
(741, 18),
(742, 18),
(743, 18),
(744, 18),
(745, 18),
(746, 18),
(747, 18),
(748, 18),
(749, 18),
(750, 18),
(751, 18),
(752, 18),
(753, 18),
(754, 18),
(755, 18),
(756, 18),
(757, 18),
(758, 18),
(759, 18),
(760, 18),
(761, 18),
(762, 18),
(763, 18),
(764, 18),
(765, 18),
(766, 18),
(767, 18),
(768, 16),
(769, 16),
(770, 16),
(775, 16),
(776, 16),
(789, 16),
(791, 16),
(793, 16),
(805, 18),
(827, 16),
(829, 17),
(830, 17),
(831, 17),
(832, 17),
(833, 17),
(834, 17),
(835, 17),
(836, 17),
(837, 17),
(838, 17),
(839, 17),
(840, 17),
(841, 17),
(842, 17),
(843, 17),
(844, 17),
(845, 17),
(846, 17),
(847, 17),
(848, 17),
(849, 17),
(850, 17),
(851, 17),
(852, 17),
(853, 17),
(854, 17),
(855, 17),
(856, 17),
(857, 17),
(858, 17),
(859, 17),
(860, 17),
(861, 17),
(862, 17),
(863, 17),
(864, 17),
(865, 17),
(866, 17),
(867, 17),
(868, 17),
(869, 17),
(870, 17),
(871, 17),
(872, 17),
(873, 17),
(874, 17),
(875, 17),
(876, 17),
(877, 17),
(878, 17),
(879, 17),
(880, 17),
(881, 17),
(882, 17),
(883, 17),
(884, 17),
(885, 17),
(886, 17),
(887, 17),
(888, 17),
(889, 17),
(890, 17),
(891, 17),
(892, 17),
(893, 17),
(894, 17),
(895, 17),
(896, 17),
(897, 17),
(898, 17),
(899, 17),
(900, 17),
(901, 17),
(902, 17),
(903, 17),
(904, 17),
(905, 17),
(906, 17),
(907, 17),
(908, 17),
(909, 17),
(910, 17),
(911, 17),
(912, 17),
(913, 17),
(914, 17),
(915, 17),
(916, 17),
(917, 17),
(918, 17),
(919, 17),
(920, 17),
(921, 17),
(922, 17),
(923, 17),
(924, 17),
(925, 17),
(926, 17),
(927, 17),
(928, 17),
(929, 17),
(930, 17),
(931, 17),
(932, 17),
(933, 17),
(934, 17),
(935, 17),
(936, 17),
(937, 17),
(938, 17),
(939, 17),
(940, 17),
(941, 17),
(942, 17),
(943, 17),
(944, 17),
(945, 17),
(946, 17),
(947, 17),
(948, 17),
(949, 17),
(950, 17),
(951, 17),
(952, 17),
(953, 17),
(954, 17),
(955, 17),
(956, 17),
(957, 17),
(958, 17),
(959, 17),
(960, 17),
(961, 17),
(962, 17),
(963, 17),
(964, 17),
(965, 17),
(966, 17),
(967, 17),
(968, 17),
(969, 17),
(970, 17),
(971, 17),
(972, 17),
(973, 17),
(974, 17),
(975, 17),
(976, 17),
(977, 17),
(978, 17),
(979, 17),
(980, 17),
(981, 17),
(982, 18),
(983, 18),
(984, 18),
(985, 18),
(986, 18),
(987, 18),
(988, 18),
(989, 18),
(990, 18),
(991, 18),
(992, 18),
(993, 18),
(994, 18),
(995, 18),
(996, 18),
(997, 18),
(998, 18),
(999, 18),
(1000, 18),
(1001, 18),
(1002, 18),
(1003, 18),
(1004, 18),
(1005, 18),
(1006, 18),
(1007, 18),
(1008, 18),
(1009, 18),
(1010, 18),
(1011, 18),
(1012, 18),
(1013, 18),
(1014, 18),
(1015, 18),
(1016, 18),
(1017, 18),
(1018, 18),
(1019, 18),
(1020, 18),
(1021, 18),
(1022, 18),
(1023, 18),
(1024, 18),
(1025, 18),
(1026, 18),
(1027, 18),
(1028, 18),
(1029, 18),
(1030, 18),
(1031, 18),
(1032, 18),
(1033, 18),
(1034, 18),
(1035, 18),
(1036, 18),
(1037, 18),
(1038, 18),
(1039, 18),
(1040, 18),
(1041, 18),
(1042, 18),
(1043, 18),
(1044, 18),
(1045, 18),
(1046, 18),
(1047, 18),
(1048, 18),
(1049, 18),
(1050, 18),
(1051, 18),
(1052, 18),
(1053, 18),
(1054, 18),
(1055, 18),
(1056, 18),
(1057, 18),
(1058, 18),
(1059, 18),
(1060, 18),
(1061, 18),
(1062, 18),
(1063, 18),
(1064, 18),
(1065, 18),
(1066, 18),
(1067, 18),
(1068, 18),
(1069, 18),
(1070, 18),
(1071, 18),
(1072, 18),
(1073, 18),
(1074, 18),
(1075, 18),
(1076, 18),
(1077, 18),
(1078, 18),
(1079, 18),
(1080, 18),
(1081, 18),
(1082, 18),
(1083, 18),
(1084, 18),
(1085, 18),
(1086, 18),
(1087, 18),
(1088, 18),
(1089, 18),
(1090, 18),
(1091, 18),
(1092, 18),
(1093, 18),
(1094, 18),
(1095, 18),
(1096, 18),
(1097, 18),
(1098, 18),
(1099, 18),
(1100, 18),
(1101, 18),
(1102, 18),
(1103, 18),
(1104, 18),
(1105, 18),
(1106, 18),
(1107, 18),
(1108, 18),
(1109, 18),
(1110, 18),
(1111, 18),
(1112, 18),
(1113, 18),
(1114, 18),
(1115, 18),
(1116, 18),
(1117, 18),
(1118, 18),
(1119, 18),
(1120, 18),
(1121, 18),
(1122, 18),
(1123, 18),
(1124, 18),
(1125, 18),
(1126, 18),
(1127, 18),
(1128, 18),
(1129, 18),
(1130, 18),
(1131, 18),
(1132, 18),
(1133, 18),
(1134, 18),
(1135, 18),
(1136, 18),
(1137, 18),
(1138, 18),
(1139, 18),
(1140, 18),
(1141, 18),
(1142, 18),
(1143, 18),
(1144, 18),
(1145, 18),
(1146, 18),
(1147, 18),
(1148, 18),
(1149, 18),
(1150, 18),
(1151, 18),
(1152, 18),
(1153, 18),
(1154, 18),
(1155, 18),
(1156, 18),
(1157, 18),
(1158, 18),
(1159, 18),
(1160, 18),
(1161, 18),
(1162, 18),
(1163, 18),
(1164, 18),
(1165, 18),
(1166, 18),
(1167, 18),
(1168, 18),
(1169, 18),
(1170, 18),
(1171, 18),
(1172, 18),
(1173, 18),
(1174, 18),
(1175, 18),
(1176, 18),
(1177, 18),
(1178, 18),
(1179, 18),
(1180, 18),
(1181, 18),
(1182, 18),
(1183, 18),
(1184, 18),
(1185, 18),
(1186, 18),
(1187, 18),
(1188, 18),
(1189, 18),
(1190, 18),
(1191, 18),
(1192, 18),
(1193, 18),
(1194, 18),
(1195, 18),
(1196, 18),
(1197, 18),
(1198, 18),
(1199, 18),
(1200, 18),
(1201, 18),
(1202, 18),
(1203, 18),
(1204, 18),
(1205, 18),
(1206, 18),
(1207, 18),
(1208, 18),
(1209, 18),
(1210, 18),
(1211, 18),
(1212, 18),
(1213, 18),
(1214, 18),
(1215, 18),
(1216, 18),
(1217, 18),
(1218, 18),
(1219, 18),
(1220, 18),
(1221, 18),
(1222, 18),
(1223, 18),
(1224, 18),
(1225, 18),
(1226, 18),
(1227, 18),
(1228, 18),
(1229, 18),
(1230, 18),
(1231, 18),
(1232, 18),
(1233, 18),
(1234, 18),
(1235, 18),
(1236, 18),
(1237, 18),
(1238, 18),
(1239, 18),
(1240, 18),
(1241, 18),
(1242, 18),
(1243, 18),
(1244, 18),
(1245, 18),
(1246, 18),
(1247, 18),
(1248, 18),
(1249, 18),
(1250, 18),
(1251, 18),
(1252, 18),
(1253, 18),
(1254, 18),
(1255, 18),
(1256, 18),
(1257, 18),
(1258, 18),
(1259, 18),
(1260, 18),
(1261, 18),
(1262, 18),
(1263, 18),
(1264, 18),
(1265, 18),
(1266, 18),
(1267, 18),
(1268, 18),
(1269, 18),
(1270, 18),
(1271, 18),
(1272, 18),
(1273, 18),
(1274, 18),
(1275, 18),
(1276, 18),
(1277, 18),
(1278, 18),
(1279, 18),
(1280, 18),
(1281, 18),
(1282, 18),
(1283, 18),
(1284, 18),
(1285, 18),
(1286, 18),
(1287, 18),
(1288, 18),
(1289, 18),
(1290, 18),
(1291, 18),
(1292, 18),
(1293, 18),
(1294, 18),
(1295, 18),
(1296, 18),
(1297, 18),
(1298, 18),
(1299, 18),
(1300, 18),
(1301, 18),
(1302, 18),
(1303, 18),
(1304, 18),
(1305, 18),
(1306, 18),
(1307, 18),
(1308, 18),
(1309, 18),
(1310, 18),
(1311, 18),
(1312, 18),
(1313, 18),
(1314, 18),
(1315, 18),
(1316, 18),
(1317, 18),
(1318, 18),
(1319, 18),
(1320, 18),
(1321, 18),
(1322, 18),
(1323, 18),
(1324, 18),
(1325, 18),
(1326, 18),
(1327, 18),
(1328, 18),
(1329, 18),
(1330, 18),
(1331, 18),
(1332, 18),
(1333, 18),
(1334, 18),
(1335, 18),
(1336, 18),
(1337, 18),
(1338, 18),
(1339, 18),
(1340, 18),
(1341, 18),
(1342, 18),
(1343, 18),
(1344, 18),
(1345, 18),
(1346, 18),
(1347, 18),
(1348, 18),
(1349, 18),
(1350, 18),
(1351, 18),
(1352, 18),
(1353, 18),
(1354, 18),
(1355, 18),
(1356, 18),
(1357, 18),
(1358, 18),
(1359, 18),
(1360, 18),
(1361, 18),
(1362, 18),
(1363, 18),
(1364, 18),
(1365, 18),
(1366, 18),
(1367, 18),
(1368, 18),
(1369, 18),
(1370, 18),
(1371, 18),
(1372, 18),
(1373, 18),
(1374, 18),
(1375, 18),
(1376, 18),
(1377, 18),
(1378, 18),
(1379, 18),
(1380, 18),
(1381, 18),
(1382, 18),
(1383, 18),
(1384, 18),
(1385, 18),
(1386, 18),
(1387, 18),
(1388, 18),
(1389, 18),
(1390, 18),
(1391, 18),
(1392, 18),
(1393, 18),
(1394, 18),
(1395, 18),
(1396, 18),
(1397, 18),
(1398, 18),
(1399, 18),
(1400, 18),
(1401, 18),
(1402, 18),
(1403, 18),
(1404, 18),
(1405, 18),
(1406, 18),
(1407, 18),
(1408, 18),
(1409, 18),
(1410, 18),
(1411, 18),
(1412, 18),
(1413, 18),
(1414, 18),
(1415, 18),
(1416, 18),
(1417, 18),
(1418, 18),
(1419, 18),
(1420, 18),
(1421, 18),
(1422, 18),
(1423, 18),
(1424, 18),
(1425, 18),
(1426, 18),
(1427, 18),
(1428, 18),
(1429, 18),
(1430, 18),
(1431, 18),
(1432, 18),
(1433, 18),
(1434, 18),
(1435, 18),
(1436, 18),
(1437, 18),
(1438, 18),
(1439, 18),
(1440, 18),
(1441, 18),
(1442, 18),
(1443, 18),
(1444, 18),
(1445, 18),
(1446, 18),
(1447, 18),
(1448, 18),
(1449, 18),
(1450, 18),
(1451, 18),
(1452, 18),
(1453, 18),
(1454, 18),
(1455, 18),
(1456, 18),
(1457, 18),
(1458, 18),
(1459, 18),
(1460, 18),
(1461, 18),
(1462, 18),
(1463, 18),
(1464, 18),
(1465, 18),
(1466, 18),
(1467, 18),
(1468, 18),
(1469, 18),
(1470, 18),
(1471, 18),
(1472, 18),
(1473, 18),
(1474, 18),
(1475, 18),
(1476, 18),
(1477, 18),
(1478, 18),
(1479, 18),
(1480, 18),
(1481, 18),
(1482, 18),
(1483, 18),
(1484, 18),
(1485, 18),
(1486, 18),
(1487, 18),
(1488, 18),
(1489, 18),
(1490, 18),
(1491, 18),
(1492, 18),
(1493, 18),
(1494, 18),
(1495, 18),
(1496, 18),
(1497, 18),
(1498, 18),
(1499, 18),
(1500, 18),
(1501, 18),
(1502, 18),
(1503, 18),
(1504, 18),
(1505, 18),
(1506, 18),
(1507, 18),
(1508, 18),
(1509, 18),
(1510, 18),
(1511, 18),
(1512, 18),
(1513, 18),
(1514, 18),
(1515, 18),
(1516, 18),
(1517, 18),
(1518, 18),
(1519, 18),
(1520, 18),
(1521, 18),
(1522, 18),
(1523, 18),
(1524, 18),
(1525, 18),
(1526, 18),
(1527, 18),
(1528, 18),
(1529, 18),
(1530, 18),
(1531, 18),
(1532, 18),
(1533, 18),
(1534, 18),
(1535, 18),
(1536, 18),
(1537, 18),
(1538, 18),
(1539, 18),
(1540, 18),
(1541, 18),
(1542, 18),
(1543, 18),
(1544, 18),
(1545, 18),
(1546, 18),
(1547, 18),
(1548, 18),
(1549, 18),
(1550, 18),
(1551, 18),
(1552, 18),
(1553, 18),
(1554, 18),
(1555, 18),
(1556, 18),
(1557, 18),
(1558, 18),
(1559, 18),
(1560, 18),
(1561, 18),
(1562, 18),
(1563, 18),
(1564, 18),
(1565, 18),
(1566, 18),
(1567, 18),
(1568, 18),
(1569, 18),
(1570, 18),
(1571, 18),
(1572, 18),
(1573, 18),
(1574, 18),
(1575, 18),
(1576, 18),
(1577, 18),
(1578, 18),
(1579, 18),
(1580, 18),
(1581, 18),
(1582, 18),
(1583, 18),
(1584, 18),
(1585, 18),
(1586, 18),
(1587, 18),
(1588, 18),
(1589, 18),
(1590, 18),
(1591, 18),
(1592, 18),
(1593, 18),
(1594, 18),
(1595, 18),
(1596, 18),
(1597, 18),
(1598, 18),
(1599, 18),
(1600, 18),
(1601, 18),
(1602, 18),
(1603, 18),
(1604, 18),
(1605, 18),
(1606, 18),
(1607, 18),
(1608, 18),
(1609, 18),
(1610, 18),
(1611, 18),
(1612, 18),
(1613, 18),
(1614, 18),
(1615, 18),
(1616, 18),
(1617, 18),
(1618, 18),
(1619, 18),
(1620, 18),
(1621, 18),
(1622, 18),
(1623, 18),
(1624, 18),
(1625, 18),
(1626, 18),
(1627, 18),
(1628, 18),
(1629, 18),
(1630, 18),
(1631, 18),
(1632, 18),
(1633, 18),
(1634, 18),
(1635, 18),
(1636, 18),
(1637, 18),
(1638, 18),
(1639, 18),
(1640, 18),
(1641, 18),
(1642, 18),
(1643, 18),
(1644, 18),
(1645, 18),
(1646, 18),
(1647, 18),
(1648, 18),
(1649, 18),
(1650, 18),
(1651, 18),
(1652, 18),
(1653, 18),
(1654, 18),
(1655, 18),
(1656, 18),
(1657, 18),
(1658, 18),
(1659, 18),
(1660, 18),
(1661, 18),
(1662, 18),
(1663, 18),
(1664, 18),
(1665, 18),
(1666, 18),
(1667, 18),
(1668, 18),
(1669, 18),
(1670, 18),
(1671, 18),
(1672, 18),
(1673, 18),
(1674, 18),
(1675, 18),
(1676, 18),
(1677, 18),
(1678, 18),
(1679, 18),
(1680, 18),
(1681, 18),
(1682, 18),
(1683, 18),
(1684, 18),
(1685, 18),
(1686, 18),
(1687, 18),
(1688, 18),
(1689, 18),
(1690, 18),
(1691, 18),
(1692, 18),
(1693, 18),
(1694, 18),
(1695, 18),
(1696, 18),
(1697, 18),
(1698, 18),
(1699, 18),
(1700, 18),
(1701, 18),
(1702, 18),
(1703, 18),
(1704, 18),
(1705, 18),
(1706, 18),
(1707, 18),
(1708, 18),
(1709, 18),
(1710, 18),
(1711, 18),
(1712, 18),
(1713, 18),
(1714, 18),
(1715, 18),
(1716, 18),
(1717, 18),
(1718, 18),
(1719, 18),
(1720, 18),
(1721, 18),
(1722, 18),
(1723, 18),
(1724, 18),
(1725, 18),
(1726, 18),
(1727, 18),
(1728, 18),
(1729, 18),
(1730, 18),
(1731, 18),
(1732, 18),
(1733, 18),
(1734, 18),
(1735, 18),
(1736, 18),
(1737, 18),
(1738, 18),
(1739, 18),
(1740, 18),
(1741, 18),
(1742, 18),
(1743, 18),
(1744, 18),
(1745, 18),
(1746, 18),
(1747, 18),
(1748, 18),
(1749, 18),
(1750, 18),
(1751, 18),
(1752, 18),
(1753, 18),
(1754, 18),
(1755, 18),
(1756, 18),
(1757, 18),
(1758, 18),
(1759, 18),
(1760, 18),
(1761, 18),
(1762, 18),
(1763, 18),
(1764, 18),
(1765, 18),
(1766, 18),
(1767, 18),
(1768, 18),
(1769, 18),
(1770, 18),
(1771, 18),
(1772, 18),
(1773, 18),
(1774, 18),
(1775, 18),
(1776, 18),
(1777, 18),
(1778, 18),
(1779, 18),
(1780, 18),
(1781, 18),
(1782, 18),
(1783, 18),
(1784, 18),
(1785, 18),
(1786, 18),
(1787, 18),
(1788, 18),
(1789, 18),
(1790, 18),
(1791, 18),
(1792, 18),
(1793, 18),
(1794, 18),
(1795, 18),
(1796, 18),
(1797, 18),
(1798, 18),
(1799, 18),
(1800, 18),
(1801, 18),
(1802, 18),
(1803, 18),
(1804, 18),
(1805, 18),
(1806, 18),
(1807, 18),
(1808, 18),
(1809, 18),
(1810, 18),
(1811, 18),
(1812, 18),
(1813, 18),
(1814, 18),
(1815, 18),
(1816, 18),
(1817, 18),
(1818, 18),
(1819, 18),
(1820, 18),
(1821, 18),
(1822, 18),
(1823, 18),
(1824, 18),
(1825, 18),
(1826, 18),
(1827, 18),
(1828, 18),
(1829, 18),
(1830, 18),
(1831, 18),
(1832, 18),
(1833, 18),
(1834, 18),
(1835, 18),
(1836, 18),
(1837, 18),
(1838, 18),
(1839, 18),
(1840, 18),
(1841, 18),
(1842, 18),
(1843, 18),
(1844, 18),
(1845, 18),
(1846, 18),
(1847, 18),
(1848, 18),
(1849, 18),
(1850, 18),
(1851, 18),
(1852, 18),
(1853, 18),
(1854, 18),
(1855, 18),
(1856, 18),
(1857, 18),
(1858, 18),
(1859, 18),
(1860, 18),
(1861, 18),
(1862, 18),
(1863, 18),
(1864, 18),
(1865, 18),
(1866, 18),
(1867, 18),
(1868, 18),
(1869, 18),
(1870, 18),
(1871, 18),
(1872, 18),
(1873, 18),
(1874, 18),
(1875, 18),
(1876, 18),
(1877, 18),
(1878, 18),
(1879, 18),
(1880, 18),
(1881, 18),
(1882, 18),
(1883, 18),
(1884, 18),
(1885, 18),
(1886, 18),
(1887, 18),
(1888, 18),
(1889, 18),
(1890, 18),
(1891, 18),
(1892, 18),
(1893, 18),
(1894, 18),
(1895, 18),
(1896, 18),
(1897, 18),
(1898, 18),
(1899, 18),
(1900, 18),
(1901, 18),
(1902, 18),
(1903, 18),
(1904, 18),
(1905, 18),
(1906, 18),
(1907, 18),
(1908, 18),
(1909, 18),
(1910, 18),
(1911, 18),
(1912, 18),
(1913, 18),
(1914, 18),
(1915, 18),
(1916, 18),
(1917, 18),
(1918, 18),
(1919, 18),
(1920, 18),
(1921, 18),
(1922, 18),
(1923, 18),
(1924, 18),
(1925, 18),
(1926, 18),
(1927, 18),
(1928, 18),
(1929, 18),
(1930, 18),
(1931, 18),
(1932, 18),
(1933, 18),
(1934, 18),
(1935, 18),
(1936, 18),
(1937, 18),
(1938, 18),
(1939, 18),
(1940, 18),
(1941, 18),
(1942, 18),
(1943, 18),
(1944, 18),
(1945, 18),
(1946, 18),
(1947, 18),
(1948, 18),
(1949, 18),
(1950, 18),
(1951, 18),
(1952, 18),
(1953, 18),
(1954, 18),
(1955, 18),
(1956, 18),
(1957, 18),
(1958, 18),
(1959, 18),
(1960, 18),
(1961, 18),
(1962, 18),
(1963, 18),
(1964, 18),
(1965, 18),
(1966, 18),
(1967, 18),
(1968, 18),
(1969, 18),
(1970, 18),
(1971, 18),
(1972, 18),
(1973, 18),
(1974, 18),
(1975, 18),
(1976, 18),
(1977, 18),
(1978, 18),
(1979, 18),
(1980, 18),
(1981, 18),
(1982, 18),
(1983, 18),
(1984, 18),
(1985, 18),
(1986, 18),
(1987, 18),
(1988, 18),
(1989, 18),
(1990, 18),
(1991, 18),
(1992, 18),
(1993, 18),
(1994, 18),
(1995, 18),
(1996, 18),
(1997, 18),
(1998, 18),
(1999, 18),
(2000, 18),
(2001, 18),
(2002, 18),
(2003, 18),
(2004, 18),
(2005, 18),
(2006, 18),
(2007, 18),
(2008, 18),
(2009, 18),
(2010, 18),
(2011, 18),
(2012, 18),
(2013, 18),
(2014, 18),
(2015, 18),
(2016, 18),
(2017, 18),
(2018, 18),
(2019, 18),
(2020, 18),
(2021, 18),
(2022, 18),
(2023, 18),
(2024, 18),
(2025, 18),
(2026, 18),
(2027, 18),
(2028, 18),
(2029, 18),
(2030, 18),
(2031, 18),
(2032, 18),
(2033, 18),
(2034, 18),
(2035, 18),
(2036, 18),
(2037, 18),
(2038, 18),
(2039, 18),
(2040, 18),
(2041, 18),
(2042, 18),
(2043, 18),
(2044, 18),
(2045, 18),
(2046, 18),
(2047, 18),
(2048, 18),
(2049, 18),
(2050, 18),
(2051, 18),
(2052, 18),
(2053, 18),
(2054, 18),
(2055, 18),
(2056, 18),
(2057, 18),
(2058, 18),
(2059, 18),
(2060, 18),
(2061, 18),
(2062, 18),
(2063, 18),
(2064, 18),
(2065, 18),
(2066, 18),
(2067, 18),
(2068, 18),
(2069, 18),
(2070, 18),
(2071, 18),
(2072, 18),
(2073, 18),
(2074, 18),
(2075, 18),
(2076, 18),
(2077, 18),
(2078, 18),
(2079, 18),
(2080, 18),
(2081, 18),
(2082, 18),
(2083, 18),
(2084, 18),
(2085, 18),
(2086, 18),
(2087, 18),
(2088, 18),
(2089, 18),
(2090, 18),
(2091, 18),
(2092, 18),
(2093, 18),
(2094, 18),
(2095, 18),
(2096, 18),
(2097, 18),
(2098, 18),
(2099, 18),
(2100, 18),
(2101, 18),
(2102, 18),
(2103, 18),
(2104, 18),
(2105, 18),
(2106, 18),
(2107, 18),
(2108, 18),
(2109, 18),
(2110, 18),
(2111, 18),
(2112, 18),
(2113, 18),
(2114, 18),
(2115, 18),
(2116, 18),
(2117, 18),
(2118, 18),
(2119, 18),
(2120, 18),
(2121, 18),
(2122, 18),
(2123, 18),
(2124, 18),
(2125, 18),
(2126, 18),
(2127, 18),
(2128, 18),
(2129, 18),
(2130, 18),
(2131, 18),
(2132, 18),
(2133, 18),
(2134, 18),
(2135, 18),
(2136, 18),
(2137, 18),
(2138, 18),
(2139, 18),
(2140, 18),
(2141, 18),
(2142, 18),
(2143, 18),
(2144, 18),
(2145, 18),
(2146, 18),
(2147, 18),
(2148, 18),
(2149, 18),
(2150, 18),
(2151, 18),
(2152, 18),
(2153, 18),
(2154, 18),
(2155, 18),
(2156, 18),
(2157, 18),
(2158, 18),
(2159, 18),
(2160, 18),
(2161, 18),
(2162, 18),
(2163, 18),
(2164, 18),
(2165, 18),
(2166, 18),
(2167, 18),
(2168, 18),
(2169, 18),
(2170, 18),
(2171, 18),
(2172, 18),
(2173, 18),
(2174, 18),
(2175, 18),
(2176, 18),
(2177, 18),
(2178, 18),
(2179, 18),
(2180, 18),
(2181, 18),
(2182, 18),
(2183, 18),
(2184, 18),
(2185, 18),
(2186, 18),
(2187, 18),
(2188, 18),
(2189, 18),
(2190, 18),
(2191, 18),
(2192, 18),
(2193, 18),
(2194, 18),
(2195, 18),
(2196, 18),
(2197, 18),
(2198, 18),
(2199, 18),
(2200, 18),
(2201, 18),
(2202, 18),
(2203, 18),
(2204, 18),
(2205, 18),
(2206, 18),
(2207, 18),
(2208, 18),
(2209, 18),
(2210, 18),
(2211, 18),
(2212, 18),
(2213, 18),
(2214, 18),
(2215, 18),
(2216, 18),
(2217, 18),
(2218, 18),
(2219, 18),
(2220, 18),
(2221, 18),
(2222, 18),
(2223, 18),
(2224, 18),
(2225, 18),
(2226, 18),
(2227, 18),
(2228, 18),
(2229, 18),
(2230, 18),
(2231, 18),
(2232, 18),
(2233, 18),
(2234, 18),
(2235, 18),
(2236, 18),
(2237, 18),
(2238, 18),
(2239, 18),
(2240, 18),
(2241, 18),
(2242, 18),
(2243, 18),
(2244, 18),
(2245, 18),
(2246, 18),
(2247, 18),
(2248, 18),
(2249, 18),
(2250, 18),
(2251, 18),
(2252, 18),
(2253, 18),
(2254, 18),
(2255, 18),
(2256, 18),
(2257, 18),
(2258, 18),
(2259, 18),
(2260, 18),
(2261, 18),
(2262, 18),
(2263, 18),
(2264, 18),
(2265, 18),
(2266, 18),
(2267, 18),
(2268, 18),
(2269, 18),
(2270, 18),
(2271, 18),
(2272, 18),
(2273, 18),
(2274, 18),
(2275, 18),
(2276, 18),
(2277, 18),
(2278, 18),
(2279, 18),
(2280, 18),
(2281, 18),
(2282, 18),
(2283, 18),
(2284, 18),
(2285, 18),
(2286, 18),
(2287, 18),
(2288, 18),
(2304, 16),
(2308, 16),
(2313, 16),
(2318, 16),
(2330, 16),
(2331, 16),
(2332, 16),
(2333, 16),
(2334, 16),
(2335, 16),
(2336, 16),
(2337, 16),
(2338, 16),
(2339, 16),
(2340, 16),
(2341, 16),
(2342, 16),
(2343, 16),
(2344, 16),
(2345, 16),
(2346, 16),
(2422, 16),
(2425, 16),
(2427, 16),
(2428, 16),
(2431, 16),
(2433, 16),
(2434, 16),
(2435, 16),
(2437, 16),
(2441, 16),
(2452, 16),
(3354, 16),
(3356, 16),
(3377, 16),
(3388, 16),
(5467, 18),
(5468, 18),
(5469, 18),
(5470, 18),
(5471, 18),
(5472, 18),
(5473, 18),
(5474, 18),
(5475, 18),
(5476, 18),
(5477, 18),
(5478, 18),
(5479, 18),
(5480, 18),
(5481, 18),
(5482, 18),
(5483, 18),
(5484, 18),
(5485, 18),
(5486, 18),
(5487, 18),
(5488, 18),
(5489, 18),
(5490, 18),
(5491, 18),
(5492, 18),
(5493, 18),
(5494, 18),
(5495, 18),
(5496, 18),
(5497, 18),
(5498, 18),
(5499, 18),
(5500, 18),
(5501, 18),
(5502, 18),
(5503, 18),
(5504, 18),
(5505, 18),
(5506, 18),
(5507, 18),
(5508, 18),
(5509, 18),
(5510, 18),
(5511, 18),
(5512, 18),
(5513, 18),
(5514, 18),
(5515, 18),
(5516, 18),
(5517, 18),
(5518, 18),
(5519, 18),
(5520, 18),
(5521, 18),
(5522, 18),
(5523, 18),
(5524, 18),
(5525, 18),
(5526, 18),
(5527, 18),
(5528, 18),
(5529, 18),
(5530, 18),
(5531, 18),
(5532, 18),
(5533, 18),
(5534, 18),
(5535, 18),
(5536, 18),
(5537, 18),
(5538, 18),
(5539, 18),
(5540, 18),
(5541, 18),
(5542, 18),
(5543, 18),
(5544, 18),
(5545, 18),
(5546, 18),
(5547, 18),
(5548, 18),
(5549, 18),
(5550, 18),
(5551, 18),
(5552, 18),
(5553, 18),
(5554, 18),
(5555, 18),
(5556, 18),
(5557, 18),
(5558, 18),
(5559, 18),
(5560, 18),
(5561, 18),
(5562, 18),
(5563, 18),
(5564, 18),
(5565, 18),
(5566, 18),
(5567, 18),
(5568, 18),
(5569, 18),
(5570, 18),
(5571, 18),
(5572, 18),
(5573, 18),
(5574, 18),
(5575, 18),
(5576, 18),
(5577, 18),
(5578, 18),
(5579, 18),
(5580, 18),
(5581, 18),
(5582, 18),
(5583, 18),
(5584, 18),
(5585, 18),
(5586, 18),
(5587, 18),
(5588, 18),
(5589, 18),
(5590, 18),
(5591, 18),
(5592, 18),
(5593, 18),
(5594, 18),
(5595, 18),
(5596, 18),
(5597, 18),
(5598, 18),
(5599, 18),
(5600, 18),
(5601, 18),
(5602, 18),
(5603, 18),
(5604, 18),
(6527, 18),
(6528, 18),
(6529, 18),
(6530, 18),
(6531, 18),
(6532, 18),
(6533, 18),
(6534, 18),
(6535, 18),
(6536, 18),
(6537, 18),
(6538, 18),
(6539, 18),
(6540, 18),
(6541, 18),
(6542, 18),
(6543, 18),
(6544, 18),
(6545, 18),
(6546, 18),
(6547, 18),
(6548, 18),
(6549, 18),
(6554, 18),
(6555, 18),
(8480, 18),
(8625, 18),
(8680, 18),
(11507, 18),
(16919, 16),
(27097, 19),
(27098, 20),
(27110, 16),
(27278, 16),
(27379, 16);

-- --------------------------------------------------------

--
-- 表的结构 `jdi_auth_rule`
--

CREATE TABLE `jdi_auth_rule` (
  `id` mediumint(8) UNSIGNED NOT NULL COMMENT '规则id,自增主键',
  `module` varchar(20) NOT NULL COMMENT '规则所属module',
  `type` tinyint(2) NOT NULL DEFAULT '1' COMMENT '1-url;2-主菜单',
  `name` char(80) NOT NULL DEFAULT '' COMMENT '规则唯一英文标识',
  `title` char(20) NOT NULL DEFAULT '' COMMENT '规则中文描述',
  `status` tinyint(1) NOT NULL DEFAULT '1' COMMENT '是否有效(0:无效,1:有效)',
  `condition` varchar(300) NOT NULL DEFAULT '' COMMENT '规则附加条件'
) ENGINE=MyISAM DEFAULT CHARSET=utf8;

--
-- 转存表中的数据 `jdi_auth_rule`
--

INSERT INTO `jdi_auth_rule` (`id`, `module`, `type`, `name`, `title`, `status`, `condition`) VALUES
(1, 'admin', 1, 'Admin/Menu/add', '新增', 1, ''),
(2, 'admin', 1, 'Admin/Menu/del', '删除', 1, ''),
(3, 'admin', 1, 'Admin/Menu/import', '导入', 1, ''),
(4, 'admin', 1, 'Admin/Menu/edit', '编辑', 1, ''),
(5, 'admin', 1, 'Admin/User/index', '用户信息', 1, ''),
(6, 'admin', 1, 'Admin/User/action', '用户行为', 1, ''),
(7, 'admin', 1, 'Admin/AuthManager/index', '权限管理', 1, ''),
(8, 'admin', 1, 'Admin/Action/actionlog', '行为日志', 1, ''),
(9, 'admin', 1, 'Admin/User/updatePassword', '修改密码', 1, ''),
(10, 'admin', 1, 'Admin/User/updateNickname', '修改昵称', 1, ''),
(11, 'admin', 1, 'Admin/Config/group', '分组管理', 1, ''),
(12, 'admin', 1, 'Admin/Config/index', '配置管理', 1, ''),
(13, 'admin', 1, 'Admin/Model/index', '模型管理', 1, ''),
(14, 'admin', 1, 'Admin/Menu/sort', '排序', 1, ''),
(15, 'admin', 1, 'Admin/Link/add', '添加', 1, ''),
(16, 'admin', 1, 'Admin/Link/edit', '编辑', 1, ''),
(19, 'admin', 1, 'Admin/Link/sort', '排序', 1, ''),
(20, 'admin', 1, 'Admin/Content/news', '查看', 1, ''),
(21, 'admin', 1, 'Admin/Content/add', '添加', 1, ''),
(22, 'admin', 1, 'Admin/Content/edit', '编辑', 1, ''),
(23, 'admin', 1, 'Admin/Content/changeStatus', '改变状态', 1, ''),
(24, 'admin', 1, 'Admin/Content/up', '置顶', 1, ''),
(25, 'admin', 1, 'Admin/Content/del', '删除', 1, ''),
(32, 'admin', 1, 'Admin/Category/import', '导入', 1, ''),
(33, 'admin', 1, 'Admin/Model/add', '添加模型', 1, ''),
(34, 'admin', 1, 'Admin/Model/edit', '编辑模型', 1, ''),
(35, 'admin', 1, 'Admin/Model/generate', '生成模型', 1, ''),
(39, 'admin', 1, 'Admin/Config/add', '新增配置', 1, ''),
(40, 'admin', 1, 'Admin/Config/edit', '编辑配置', 1, ''),
(41, 'admin', 1, 'Admin/Config/save', '批量保存', 1, ''),
(42, 'admin', 1, 'Admin/Config/del', '删除配置', 1, ''),
(43, 'admin', 1, 'Admin/Config/sort', '排序', 1, ''),
(45, 'admin', 1, 'Admin/Content/index', '内容管理', 1, ''),
(46, 'admin', 2, 'Admin/Public/index', '扩展', 1, ''),
(47, 'admin', 1, 'Admin/Link/index', '链接管理', 1, ''),
(48, 'admin', 1, 'Admin/Category/index', '分类管理', 1, ''),
(49, 'admin', 1, 'Admin/Menu/index', '菜单管理', 1, ''),
(50, 'admin', 1, 'Admin/Database/exportIndex', '备份数据库', 1, ''),
(51, 'admin', 1, 'Admin/Database/importIndex', '还原数据库', 1, ''),
(52, 'admin', 1, 'Admin/AuthManager/createGroup', '创建用户组', 1, ''),
(53, 'admin', 1, 'Admin/AuthManager/access', '访问授权', 1, ''),
(54, 'admin', 1, 'Admin/AuthManager/category', '分类授权', 1, ''),
(55, 'admin', 1, 'Admin/Addons/index', '插件管理', 1, ''),
(56, 'admin', 1, 'Admin/Addons/hooks', '钩子管理', 1, ''),
(57, 'admin', 1, 'Admin/Addons/create', '创建', 1, ''),
(58, 'admin', 1, 'Admin/Addons/preview', '预览', 1, ''),
(59, 'admin', 1, 'Admin/Addons/config', '设置', 1, ''),
(60, 'admin', 1, 'Admin/Addons/edithook', '编辑钩子', 1, ''),
(61, 'admin', 1, 'Admin/Addons/addhook', '添加钩子', 1, ''),
(62, 'admin', 1, 'Admin/Temp/editTemp', '编辑模版', 1, ''),
(63, 'admin', 1, 'Admin/Temp/index', '模版设置', 1, ''),
(64, 'admin', 1, 'Admin/Module/index', '模块管理', 1, ''),
(66, 'admin', 2, 'Admin/AddonsBack/adminList', '插件', 1, ''),
(73, 'admin', 1, 'Admin/AuthManager/module', '模块授权', 1, ''),
(78, 'admin', 1, 'Admin/User/add', '新增用户', 1, ''),
(87, 'admin', 1, 'Admin/Category/add', '添加', 1, ''),
(88, 'admin', 1, 'Admin/Category/edit', '编辑', 1, ''),
(89, 'admin', 1, 'Admin/Category/changeStatus', '禁用', 1, ''),
(90, 'admin', 1, 'Admin/Category/delete', '删除', 1, ''),
(91, 'admin', 1, 'Admin/Category/sort', '排序', 1, ''),
(92, 'admin', 1, 'Admin/Category/clearCache', '清除缓存', 1, ''),
(94, 'admin', 1, 'Admin/AuthManager/editGroup', '编辑用户组', 1, ''),
(96, 'admin', 1, 'Admin/Link/changeStatus', '禁用', 1, ''),
(97, 'admin', 1, 'Admin/Link/del', '删除', 1, ''),
(98, 'admin', 1, 'Admin/Cttribute/add', '添加属性', 1, ''),
(99, 'admin', 1, 'Admin/Cttribute/edit', '编辑属性', 1, ''),
(100, 'admin', 1, 'Admin/Cttribute/index', '属性管理', 1, ''),
(101, 'admin', 1, 'Admin/User/addaction', '新增行为', 1, ''),
(103, 'admin', 1, 'Admin/User/editAction', '编辑行为', 1, ''),
(104, 'admin', 1, 'Admin/Action/edit', '查看行为', 1, ''),
(133, 'admin', 1, 'Admin/TreeConfig/index', '行业类别', 1, ''),
(134, 'admin', 1, 'Admin/treeConfig/xueyuan', '学院类别', 1, ''),
(401, 'admin', 2, 'Admin/dispatch/execute_module?_extend=module&amp;_module=ZhuMengXinLu&amp;_contr', '青锐心路', 1, ''),
(402, 'admin', 2, 'Admin/dispatch/execute_module?_extend=module&amp;_module=Manage&amp;_controller=', '招聘信息', 1, ''),
(403, 'admin', 2, 'Admin/dispatch/execute_module?_extend=module&_module=AppClient&_controller=index', '客户端', 1, ''),
(404, 'admin', 2, 'Admin/dispatch/execute_module?_extend=module&amp;_module=TuanShiWei&amp;_control', '协调办公室', 1, ''),
(405, 'admin', 2, 'Admin/dispatch/execute_module?_extend=module&amp;_module=QuXianTuanWei&amp;_cont', '合作部门', 1, ''),
(406, 'admin', 2, 'Admin/dispatch/execute_module?_extend=module&amp;_module=XiaoTuanWei&amp;_contro', '校团委', 1, ''),
(407, 'admin', 2, 'Admin/dispatch/execute_module?_extend=module&amp;_module=YuanTuanWei&amp;_contro', '院团委', 1, '');

-- --------------------------------------------------------

--
-- 表的结构 `jdi_base_article`
--

CREATE TABLE `jdi_base_article` (
  `id` int(10) UNSIGNED NOT NULL COMMENT '主键',
  `title` varchar(255) NOT NULL COMMENT '标题',
  `uid` int(10) UNSIGNED NOT NULL COMMENT '发布用户id',
  `category_id` int(10) UNSIGNED NOT NULL COMMENT '所属分类',
  `description` varchar(255) NOT NULL COMMENT '描述',
  `link` varchar(255) NOT NULL COMMENT '外链',
  `deadline` int(10) NOT NULL COMMENT '截止时间',
  `view` int(10) UNSIGNED NOT NULL DEFAULT '0' COMMENT '浏览数量',
  `create_time` int(10) UNSIGNED NOT NULL COMMENT '创建时间',
  `update_time` int(10) UNSIGNED NOT NULL COMMENT '更新时间',
  `url` varchar(255) NOT NULL COMMENT '内容页面url',
  `status` tinyint(1) UNSIGNED NOT NULL DEFAULT '1' COMMENT '状态',
  `weight` int(10) UNSIGNED NOT NULL DEFAULT '0' COMMENT '权重',
  `is_up` tinyint(1) DEFAULT '0' COMMENT '是否置顶'
) ENGINE=MyISAM DEFAULT CHARSET=utf8 ROW_FORMAT=DYNAMIC;

-- --------------------------------------------------------

--
-- 表的结构 `jdi_config`
--

CREATE TABLE `jdi_config` (
  `id` int(10) UNSIGNED NOT NULL COMMENT '配置ID',
  `name` varchar(30) NOT NULL DEFAULT '' COMMENT '配置名称',
  `type` tinyint(3) UNSIGNED NOT NULL DEFAULT '0' COMMENT '配置类型',
  `title` varchar(50) NOT NULL DEFAULT '' COMMENT '配置说明',
  `group` tinyint(3) UNSIGNED NOT NULL DEFAULT '0' COMMENT '配置分组',
  `extra` varchar(255) NOT NULL DEFAULT '' COMMENT '配置值',
  `remark` varchar(100) NOT NULL COMMENT '配置说明',
  `create_time` int(10) UNSIGNED NOT NULL DEFAULT '0' COMMENT '创建时间',
  `update_time` int(10) UNSIGNED NOT NULL DEFAULT '0' COMMENT '更新时间',
  `status` tinyint(4) NOT NULL DEFAULT '0' COMMENT '状态',
  `value` text NOT NULL COMMENT '配置值',
  `sort` smallint(3) UNSIGNED NOT NULL DEFAULT '0' COMMENT '排序'
) ENGINE=MyISAM DEFAULT CHARSET=utf8;

--
-- 转存表中的数据 `jdi_config`
--

INSERT INTO `jdi_config` (`id`, `name`, `type`, `title`, `group`, `extra`, `remark`, `create_time`, `update_time`, `status`, `value`, `sort`) VALUES
(1, 'WEB_SITE_TITLE', 1, '网站标题', 1, '', '网站标题前台显示标题', 1378898976, 1379235274, 1, '仓库统计', 1),
(2, 'WEB_SITE_DESCRIPTION', 2, '网站描述', 1, '', '网站搜索引擎描述', 1378898976, 1379235841, 1, '仓库统计', 2),
(3, 'WEB_SITE_KEYWORD', 2, '网站关键字', 1, '', '网站搜索引擎关键字', 1378898976, 1381390100, 1, '仓库统计', 9),
(4, 'WEB_SITE_CLOSE', 4, '关闭站点', 1, '0:关闭,1:开启', '站点关闭后其他用户不能访问，管理员可以正常访问', 1378898976, 1379235296, 1, '1', 6),
(9, 'CONFIG_TYPE_LIST', 3, '配置类型列表', 4, '', '主要用于数据解析和页面表单的生成', 1378898976, 1379235348, 1, '0:数字\r\n1:字符\r\n2:文本\r\n3:数组\r\n4:枚举', 14),
(10, 'WEB_SITE_ICP', 1, '网站备案号', 1, '', '设置在网站底部显示的备案号，如“沪ICP备12007941号-2', 1378900335, 1379235859, 1, '', 15),
(11, 'DOCUMENT_POSITION', 3, '文档推荐位', 2, '', '文档推荐位', 1379053380, 1419111436, 1, '1:列表页推荐\r\n2:频道页推荐\r\n3:网站首页推荐', 5),
(12, 'DOCUMENT_DISPLAY', 3, '文档可见性', 2, '', '文章可见性仅影响前台显示，后台不收影响', 1379056370, 1379235322, 1, '0:所有人可见\r\n1:仅注册会员可见\r\n2:仅管理员可见', 7),
(20, 'CONFIG_GROUP_LIST', 3, '配置分组', 4, '', '配置分组', 1379228036, 1428572450, 1, '1:基本\r\n2:内容\r\n3:用户\r\n4:系统\r\n5:安全\r\n6:其他\r\n', 16),
(21, 'HOOKS_TYPE', 3, '钩子的类型', 4, '', '类型 1-用于扩展显示内容，2-用于扩展业务处理', 1379313397, 1379313407, 1, '1:视图\r\n2:控制器', 10),
(22, 'AUTH_CONFIG', 3, 'Auth配置', 4, '', '自定义Auth.class.php类配置', 1379409310, 1379409564, 1, 'AUTH_ON:1\r\nAUTH_TYPE:2', 11),
(40, 'TEMP_PATH', 2, '前台模版路径', 2, '', '内容显示的模版路径', 1418650622, 1422414641, 1, './Template', 0),
(24, 'DRAFT_AOTOSAVE_INTERVAL', 0, '自动保存草稿时间', 2, '', '自动保存草稿的时间间隔，单位：秒', 1379484574, 1386143323, 1, '60', 20),
(25, 'LIST_ROWS', 0, '后台每页记录数', 2, '', '后台数据每页显示记录数', 1379503896, 1380427745, 1, '10', 21),
(26, 'USER_ALLOW_REGISTER', 4, '是否允许用户注册', 3, '0:关闭注册\r\n1:允许注册', '是否开放用户注册', 1379504487, 1421158169, 1, '1', 4),
(28, 'DATA_BACKUP_PATH', 1, '数据库备份根路径', 4, '', '路径必须以 / 结尾', 1381482411, 1381482411, 1, './Data/', 17),
(29, 'DATA_BACKUP_PART_SIZE', 0, '数据库备份卷大小', 4, '', '该值用于限制压缩后的分卷最大长度。单位：B；建议设置20M', 1381482488, 1381729564, 1, '20971520', 8),
(30, 'DATA_BACKUP_COMPRESS', 4, '数据库备份文件是否启用压缩', 4, '0:不压缩\r\n1:启用压缩', '压缩备份文件需要PHP环境支持gzopen,gzwrite函数', 1381713345, 1381729544, 1, '1', 18),
(31, 'DATA_BACKUP_COMPRESS_LEVEL', 4, '数据库备份文件压缩级别', 4, '1:普通\r\n4:一般\r\n9:最高', '数据库备份文件的压缩级别，该配置在开启压缩时生效', 1381713408, 1381713408, 1, '9', 22),
(32, 'DEVELOP_MODE', 4, '开启开发者模式', 4, '0:关闭\r\n1:开启', '是否开启开发者模式', 1383105995, 1383291877, 1, '1', 24),
(33, 'ALLOW_VISIT', 3, '不受限控制器方法', 0, '', '', 1386644047, 1425196939, 1, '1:index/index\r\n2:Index/verify\r\n3:file/upload\r\n4:file/download\r\n5:index/updatePassword\r\n6:index/updateNickname\r\n9:file/uploadpicture', 3),
(41, 'SYSTEM_COLOR', 3, '颜色配置', 0, '', '通用颜色', 1418973661, 1418976664, 1, '#555\r\n#ac725e\r\n#d06b64\r\n#f83a22\r\n#fa573c\r\n#ff7537\r\n#ffad46\r\n#42d692\r\n#16a765\r\n#7bd148\r\n#b3dc6c\r\n#fbe983\r\n#fad165\r\n#92e1c0\r\n#9fe1e7\r\n#9fc6e7\r\n#4986e7\r\n#9a9cff\r\n#b99aff\r\n#c2c2c2\r\n#cabdbf\r\n#cca6ac\r\n#f691b2\r\n#cd74e6\r\n#a47ae2\r\n\r\n', 0),
(34, 'DENY_VISIT', 3, '超管专限控制器方法', 0, '', '仅超级管理员可访问的控制器方法', 1386644141, 1386644659, 1, '0:Addons/addhook\r\n1:Addons/edithook\r\n2:Addons/delhook\r\n3:Addons/updateHook\r\n4:Admin/getMenus\r\n5:Admin/recordList\r\n6:AuthManager/updateRules\r\n7:AuthManager/tree', 12),
(35, 'REPLY_LIST_ROWS', 0, '回复列表每页条数', 2, '', '', 1386645376, 1387178083, 1, '10', 23),
(36, 'ADMIN_ALLOW_IP', 2, '后台允许访问IP', 4, '', '多个用逗号分隔，如果不配置表示不限制IP访问', 1387165454, 1387165553, 1, '', 25),
(37, 'SHOW_PAGE_TRACE', 4, '是否显示页面Trace', 4, '0:关闭\r\n1:开启', '是否显示页面Trace信息', 1387165685, 1387165685, 1, '0', 13),
(43, 'LINK_GROUP', 3, '链接分组', 2, '', '链接分组,t开头的分组代表只能是纯文本链接,\r\np开头的分组代表必须有图片,a开头的分组代表都行', 1419298534, 1431077348, 1, 't-1:友情链接\r\n', 0),
(60, 'JDI_THEME', 1, '前台主题', 0, '', '', 1421898458, 1422414658, 1, 'zhumeng', 0),
(61, 'WEB_URL', 1, '网站前台url', 1, '', '', 1422007394, 1422007407, 1, 'http://localhost/jdicms', 0),
(62, 'MOBILE_THEME', 1, '手机模版', 0, '', '', 1422414699, 1422414699, 1, 'zhumeng', 0),
(63, 'API_PRIVATE_KEY', 2, '接口访问密钥', 5, '', '', 1422678499, 1422841294, 1, '148731093hh56yhdthtg346h34hyebyn6n6w4xg3xhqh64j', 0),
(69, 'API_OUT_TIME', 0, 'API请求超时时间', 5, '', '单位秒', 1423190005, 1423190171, 1, '8', 0),
(73, 'ADMIN_WEB_TITLE', 1, '网站后台标题', 1, '', '', 1428195222, 1428195230, 1, 'C K T J', 0),
(74, 'QUXIAN', 3, '区县配置', 6, '', '', 1428556290, 1428572462, 1, 'hp01:和平区\r\nhx02:河西区\r\nhd03:河东区\r\nhb04:河北区\r\nnk05:南开区\r\nhq06:红桥区\r\ndl07:东丽区\r\nxq08:西青区\r\nbc09:北辰区\r\njn10:津南区\r\nbh11:滨海新区\r\nbd14:宝坻区\r\nnh15:宁河区\r\njh16:静海区\r\nwq17:武清区\r\njx18:蓟县\r\nszsdw:市直属单位', 0),
(75, 'COMPANY_CATEGORY', 3, '行业类型', 6, '', '', 1428562453, 1428916812, 1, '0:不限\r\n1:互联网/电子商务\r\n2:计算机软件\r\n3:计算机硬件\r\n4:IT服务/系统集成\r\n5:通信/电信\r\n6:电子技术/半导体/集成电路\r\n7:仪器仪表/工业自动化\r\n8:财务/审计\r\n9:金融/银行\r\n10:保险\r\n11:贸易/进出口\r\n12:批发/零售\r\n13:快速消费品(食品/饮料等)\r\n14:耐用消费品（家具/家电等)\r\n15:服装/纺织/皮革 \r\n16:办公用品及设备\r\n17:钢铁/机械/设备/重工\r\n18:汽车/摩托车\r\n19:医疗/保健/卫生/美容\r\n20:生物/制药/医疗器械\r\n21:广告/创意\r\n22:公关/市场推广/会展\r\n23:文体/影视/艺术 媒体传播\r\n24:出版/印刷/造纸\r\n25:房地产/物业管理\r\n26:建筑/建材\r\n27:家居/室内设计/装潢\r\n28:中介/专业服务\r\n29:检测/认证\r\n30:法律/法务\r\n31:教育/科研/培训\r\n32:旅游/酒店\r\n33:娱乐休闲/餐饮/服务\r\n34:交通/运输/物流\r\n35:航天/航空\r\n36:化工/采掘/冶炼\r\n37:能源（电力/水利/矿产)\r\n38:原材料和加工\r\n39:政府/非盈利机构 \r\n40:环保 \r\n41:农林牧渔 \r\n42:多元化集团\r\n43:人力资源服务\r\n44:其他行业', 0),
(76, 'MONTH_SALARY', 3, '月薪', 6, '', '', 1428569854, 1428573616, 1, '0:无\r\n1:面议\r\n2:1000以下\r\n3:1000~2000\r\n4:2000~3000\r\n5:3000~4000\r\n6:4000~5000\r\n7:5000以上', 0),
(77, 'EDUCATION', 3, '学历', 0, '', '', 1428570066, 1428912642, 1, '0:不限\r\n1:专科\r\n2:本科\r\n3:研究生\r\n4:博士', 0),
(78, 'WELFARE', 3, '生活福利', 6, '', '', 1428570569, 1428573638, 1, '1:房补\r\n2:餐补\r\n3:交通补', 0),
(79, 'STUDENT_QUOTA', 0, '学生最多同时投递简历数', 6, '', '超过设置的值，学生就不能再投递简历了', 1428572585, 1428637798, 1, '3', 0),
(80, 'COMPANY_QUOTA', 0, '企业初始招聘名额', 6, '', '新增企业的时候默认的招聘名额', 1428637787, 1428637787, 1, '10', 0),
(81, 'COMPANY_ATTR', 3, '公司属性', 0, '', '', 1428910311, 1463929904, 1, '0:国有企业\r\n1:民营企业\r\n2:机关事业单位\r\n3:外资企业\r\n4:社区农村', 0),
(83, 'ZX_CATEGORY', 3, '专项活动类别', 0, '', '', 1430013458, 1430102441, 1, '0:津港大学生职场交流项目\r\n1:大学生实习村官\r\n2:大学生总经理助理\r\n3:大学生走进市直属单位实习\r\n4:其他', 0),
(84, 'REG_NUMBER', 0, '注册人数基数', 6, '', '', 1463722706, 1463722706, 1, '0', 0),
(85, 'POS_NUMBER', 0, '发布岗位基数', 6, '', '', 1463722735, 1463722735, 1, '0', 0),
(86, 'PLACE_QUXIAN', 3, '区县', 0, '', '', 1471923026, 1471923026, 1, '0:和平区\r\n1:河东区\r\n2:河西区\r\n3:南开区\r\n4:河北区\r\n5:红桥区\r\n6:滨海新区\r\n7:东丽区\r\n8:西青区\r\n9:津南区\r\n10:北辰区\r\n11:武清区\r\n12:宝坻区\r\n13:宁河区\r\n14:静海区\r\n15:蓟州区', 0),
(87, 'ZHUANYE_ATTR', 3, '专业', 0, '', '', 1471923129, 1471980756, 1, '0:电子信息\r\n1:法律、教育、咨询\r\n2:服务业\r\n3:广告、艺术、传媒\r\n4:互联网及软件工程\r\n5:化工材料、环境科学\r\n6:机械能源、工业设计\r\n7:建筑、房地产\r\n8:经济、管理、金融\r\n9:农林、畜牧、食品\r\n10:汽车制造、维修、销售\r\n11:生产、包装、物流、仓储\r\n12:生物医药\r\n13:新闻、中文、语言类\r\n14:不限专业岗位', 0);

-- --------------------------------------------------------

--
-- 表的结构 `jdi_depot`
--

CREATE TABLE `jdi_depot` (
  `id` int(10) UNSIGNED NOT NULL COMMENT '仓库ID',
  `number` char(20) NOT NULL COMMENT '编号',
  `title` varchar(255) NOT NULL COMMENT '简介',
  `max` int(10) NOT NULL COMMENT '最大存储',
  `picture` int(10) NOT NULL COMMENT '仓库图片',
  `type` tinyint(1) NOT NULL COMMENT '类型',
  `status` tinyint(1) NOT NULL DEFAULT '1' COMMENT '状态',
  `create_time` int(11) NOT NULL COMMENT '创建时间',
  `update_time` int(11) NOT NULL COMMENT '更新时间'
) ENGINE=MyISAM DEFAULT CHARSET=utf8;

-- --------------------------------------------------------

--
-- 表的结构 `jdi_file`
--

CREATE TABLE `jdi_file` (
  `id` int(10) UNSIGNED NOT NULL COMMENT '文件ID',
  `name` char(30) NOT NULL DEFAULT '' COMMENT '原始文件名',
  `savename` char(20) NOT NULL DEFAULT '' COMMENT '保存名称',
  `savepath` char(30) NOT NULL DEFAULT '' COMMENT '文件保存路径',
  `ext` char(5) NOT NULL DEFAULT '' COMMENT '文件后缀',
  `mime` char(40) NOT NULL DEFAULT '' COMMENT '文件mime类型',
  `size` int(10) UNSIGNED NOT NULL DEFAULT '0' COMMENT '文件大小',
  `md5` char(32) NOT NULL DEFAULT '' COMMENT '文件md5',
  `sha1` char(40) NOT NULL DEFAULT '' COMMENT '文件 sha1编码',
  `location` tinyint(3) UNSIGNED NOT NULL DEFAULT '0' COMMENT '文件保存位置',
  `create_time` int(10) UNSIGNED NOT NULL COMMENT '上传时间'
) ENGINE=MyISAM DEFAULT CHARSET=utf8 COMMENT='文件表';

-- --------------------------------------------------------

--
-- 表的结构 `jdi_hooks`
--

CREATE TABLE `jdi_hooks` (
  `id` int(10) UNSIGNED NOT NULL COMMENT '主键',
  `name` varchar(40) NOT NULL DEFAULT '' COMMENT '钩子名称',
  `description` text COMMENT '描述',
  `type` tinyint(1) UNSIGNED NOT NULL DEFAULT '1' COMMENT '类型',
  `update_time` int(10) UNSIGNED NOT NULL DEFAULT '0' COMMENT '更新时间',
  `addons` varchar(255) NOT NULL DEFAULT '' COMMENT '钩子挂载的插件 ''，''分割',
  `status` tinyint(1) UNSIGNED NOT NULL DEFAULT '1'
) ENGINE=MyISAM DEFAULT CHARSET=utf8;

--
-- 转存表中的数据 `jdi_hooks`
--

INSERT INTO `jdi_hooks` (`id`, `name`, `description`, `type`, `update_time`, `addons`, `status`) VALUES
(1, 'pageHeader', '页面header钩子，一般用于加载插件CSS文件和代码', 1, 0, '', 1),
(2, 'pageFooter', '页面footer钩子，一般用于加载插件JS文件和JS代码', 1, 0, 'IPlistener', 1),
(3, 'documentEditForm', '添加编辑表单的 扩展内容钩子', 1, 0, '', 1),
(4, 'documentDetailAfter', '文档末尾显示', 1, 0, '', 1),
(5, 'documentDetailBefore', '页面内容前显示用钩子', 1, 0, '', 1),
(6, 'documentSaveComplete', '保存文档数据后的扩展钩子', 2, 0, '', 1),
(7, 'documentEditFormContent', '添加编辑表单的内容显示钩子', 1, 0, '', 1),
(8, 'adminArticleEdit', '后台内容编辑页编辑器', 1, 1378982734, '', 1),
(13, 'AdminIndex', '首页小格子个性化显示', 1, 1498056449, 'SiteStat', 1),
(14, 'topicComment', '评论提交方式扩展钩子。', 1, 1380163518, '', 1),
(16, 'app_begin', '应用开始', 2, 1384481614, '', 1),
(17, 'Advs', '广告钩子', 1, 1428038889, '', 1);

-- --------------------------------------------------------

--
-- 表的结构 `jdi_iplistener`
--

CREATE TABLE `jdi_iplistener` (
  `id` int(11) NOT NULL,
  `ip` varchar(64) NOT NULL COMMENT 'ip地址',
  `visit_time` varchar(16) NOT NULL COMMENT '访问时间',
  `visit_url` varchar(256) NOT NULL COMMENT '访问地址',
  `city` varchar(32) NOT NULL COMMENT '地理位置',
  `isp` varchar(16) NOT NULL COMMENT '运营商'
) ENGINE=MyISAM DEFAULT CHARSET=utf8;

-- --------------------------------------------------------

--
-- 表的结构 `jdi_member`
--

CREATE TABLE `jdi_member` (
  `id` int(10) UNSIGNED NOT NULL COMMENT '用户ID',
  `username` char(16) NOT NULL COMMENT '用户名',
  `password` char(40) NOT NULL COMMENT '密码',
  `mobile` char(15) NOT NULL COMMENT '用户手机',
  `reg_time` int(10) UNSIGNED NOT NULL DEFAULT '0' COMMENT '注册时间',
  `reg_ip` bigint(20) NOT NULL DEFAULT '0' COMMENT '注册IP',
  `last_login_time` int(10) UNSIGNED NOT NULL DEFAULT '0' COMMENT '最后登录时间',
  `last_login_ip` bigint(20) NOT NULL DEFAULT '0' COMMENT '最后登录IP',
  `update_time` int(10) UNSIGNED NOT NULL DEFAULT '0' COMMENT '更新时间',
  `status` tinyint(4) DEFAULT '0' COMMENT '用户状态,-1代表删除,0代表禁用,1代表正常,2代表未审核,3代表审核未通过',
  `login_times` int(11) DEFAULT '0',
  `nickname` char(40) NOT NULL,
  `type` tinyint(1) NOT NULL DEFAULT '0' COMMENT '0代表管理员,1代表企业用户,2代表普通用户',
  `score` mediumint(8) NOT NULL DEFAULT '0',
  `head` varchar(50) NOT NULL,
  `extend` text NOT NULL,
  `create_user` varchar(25) NOT NULL,
  `email` varchar(50) NOT NULL,
  `device` varchar(80) NOT NULL,
  `push_id` varchar(40) NOT NULL
) ENGINE=MyISAM DEFAULT CHARSET=utf8 COMMENT='用户表';

--
-- 转存表中的数据 `jdi_member`
--

INSERT INTO `jdi_member` (`id`, `username`, `password`, `mobile`, `reg_time`, `reg_ip`, `last_login_time`, `last_login_ip`, `update_time`, `status`, `login_times`, `nickname`, `type`, `score`, `head`, `extend`, `create_user`, `email`, `device`, `push_id`) VALUES
(1, 'admin', '644bdda02dff64f25b94f5a656a9966578d3d0e9', '', 1488165559, 0, 1499480762, 0, 1488165559, 1, 640, '开发者', 0, 0, '', '', '', '', '', ''),
(2, 'tsw150001', '809317d976b17b4287f686485b52fcbee45a1daa', '', 1469155530, 1872806714, 1478593623, 1872806714, 1469155530, 1, 271, 'tsw150001', 0, 0, '', '0', 'admin', '', '', '');

-- --------------------------------------------------------

--
-- 表的结构 `jdi_menu`
--

CREATE TABLE `jdi_menu` (
  `id` int(10) UNSIGNED NOT NULL COMMENT '文档ID',
  `title` varchar(50) NOT NULL DEFAULT '' COMMENT '标题',
  `pid` int(10) UNSIGNED NOT NULL DEFAULT '0' COMMENT '上级分类ID',
  `sort` int(10) UNSIGNED NOT NULL DEFAULT '0' COMMENT '排序（同级有效）',
  `url` char(255) NOT NULL DEFAULT '' COMMENT '链接地址',
  `hide` tinyint(1) UNSIGNED NOT NULL DEFAULT '0' COMMENT '是否隐藏',
  `tip` varchar(255) NOT NULL DEFAULT '' COMMENT '提示',
  `group` varchar(50) DEFAULT '' COMMENT '分组',
  `is_dev` tinyint(1) UNSIGNED NOT NULL DEFAULT '0' COMMENT '是否仅开发者模式可见',
  `module` char(20) NOT NULL DEFAULT 'Admin'
) ENGINE=MyISAM DEFAULT CHARSET=utf8;

--
-- 转存表中的数据 `jdi_menu`
--

INSERT INTO `jdi_menu` (`id`, `title`, `pid`, `sort`, `url`, `hide`, `tip`, `group`, `is_dev`, `module`) VALUES
(134, '新增', 128, 0, 'Menu/add', 0, '新增菜单dasdasd', '', 0, 'Admin'),
(135, '删除', 128, 0, 'Menu/del', 0, '', '', 0, 'Admin'),
(136, '导入', 128, 0, 'Menu/import', 0, '', '', 0, 'Admin'),
(137, '编辑', 128, 0, 'Menu/edit', 0, '', '', 0, 'Admin'),
(141, '用户信息', 140, 0, 'User/index', 0, '', '用户管理', 0, 'Admin'),
(140, '用户', 0, 9, 'Public/index', 0, '', '', 0, 'Admin'),
(142, '用户行为', 140, 0, 'User/action', 0, '', '行为管理', 0, 'Admin'),
(143, '权限管理', 140, 0, 'AuthManager/index', 0, '', '用户管理', 0, 'Admin'),
(144, '行为日志', 140, 0, 'Action/actionlog', 0, '', '行为管理', 0, 'Admin'),
(145, '修改密码', 140, 0, 'User/updatePassword', 1, '', '', 0, 'Admin'),
(146, '修改昵称', 140, 0, 'User/updateNickname', 1, '', '', 0, 'Admin'),
(128, '菜单管理', 6, 6, 'Menu/index', 0, '', '系统设置', 0, 'Admin'),
(129, '备份数据库', 6, 6, 'Database/exportIndex', 0, '', '数据备份', 0, 'Admin'),
(130, '还原数据库', 6, 6, 'Database/importIndex', 0, '', '数据备份', 0, 'Admin'),
(6, '系统', 0, 10, 'Public/index', 0, '', '', 0, 'Admin'),
(148, '网站设置', 6, 0, 'Config/group', 0, '', '系统设置', 0, 'Admin'),
(149, '配置管理', 6, 0, 'Config/index', 0, '', '系统设置', 0, 'Admin'),
(151, '分类管理', 150, 3, 'Category/index', 0, '', '', 0, 'Admin'),
(152, '模型管理', 6, 0, 'Model/index', 0, '', '系统设置', 0, 'Admin'),
(153, '内容管理', 150, 1, 'Content/index', 0, '', '', 0, 'Admin'),
(166, '链接管理', 150, 2, 'Link/index', 0, '', '', 0, 'Admin'),
(265, '排序', 128, 0, 'Menu/sort', 0, '', '', 0, 'Admin'),
(266, '创建用户组', 143, 0, 'AuthManager/createGroup', 0, '', '', 0, 'Admin'),
(267, '访问授权', 143, 0, 'AuthManager/access', 0, '', '', 0, 'Admin'),
(268, '分类授权', 143, 0, 'AuthManager/category', 0, '', '', 0, 'Admin'),
(188, '添加', 166, 0, 'Link/add', 0, '', '', 0, 'Admin'),
(189, '编辑', 166, 0, 'Link/edit', 0, '', '', 0, 'Admin'),
(190, '禁用', 166, 0, 'Link/changeStatus', 0, '', '', 0, 'Admin'),
(191, '删除', 166, 0, 'Link/del', 0, '', '', 0, 'Admin'),
(192, '排序', 166, 0, 'Link/sort', 0, '', '', 0, 'Admin'),
(193, '查看', 153, 0, 'Content/news', 0, '', '', 0, 'Admin'),
(194, '添加', 153, 0, 'Content/add', 0, '', '', 0, 'Admin'),
(195, '编辑', 153, 0, 'Content/edit', 0, '', '', 0, 'Admin'),
(196, '改变状态', 153, 0, 'Content/changeStatus', 0, '', '', 0, 'Admin'),
(197, '置顶', 153, 0, 'Content/up', 0, '', '', 0, 'Admin'),
(198, '删除', 153, 0, 'Content/del', 0, '', '', 0, 'Admin'),
(199, '添加', 151, 0, 'Category/add', 0, '', '', 0, 'Admin'),
(200, '编辑', 151, 0, 'Category/edit', 0, '', '', 0, 'Admin'),
(201, '禁用', 151, 0, 'Category/changeStatus', 0, '', '', 0, 'Admin'),
(202, '删除', 151, 0, 'Category/delete', 0, '', '', 0, 'Admin'),
(203, '排序', 151, 0, 'Category/sort', 0, '', '', 0, 'Admin'),
(204, '清除缓存', 151, 0, 'Category/clearCache', 0, '', '', 0, 'Admin'),
(205, '导入', 151, 0, 'Category/import', 0, '', '', 0, 'Admin'),
(252, '添加模型', 152, 0, 'Model/add', 0, '', '', 0, 'Admin'),
(253, '编辑模型', 152, 0, 'Model/edit', 0, '', '', 0, 'Admin'),
(254, '生成模型', 152, 0, 'Model/generate', 0, '', '', 0, 'Admin'),
(255, '添加属性', 152, 0, 'Cttribute/add', 0, '', '', 0, 'Admin'),
(256, '编辑属性', 152, 0, 'Cttribute/edit', 0, '', '', 0, 'Admin'),
(257, '属性管理', 152, 0, 'Cttribute/index', 0, '', '', 0, 'Admin'),
(258, '配置管理', 149, 0, 'Config/index', 0, '', '', 0, 'Admin'),
(259, '新增配置', 149, 0, 'Config/add', 0, '', '', 0, 'Admin'),
(260, '编辑配置', 149, 0, 'Config/edit', 0, '', '', 0, 'Admin'),
(261, '批量保存', 149, 0, 'Config/save', 0, '', '', 0, 'Admin'),
(262, '删除配置', 149, 0, 'Config/del', 0, '', '', 0, 'Admin'),
(263, '分组管理', 149, 0, 'Config/group', 0, '', '', 0, 'Admin'),
(264, '排序', 149, 0, 'Config/sort', 0, '', '', 0, 'Admin'),
(269, '扩展', 0, 11, 'Public/index', 0, '', '', 0, 'Admin'),
(270, '插件管理', 269, 0, 'Addons/index', 0, '', '扩展', 0, 'Admin'),
(271, '钩子管理', 269, 0, 'Addons/hooks', 0, '', '扩展', 0, 'Admin'),
(272, '创建', 270, 0, 'Addons/create', 0, '', '', 0, 'Admin'),
(273, '预览', 270, 0, 'Addons/preview', 0, '', '', 0, 'Admin'),
(274, '设置', 270, 0, 'Addons/config', 0, '', '', 0, 'Admin'),
(275, '编辑钩子', 271, 0, 'Addons/edithook', 0, '', '', 0, 'Admin'),
(276, '添加钩子', 271, 0, 'Addons/addhook', 0, '', '', 0, 'Admin'),
(277, '插件', 0, 12, 'AddonsBack/adminList', 0, '', '', 0, 'Admin'),
(278, '编辑模版', 6, 0, 'Temp/editTemp', 0, '', '模版管理', 0, 'Admin'),
(279, '模版设置', 6, 0, 'Temp/index', 0, '', '模版管理', 0, 'Admin'),
(280, '模块管理', 269, 0, 'Module/index', 0, '', '扩展', 0, 'Admin'),
(302, '编辑用户组', 143, 0, 'AuthManager/editGroup', 0, '', '', 0, 'Admin'),
(303, '新增行为', 142, 0, 'User/addaction', 0, '', '', 0, 'Admin'),
(301, '创建用户组', 143, 0, 'AuthManager/createGroup', 0, '', '', 0, 'Admin'),
(298, '模块授权', 143, 0, 'AuthManager/module', 0, '', '', 0, 'Admin'),
(299, '新增用户', 141, 0, 'User/add', 0, '', '', 0, 'Admin'),
(304, '编辑行为', 142, 0, 'User/editAction', 0, '', '', 0, 'Admin'),
(305, '查看行为', 144, 0, 'Action/edit', 0, '', '', 0, 'Admin'),
(316, '行业类别', 6, 0, 'TreeConfig/index', 0, '', '系统设置', 0, 'Admin'),
(317, '学院类别', 6, 0, 'treeConfig/xueyuan', 0, '', '系统设置', 0, 'Admin');

-- --------------------------------------------------------

--
-- 表的结构 `jdi_model`
--

CREATE TABLE `jdi_model` (
  `id` int(10) UNSIGNED NOT NULL COMMENT '模型ID',
  `name` char(30) NOT NULL DEFAULT '' COMMENT '模型标识',
  `title` char(30) NOT NULL DEFAULT '' COMMENT '模型名称',
  `field_sort` text COMMENT '表单字段排序',
  `field_group` varchar(255) NOT NULL DEFAULT '1:基础' COMMENT '字段分组',
  `attribute_list` text COMMENT '属性列表（表的字段）',
  `attribute_alias` varchar(255) NOT NULL DEFAULT '' COMMENT '属性别名定义',
  `template_list` varchar(100) NOT NULL DEFAULT '' COMMENT '列表模板',
  `template_add` varchar(100) NOT NULL DEFAULT '' COMMENT '新增模板',
  `template_edit` varchar(100) NOT NULL DEFAULT '' COMMENT '编辑模板',
  `list_grid` text COMMENT '列表定义',
  `list_row` smallint(2) UNSIGNED NOT NULL DEFAULT '10' COMMENT '列表数据长度',
  `search_key` varchar(50) NOT NULL DEFAULT '' COMMENT '默认搜索字段',
  `search_list` varchar(255) NOT NULL DEFAULT '' COMMENT '高级搜索的字段',
  `create_time` int(10) UNSIGNED NOT NULL DEFAULT '0' COMMENT '创建时间',
  `update_time` int(10) UNSIGNED NOT NULL DEFAULT '0' COMMENT '更新时间',
  `status` tinyint(3) UNSIGNED NOT NULL DEFAULT '0' COMMENT '状态',
  `type` tinyint(3) UNSIGNED NOT NULL,
  `engine_type` varchar(25) NOT NULL DEFAULT 'MyISAM' COMMENT '数据库引擎',
  `pid` int(10) NOT NULL COMMENT '父id'
) ENGINE=MyISAM DEFAULT CHARSET=utf8 COMMENT='文档模型表';

--
-- 转存表中的数据 `jdi_model`
--

INSERT INTO `jdi_model` (`id`, `name`, `title`, `field_sort`, `field_group`, `attribute_list`, `attribute_alias`, `template_list`, `template_add`, `template_edit`, `list_grid`, `list_row`, `search_key`, `search_list`, `create_time`, `update_time`, `status`, `type`, `engine_type`, `pid`) VALUES
(22, 'download', '下载', '{"1":["122","125","133"],"2":["129","127","237","126","128"]}', '1:基础;2:扩展', '', 'title:标题\r\nview:浏览数量\r\ncreate_time:创建时间\r\nupdate_time:更新时间\r\ndeadline:截至日期\r\nlink:外链\r\n', 'lists', 'add', 'edit', 'title:标题\r\nview:浏览数量\r\ncreate_time:创建时间\r\nupdate_time:更新时间\r\ndeadline:截至日期\r\nlink:外链', 10, 'title', '', 1418978727, 1421066281, 1, 0, 'MyISAM', 0),
(18, 'base_article', '基础文档', '{"1":["82","85"],"2":["88","89","87","236","86"]}', '1:基础;2:扩展', '', 'title:标题\r\nview:浏览数量\r\ncreate_time:创建时间\r\nupdate_time:更新时间\r\ndeadline:截至日期\r\nlink:外链\r\n', 'lists', 'add', 'edit', 'title:标题\r\nview:浏览数量\r\ncreate_time:创建时间\r\nupdate_time:更新时间\r\ndeadline:截至日期\r\nlink:外链', 10, 'title', '', 1418802016, 1421066327, 1, 0, 'MyISAM', 0),
(32, 'article_picture', '图片模型', '{"1":["248","245","251"],"2":["253","249","243","252","244","242","254","255"]}', '1:基础;2:扩展', NULL, 'title:标题\r\nview:浏览数量\r\ncreate_time:创建时间\r\nupdate_time:更新时间\r\ndeadline:截至日期\r\nlink:外链\r\n', 'lists', 'add', 'edit', 'title:标题\r\nview:浏览数量\r\ncreate_time:创建时间\r\nupdate_time:更新时间\r\ndeadline:截至日期\r\nlink:外链', 10, 'title', '', 1421632257, 1421662503, 1, 0, 'MyISAM', 0),
(40, 'app_client', '客户端', '', '1:基础', NULL, '', '', '', '', NULL, 10, '', '', 1426479728, 1426479728, 1, 0, 'MyISAM', 0),
(60, 'app_notice', '推送模型', '', '1:基础', NULL, '', '', '', '', NULL, 10, '', '', 1430208972, 1430208972, 1, 0, 'MyISAM', 0);

-- --------------------------------------------------------

--
-- 表的结构 `jdi_module`
--

CREATE TABLE `jdi_module` (
  `id` int(10) UNSIGNED NOT NULL COMMENT '主键',
  `name` varchar(40) NOT NULL COMMENT '插件名或标识',
  `title` varchar(20) NOT NULL DEFAULT '' COMMENT '中文名',
  `description` text COMMENT '插件描述',
  `status` tinyint(1) NOT NULL DEFAULT '1' COMMENT '状态',
  `config` text COMMENT '配置',
  `author` varchar(40) DEFAULT '' COMMENT '作者',
  `version` varchar(20) DEFAULT '' COMMENT '版本号',
  `create_time` int(10) UNSIGNED NOT NULL DEFAULT '0' COMMENT '安装时间'
) ENGINE=MyISAM DEFAULT CHARSET=utf8 COMMENT='插件表';

-- --------------------------------------------------------

--
-- 表的结构 `jdi_picture`
--

CREATE TABLE `jdi_picture` (
  `id` int(10) UNSIGNED NOT NULL COMMENT '主键id自增',
  `path` varchar(255) NOT NULL DEFAULT '' COMMENT '路径',
  `url` varchar(255) NOT NULL DEFAULT '' COMMENT '图片链接',
  `md5` char(32) NOT NULL DEFAULT '' COMMENT '文件md5',
  `sha1` char(40) NOT NULL DEFAULT '' COMMENT '文件 sha1编码',
  `status` tinyint(2) NOT NULL DEFAULT '0' COMMENT '状态',
  `create_time` int(10) UNSIGNED NOT NULL DEFAULT '0' COMMENT '创建时间'
) ENGINE=MyISAM DEFAULT CHARSET=utf8;

-- --------------------------------------------------------

--
-- 表的结构 `jdi_verify`
--

CREATE TABLE `jdi_verify` (
  `id` int(11) NOT NULL,
  `topic_table` char(40) NOT NULL,
  `topic_id` int(11) NOT NULL,
  `content` text NOT NULL,
  `result` tinyint(1) NOT NULL,
  `create_time` int(11) NOT NULL,
  `update_time` int(11) NOT NULL,
  `uid` int(11) NOT NULL
) ENGINE=MyISAM DEFAULT CHARSET=utf8;

--
-- Indexes for dumped tables
--

--
-- Indexes for table `jdi_action`
--
ALTER TABLE `jdi_action`
  ADD PRIMARY KEY (`id`);

--
-- Indexes for table `jdi_action_log`
--
ALTER TABLE `jdi_action_log`
  ADD PRIMARY KEY (`id`),
  ADD KEY `action_ip_ix` (`action_ip`),
  ADD KEY `action_id_ix` (`action_id`),
  ADD KEY `user_id_ix` (`user_id`);

--
-- Indexes for table `jdi_addons`
--
ALTER TABLE `jdi_addons`
  ADD PRIMARY KEY (`id`);

--
-- Indexes for table `jdi_app_client`
--
ALTER TABLE `jdi_app_client`
  ADD PRIMARY KEY (`id`);

--
-- Indexes for table `jdi_app_notice`
--
ALTER TABLE `jdi_app_notice`
  ADD PRIMARY KEY (`id`);

--
-- Indexes for table `jdi_article_picture`
--
ALTER TABLE `jdi_article_picture`
  ADD PRIMARY KEY (`id`);

--
-- Indexes for table `jdi_attribute`
--
ALTER TABLE `jdi_attribute`
  ADD PRIMARY KEY (`id`),
  ADD KEY `model_id` (`model_id`);

--
-- Indexes for table `jdi_auth_extend`
--
ALTER TABLE `jdi_auth_extend`
  ADD UNIQUE KEY `group_extend_type` (`group_id`,`extend_id`,`type`),
  ADD KEY `uid` (`group_id`),
  ADD KEY `group_id` (`extend_id`);

--
-- Indexes for table `jdi_auth_group`
--
ALTER TABLE `jdi_auth_group`
  ADD PRIMARY KEY (`id`);

--
-- Indexes for table `jdi_auth_group_access`
--
ALTER TABLE `jdi_auth_group_access`
  ADD UNIQUE KEY `uid_group_id` (`uid`,`group_id`),
  ADD KEY `uid` (`uid`),
  ADD KEY `group_id` (`group_id`);

--
-- Indexes for table `jdi_auth_rule`
--
ALTER TABLE `jdi_auth_rule`
  ADD PRIMARY KEY (`id`),
  ADD KEY `module` (`module`,`status`,`type`);

--
-- Indexes for table `jdi_base_article`
--
ALTER TABLE `jdi_base_article`
  ADD PRIMARY KEY (`id`);

--
-- Indexes for table `jdi_config`
--
ALTER TABLE `jdi_config`
  ADD PRIMARY KEY (`id`),
  ADD UNIQUE KEY `uk_name` (`name`),
  ADD KEY `type` (`type`),
  ADD KEY `group` (`group`);

--
-- Indexes for table `jdi_depot`
--
ALTER TABLE `jdi_depot`
  ADD PRIMARY KEY (`id`);

--
-- Indexes for table `jdi_file`
--
ALTER TABLE `jdi_file`
  ADD PRIMARY KEY (`id`),
  ADD UNIQUE KEY `uk_md5` (`md5`);

--
-- Indexes for table `jdi_hooks`
--
ALTER TABLE `jdi_hooks`
  ADD PRIMARY KEY (`id`),
  ADD UNIQUE KEY `name` (`name`);

--
-- Indexes for table `jdi_iplistener`
--
ALTER TABLE `jdi_iplistener`
  ADD PRIMARY KEY (`id`);

--
-- Indexes for table `jdi_member`
--
ALTER TABLE `jdi_member`
  ADD PRIMARY KEY (`id`),
  ADD UNIQUE KEY `username` (`username`),
  ADD KEY `status` (`status`);

--
-- Indexes for table `jdi_menu`
--
ALTER TABLE `jdi_menu`
  ADD PRIMARY KEY (`id`),
  ADD KEY `pid` (`pid`);

--
-- Indexes for table `jdi_model`
--
ALTER TABLE `jdi_model`
  ADD PRIMARY KEY (`id`);

--
-- Indexes for table `jdi_module`
--
ALTER TABLE `jdi_module`
  ADD PRIMARY KEY (`id`);

--
-- Indexes for table `jdi_picture`
--
ALTER TABLE `jdi_picture`
  ADD PRIMARY KEY (`id`);

--
-- Indexes for table `jdi_verify`
--
ALTER TABLE `jdi_verify`
  ADD PRIMARY KEY (`id`);

--
-- 在导出的表使用AUTO_INCREMENT
--

--
-- 使用表AUTO_INCREMENT `jdi_action`
--
ALTER TABLE `jdi_action`
  MODIFY `id` int(11) UNSIGNED NOT NULL AUTO_INCREMENT COMMENT '主键', AUTO_INCREMENT=13;
--
-- 使用表AUTO_INCREMENT `jdi_action_log`
--
ALTER TABLE `jdi_action_log`
  MODIFY `id` int(10) UNSIGNED NOT NULL AUTO_INCREMENT COMMENT '主键', AUTO_INCREMENT=4561;
--
-- 使用表AUTO_INCREMENT `jdi_addons`
--
ALTER TABLE `jdi_addons`
  MODIFY `id` int(10) UNSIGNED NOT NULL AUTO_INCREMENT COMMENT '主键', AUTO_INCREMENT=42;
--
-- 使用表AUTO_INCREMENT `jdi_app_client`
--
ALTER TABLE `jdi_app_client`
  MODIFY `id` int(10) UNSIGNED NOT NULL AUTO_INCREMENT COMMENT '主键', AUTO_INCREMENT=12;
--
-- 使用表AUTO_INCREMENT `jdi_app_notice`
--
ALTER TABLE `jdi_app_notice`
  MODIFY `id` int(10) UNSIGNED NOT NULL AUTO_INCREMENT COMMENT '主键';
--
-- 使用表AUTO_INCREMENT `jdi_article_picture`
--
ALTER TABLE `jdi_article_picture`
  MODIFY `id` int(10) UNSIGNED NOT NULL AUTO_INCREMENT COMMENT '主键';
--
-- 使用表AUTO_INCREMENT `jdi_attribute`
--
ALTER TABLE `jdi_attribute`
  MODIFY `id` int(10) UNSIGNED NOT NULL AUTO_INCREMENT, AUTO_INCREMENT=402775;
--
-- 使用表AUTO_INCREMENT `jdi_auth_group`
--
ALTER TABLE `jdi_auth_group`
  MODIFY `id` mediumint(8) UNSIGNED NOT NULL AUTO_INCREMENT COMMENT '用户组id,自增主键', AUTO_INCREMENT=21;
--
-- 使用表AUTO_INCREMENT `jdi_auth_rule`
--
ALTER TABLE `jdi_auth_rule`
  MODIFY `id` mediumint(8) UNSIGNED NOT NULL AUTO_INCREMENT COMMENT '规则id,自增主键', AUTO_INCREMENT=408;
--
-- 使用表AUTO_INCREMENT `jdi_base_article`
--
ALTER TABLE `jdi_base_article`
  MODIFY `id` int(10) UNSIGNED NOT NULL AUTO_INCREMENT COMMENT '主键';
--
-- 使用表AUTO_INCREMENT `jdi_config`
--
ALTER TABLE `jdi_config`
  MODIFY `id` int(10) UNSIGNED NOT NULL AUTO_INCREMENT COMMENT '配置ID', AUTO_INCREMENT=88;
--
-- 使用表AUTO_INCREMENT `jdi_depot`
--
ALTER TABLE `jdi_depot`
  MODIFY `id` int(10) UNSIGNED NOT NULL AUTO_INCREMENT COMMENT '仓库ID';
--
-- 使用表AUTO_INCREMENT `jdi_file`
--
ALTER TABLE `jdi_file`
  MODIFY `id` int(10) UNSIGNED NOT NULL AUTO_INCREMENT COMMENT '文件ID', AUTO_INCREMENT=83;
--
-- 使用表AUTO_INCREMENT `jdi_hooks`
--
ALTER TABLE `jdi_hooks`
  MODIFY `id` int(10) UNSIGNED NOT NULL AUTO_INCREMENT COMMENT '主键', AUTO_INCREMENT=18;
--
-- 使用表AUTO_INCREMENT `jdi_iplistener`
--
ALTER TABLE `jdi_iplistener`
  MODIFY `id` int(11) NOT NULL AUTO_INCREMENT;
--
-- 使用表AUTO_INCREMENT `jdi_member`
--
ALTER TABLE `jdi_member`
  MODIFY `id` int(10) UNSIGNED NOT NULL AUTO_INCREMENT COMMENT '用户ID', AUTO_INCREMENT=27796;
--
-- 使用表AUTO_INCREMENT `jdi_menu`
--
ALTER TABLE `jdi_menu`
  MODIFY `id` int(10) UNSIGNED NOT NULL AUTO_INCREMENT COMMENT '文档ID', AUTO_INCREMENT=330;
--
-- 使用表AUTO_INCREMENT `jdi_model`
--
ALTER TABLE `jdi_model`
  MODIFY `id` int(10) UNSIGNED NOT NULL AUTO_INCREMENT COMMENT '模型ID', AUTO_INCREMENT=63;
--
-- 使用表AUTO_INCREMENT `jdi_module`
--
ALTER TABLE `jdi_module`
  MODIFY `id` int(10) UNSIGNED NOT NULL AUTO_INCREMENT COMMENT '主键', AUTO_INCREMENT=13;
--
-- 使用表AUTO_INCREMENT `jdi_picture`
--
ALTER TABLE `jdi_picture`
  MODIFY `id` int(10) UNSIGNED NOT NULL AUTO_INCREMENT COMMENT '主键id自增', AUTO_INCREMENT=2365;
--
-- 使用表AUTO_INCREMENT `jdi_verify`
--
ALTER TABLE `jdi_verify`
  MODIFY `id` int(11) NOT NULL AUTO_INCREMENT;
/*!40101 SET CHARACTER_SET_CLIENT=@OLD_CHARACTER_SET_CLIENT */;
/*!40101 SET CHARACTER_SET_RESULTS=@OLD_CHARACTER_SET_RESULTS */;
/*!40101 SET COLLATION_CONNECTION=@OLD_COLLATION_CONNECTION */;
